dataset,platform,split,label,text,context,n_context_turns,text_clean,context_clean,n_chars,n_words,n_sentences,avg_word_len,n_exclam,n_question,n_ellipsis,n_repeat_punct,n_allcaps_words,allcaps_ratio,n_emoji,n_elongation,n_scare_quotes,n_urls,n_mentions,n_hashtags,n_interjections,starts_with_interjection,context_n_words,has_context,en_score,is_english,lang_method
figlang_twitter,twitter,train,1,@USER @USER @USER I don't get this .. obviously you do care or you would've moved right along .. instead you decided to care and troll her ..,"A minor child deserves privacy and should be kept out of politics . Pamela Karlan , you should be ashamed of your very angry and obviously biased public pandering , and using a child to do it . || @USER If your child isn't named Barron ... #BeBest Melania couldn't care less . Fact . 💯",2,<USER> <USER> <USER> I don't get this .. obviously you do care or you would've moved right along .. instead you decided to care and troll her ..,"A minor child deserves privacy and should be kept out of politics . Pamela Karlan , you should be ashamed of your very angry and obviously biased public pandering , and using a child to do it . || <USER> If your child isn't named Barron ... BeBest Melania couldn't care less . Fact . 💯",150,25,3,4.2,0,0,3,3,3,0.12,0,0,0,0,0,0,2,False,47,True,1.0,True,heuristic-high
figlang_twitter,twitter,train,1,@USER @USER trying to protest about . Talking about him and his labels and they label themselves WTF does that make em ?,@USER @USER Why is he a loser ? He's just a Press Secretary || @USER @USER having to make up excuses of why your crowd was small .,2,<USER> <USER> trying to protest about . Talking about him and his labels and they label themselves WTF does that make em ?,<USER> <USER> Why is he a loser ? He's just a Press Secretary || <USER> <USER> having to make up excuses of why your crowd was small .,126,21,2,4.476190476190476,0,1,0,0,3,0.14285714285714285,0,0,0,0,0,0,0,False,25,True,1.0,True,heuristic-high
figlang_twitter,twitter,train,1,"@USER @USER @USER He makes an insane about of money from the MOVIES , Einstein ! #LearnHowTheSystemWorks","Donald J . Trump is guilty as charged . The evidence is clear . If your Senator votes to acquit , remember him / her at the ballot box . || @USER I ’ ll remember to not support you at the box office .",2,"<USER> <USER> <USER> He makes an insane about of money from the MOVIES , Einstein ! LearnHowTheSystemWorks","Donald J . Trump is guilty as charged . The evidence is clear . If your Senator votes to acquit , remember him / her at the ballot box . || <USER> I ' ll remember to not support you at the box office .",114,15,1,5.466666666666667,1,0,0,0,4,0.26666666666666666,0,0,0,0,0,0,0,False,37,True,1.0,True,heuristic-high
figlang_twitter,twitter,train,1,@USER @USER Meanwhile Trump won't even release his SAT scores and his Wharton professors said he was the dumbest student they've ever taught,"Jamie Raskin tanked Doug Collins . Collins looks stupid . <URL> || @USER But not half as stupid as Schiff looks . People's looks are what nature creates . Abilities of people are what they create for themselves . Just for looks , Lincoln was not tops but with his education and understanding made him great .",2,<USER> <USER> Meanwhile Trump won't even release his SAT scores and his Wharton professors said he was the dumbest student they've ever taught,"Jamie Raskin tanked Doug Collins . Collins looks stupid . <URL> || <USER> But not half as stupid as Schiff looks . People's looks are what nature creates . Abilities of people are what they create for themselves . Just for looks , Lincoln was not tops but with his education and understanding made him great .",146,23,1,5.043478260869565,0,0,0,0,3,0.13043478260869565,0,0,0,0,0,0,0,False,49,True,0.916304347826087,True,heuristic-high
figlang_twitter,twitter,train,1,"@USER @USER Pretty Sure the Anti-Lincoln Crowd Claimed That "" Democracy Was on the Ballot "" in 1860 , too . They Thought Lincoln Was "" Authoritarian "" . #GOP #PartyOfLincoln #Democrats","Man ... y ’ all gone “ both sides ” the apocalypse one day . <URL> || @USER They already did . Obama said many times during the 2016 campaign that democracy was on the ballot . Then . Hillary warned you , so did every single expert in authoritarianism . The media , like millions of Americans , refused to believe them .",2,"<USER> <USER> Pretty Sure the Anti-Lincoln Crowd Claimed That "" Democracy Was on the Ballot "" in 1860 , too . They Thought Lincoln Was "" Authoritarian "" . GOP PartyOfLincoln Democrats","Man ... y ' all gone "" both sides "" the apocalypse one day . <URL> || <USER> They already did . Obama said many times during the 2016 campaign that democracy was on the ballot . Then . Hillary warned you , so did every single expert in authoritarianism . The media , like millions of Americans , refused to believe them .",193,25,2,5.44,0,0,0,0,3,0.12,0,0,2,0,0,0,1,False,50,True,0.965,True,heuristic-high
figlang_twitter,twitter,train,1,@USER @USER @USER -> per your tag line : never judge a book by its cover,"Donald Trump tapped into voters ’ populist shift , overcoming troubled campaign <URL> 🔓 || @USER because these privileged white boys are so oppressed",2,<USER> <USER> <USER> -> per your tag line : never judge a book by its cover,"Donald Trump tapped into voters ' populist shift , overcoming troubled campaign <URL> 🔓 || <USER> because these privileged white boys are so oppressed",81,14,1,3.642857142857143,0,0,0,0,3,0.21428571428571427,0,0,0,0,0,0,0,False,21,True,0.9625,True,heuristic-high
figlang_twitter,twitter,train,1,@USER @USER he does ! It excites him then he kill millions,@USER @USER Coo-Coo . Keep on supporting female genocide . In the name of female rights . Idiot . || @USER @USER do you masturbate to these videos ? Why do you watch them ?,2,<USER> <USER> he does ! It excites him then he kill millions,<USER> <USER> Coo-Coo . Keep on supporting female genocide . In the name of female rights . Idiot . || <USER> <USER> do you masturbate to these videos ? Why do you watch them ?,64,11,1,4.0,1,0,0,0,2,0.18181818181818182,0,0,0,0,0,0,0,False,29,True,1.0,True,heuristic-high
figlang_twitter,twitter,train,1,"Oh look , it's the #racist @USER offering solidarity to the gullible #idiot @USER for whining about racists","Hi , I'm Dennis , I'll be looking after lily's twitter for a while . I can only communicate in gif form , and I'm going on a hate blocking spree . || @USER Dennis please pass on my love and solidarity",2,"Oh look , it's the racist <USER> offering solidarity to the gullible idiot <USER> for whining about racists","Hi , I'm Dennis , I'll be looking after lily's twitter for a while . I can only communicate in gif form , and I'm going on a hate blocking spree . || <USER> Dennis please pass on my love and solidarity",115,17,1,5.0,0,0,0,0,2,0.11764705882352941,0,0,0,0,0,0,1,True,36,True,0.9588235294117647,True,heuristic-high
figlang_twitter,twitter,train,1,@USER @USER @USER As they are the biggest bullies of all !,Tips for children and young people from @USER this #antibullyingweek #Powerofgood <URL> || @USER @USER @USER Please forward on to the Social Services as soon as possible !,2,<USER> <USER> <USER> As they are the biggest bullies of all !,Tips for children and young people from <USER> this antibullyingweek Powerofgood <URL> || <USER> <USER> <USER> Please forward on to the Social Services as soon as possible !,67,11,1,3.909090909090909,1,0,0,0,3,0.2727272727272727,0,0,0,0,0,0,0,False,26,True,1.0,True,heuristic-high
figlang_twitter,twitter,train,1,"@USER @USER @USER responds to facts by tossing out frantic insults , then accuses others of being "" triggered by facts "" 🤣 😂 🤣","The response of Sanders ' team to his quote favoring regime change in Iraq in 1998 is to point to the rest of his remarks , which show that he was upset about civilian deaths and then voted to AFFIRM the regime change policy ANYWAY the same day . || @USER Careful , Bernie ’ s supporters get triggered by facts . Frantic insults from them incoming ...",2,"<USER> <USER> <USER> responds to facts by tossing out frantic insults , then accuses others of being "" triggered by facts "" 🤣 😂 🤣","The response of Sanders ' team to his quote favoring regime change in Iraq in 1998 is to point to the rest of his remarks , which show that he was upset about civilian deaths and then voted to AFFIRM the regime change policy ANYWAY the same day . || <USER> Careful , Bernie ' s supporters get triggered by facts . Frantic insults from them incoming ...",135,19,1,4.894736842105263,0,0,0,0,3,0.15789473684210525,3,0,1,0,0,0,0,False,61,True,0.9263157894736842,True,heuristic-high
figlang_twitter,twitter,train,1,@USER yes there's that but the only one who knows how is sick,"@USER if you had a fever would the pancakes be bigger ? maybe even giant size ? ( just asking for a friend with a fever ) || @USER she will be so happy to hear it , tho will probably wait until the ability to taste food returns .",2,<USER> yes there's that but the only one who knows how is sick,"<USER> if you had a fever would the pancakes be bigger ? maybe even giant size ? ( just asking for a friend with a fever ) || <USER> she will be so happy to hear it , tho will probably wait until the ability to taste food returns .",64,13,1,3.6923076923076925,0,0,0,0,1,0.07692307692307693,0,0,0,0,0,0,0,False,43,True,1.0,True,heuristic-high
figlang_twitter,twitter,train,1,"@USER @USER @USER Much like Trump , Sen Cruz Tragically born without an bone . _",". @USER : "" Democrats have become radicalized by this last election . "" They've concluded Clinton was too moderate and they need more Bernies . || . @USER predicts Dems will now become "" obstructionists at a level we've never seen . "" They'll "" filibuster absolutely everything they can . """,2,"<USER> <USER> <USER> Much like Trump , Sen Cruz Tragically born without an bone . _",". <USER> : "" Democrats have become radicalized by this last election . "" They've concluded Clinton was too moderate and they need more Bernies . || . <USER> predicts Dems will now become "" obstructionists at a level we've never seen . "" They'll "" filibuster absolutely everything they can . """,89,13,1,4.538461538461538,0,0,0,0,3,0.23076923076923078,0,0,0,0,0,0,0,False,39,True,0.7846153846153846,True,heuristic-high
figlang_twitter,twitter,train,1,"@USER @USER Hey , but what do they have to lose ? Asking for some black friends .","Matt here . Rarely comment on the president , but having someone who is not Jewish tell Jews what they should or shouldn ’ t think is beyond the pale and it should not go unchallenged . <URL> || @USER It seems there is a long history of non-Jews telling Jews what to think .",2,"<USER> <USER> Hey , but what do they have to lose ? Asking for some black friends .","Matt here . Rarely comment on the president , but having someone who is not Jewish tell Jews what they should or shouldn ' t think is beyond the pale and it should not go unchallenged . <URL> || <USER> It seems there is a long history of non-Jews telling Jews what to think .",87,15,2,3.933333333333333,0,1,0,0,2,0.13333333333333333,0,0,0,0,0,0,0,False,51,True,1.0,True,heuristic-high
figlang_twitter,twitter,train,1,"@USER @USER I love how the Stupid Party frequently accuses liberals of being "" tards "" .",@USER He is old and out of shape ... God willing ... who knows ... || @USER As long as he keeps rubbing #Libtards and #snowflakes the wrong way #MissionAccomplished,2,"<USER> <USER> I love how the Stupid Party frequently accuses liberals of being "" tards "" .",<USER> He is old and out of shape ... God willing ... who knows ... || <USER> As long as he keeps rubbing Libtards and snowflakes the wrong way MissionAccomplished,94,14,1,4.785714285714286,0,0,0,0,2,0.14285714285714285,0,0,1,0,0,0,0,False,26,True,0.8999999999999999,True,heuristic-high
figlang_twitter,twitter,train,1,@USER we've been laughing about that when his friends didn't want gov jobs . Being a billionaire is way more fun than President .,"Some advice for my liberal friends . We'll get through this . #Trump #legal #weed <URL> || @USER haha ! Right about now Trump is thinking , "" what the hell was I thinking . "" #ThanklessJob #BeCarefulWhatYouWishFor",2,<USER> we've been laughing about that when his friends didn't want gov jobs . Being a billionaire is way more fun than President .,"Some advice for my liberal friends . We'll get through this . Trump legal weed <URL> || <USER> haha ! Right about now Trump is thinking , "" what the hell was I thinking . "" ThanklessJob BeCarefulWhatYouWishFor",132,22,2,4.681818181818182,0,0,0,0,1,0.045454545454545456,0,0,0,0,0,0,0,False,30,True,1.0,True,heuristic-high
figlang_twitter,twitter,train,1,"$ FNMA sweep accounting is antiGAAP . Divs in excess of stated rate , accounted for as operating expense ? Its accounted for as stolen $","For the dipshits who think a line is capital . This is $ FNMA balance sheet . It shows equity in and neg equity out … <URL> || The rest of the $ FNMA Equation ; repayments of "" line "" are a P & L expense pushing NI neg and rolling to accum deficit … <URL>",2,"$ FNMA sweep accounting is antiGAAP . Divs in excess of stated rate , accounted for as operating expense ? Its accounted for as stolen $","For the dipshits who think a line is capital . This is $ FNMA balance sheet . It shows equity in and neg equity out ... <URL> || The rest of the $ FNMA Equation ; repayments of "" line "" are a P & L expense pushing NI neg and rolling to accum deficit ... <URL>",136,21,2,5.0476190476190474,0,1,0,0,1,0.047619047619047616,0,0,0,0,0,0,0,False,46,True,0.9833333333333334,True,heuristic-high
figlang_twitter,twitter,train,1,@USER @USER I remember a few months back we were saying the Americans shouldn't tell us how to vote on brexit,This feels apt this morning but I don't feel fine ... <URL> || @USER it is what's going round in the heads of many I know ...,2,<USER> <USER> I remember a few months back we were saying the Americans shouldn't tell us how to vote on brexit,This feels apt this morning but I don't feel fine ... <URL> || <USER> it is what's going round in the heads of many I know ...,115,21,1,4.142857142857143,0,0,0,0,2,0.09523809523809523,0,0,0,0,0,0,0,False,24,True,1.0,True,heuristic-high
figlang_twitter,twitter,train,1,"@USER Last time I checked , there ’ s no Y in “ Science Fiction ”","Every #NewYearsEve2020 I watch the #TwilightZoneMarathon & it still bothers me that the SciFi channel became SyFy . Y ? My 2021 #NewYearsResolution is to get over this . || @USER This will help : the name change is so that it's easier to search for . "" Sci-Fi "" is generic . "" Syfy "" is specific .",2,"<USER> Last time I checked , there ' s no Y in "" Science Fiction ""","Every NewYearsEve2020 I watch the TwilightZoneMarathon & it still bothers me that the SciFi channel became SyFy . Y ? My 2021 NewYearsResolution is to get over this . || <USER> This will help : the name change is so that it's easier to search for . "" Sci-Fi "" is generic . "" Syfy "" is specific .",68,13,1,3.5384615384615383,0,0,0,0,1,0.07692307692307693,0,0,1,0,0,0,0,False,46,True,0.9865384615384616,True,heuristic-high
figlang_twitter,twitter,train,1,@USER @USER @USER I mean if I was a Muslim American I'd feel perfectly safe under a Trump presidency .,"@USER @USER @USER Also , he lost the popular vote so don't get too excited GB || @USER @USER @USER i see his popularity rising over next 4 yrs as he gets things done for every citizen",2,<USER> <USER> <USER> I mean if I was a Muslim American I'd feel perfectly safe under a Trump presidency .,"<USER> <USER> <USER> Also , he lost the popular vote so don't get too excited GB || <USER> <USER> <USER> i see his popularity rising over next 4 yrs as he gets things done for every citizen",111,19,1,4.157894736842105,0,0,0,0,3,0.15789473684210525,0,0,0,0,0,0,0,False,34,True,0.9263157894736842,True,heuristic-high
figlang_twitter,twitter,train,1,"@USER @USER Welp , look at what was taken at Game 5 earlier in the series ... #OwnIt #OhhhTheBurn <URL>","Coming off an undefeated three-game road trip , the Warriors return home to take on the Thunder on Thursday » … <URL> || @USER Why did you guys have to go and Curse Cleveland #WorldSeries",2,"<USER> <USER> Welp , look at what was taken at Game 5 earlier in the series ... OwnIt OhhhTheBurn <URL>","Coming off an undefeated three-game road trip , the Warriors return home to take on the Thunder on Thursday » ... <URL> || <USER> Why did you guys have to go and Curse Cleveland WorldSeries",111,17,1,4.294117647058823,0,0,1,1,3,0.17647058823529413,0,1,0,0,0,0,0,False,32,True,1.0,True,heuristic-high
figlang_twitter,twitter,train,1,"@USER now jang / Geo didn't find anything new & Qayyum Siddiqi reporting : SC can't take up tht case , technical grounds etc","Those Blaming Jang / Dawn for not carrying the BBC story doesn't even know that there is nothing new in that story . || @USER @USER top of th ladder were ppl lik Kamran K hosting , u in th news room & Qayyum Siddiqi frm court room 2/3",2,"<USER> now jang / Geo didn't find anything new & Qayyum Siddiqi reporting : SC can't take up tht case , technical grounds etc","Those Blaming Jang / Dawn for not carrying the BBC story doesn't even know that there is nothing new in that story . || <USER> <USER> top of th ladder were ppl lik Kamran K hosting , u in th news room & Qayyum Siddiqi frm court room 2/3",127,20,1,4.8,0,0,0,0,2,0.1,0,0,0,0,0,0,0,False,43,True,0.825,True,heuristic-high
figlang_twitter,twitter,train,1,@USER Nice to see our PM outright lying to the President,"Really uncomfortable moment in Trump-Trudeau meeting as POTUS pressed PMJT for Canada's defending spending figure . Trudeau gave him the cent increase , not GDP . <URL> || Trump persisted , Trudeau asked CDS Vance who gave the true figure , 1.31 per cent of GDP , which Trudeau rounded up to 1.4 .",2,<USER> Nice to see our PM outright lying to the President,"Really uncomfortable moment in Trump-Trudeau meeting as POTUS pressed PMJT for Canada's defending spending figure . Trudeau gave him the cent increase , not GDP . <URL> || Trump persisted , Trudeau asked CDS Vance who gave the true figure , 1.31 per cent of GDP , which Trudeau rounded up to 1.4 .",59,11,1,4.090909090909091,0,0,0,0,2,0.18181818181818182,0,0,0,0,0,0,1,False,45,True,1.0,True,heuristic-high
figlang_twitter,twitter,train,1,"@USER @USER Hopefylly you qualify , proceed , then get collection of any fake glasses you want . but #Winning","In about an hour , I am going to be getting an exam to see if Lasik will work for me . Kinda excited ! || @USER Not the coke-bottle-bottom kind I have to wear , they aren't",2,"<USER> <USER> Hopefylly you qualify , proceed , then get collection of any fake glasses you want . but Winning","In about an hour , I am going to be getting an exam to see if Lasik will work for me . Kinda excited ! || <USER> Not the coke-bottle-bottom kind I have to wear , they aren't",116,17,1,4.9411764705882355,0,0,0,0,2,0.11764705882352941,0,0,0,0,0,0,0,False,35,True,1.0,True,heuristic-high
figlang_twitter,twitter,train,1,@USER @USER @USER The craziest thing about his tweet is he is calling SOMEONE ELSE OUT for being racist .,@USER @USER oh look - an anonymous white dude who is mad a brown guy won't dance for him . || @USER @USER @USER Hey ! This is a mind reading act in progress . Let the man mind-read . Intersectional Magic,2,<USER> <USER> <USER> The craziest thing about his tweet is he is calling SOMEONE ELSE OUT for being racist .,<USER> <USER> oh look - an anonymous white dude who is mad a brown guy won't dance for him . || <USER> <USER> <USER> Hey ! This is a mind reading act in progress . Let the man mind-read . Intersectional Magic,114,19,1,4.315789473684211,0,0,0,0,6,0.3157894736842105,0,0,0,0,0,0,0,False,37,True,1.0,True,heuristic-high
figlang_twitter,twitter,train,1,"@USER @USER To answer your rather stupid question , no I do not enjoy harassing women at all _ <URL>",Help us map street harassment around the world with the #100Women #MappingHarassment project Find out how : … <URL> || @USER Can't you just report the news like you are paid to do instead of pushing crappy feminist agendas . #justathought,2,"<USER> <USER> To answer your rather stupid question , no I do not enjoy harassing women at all _ <URL>",Help us map street harassment around the world with the 100Women MappingHarassment project Find out how : ... <URL> || <USER> Can't you just report the news like you are paid to do instead of pushing crappy feminist agendas . justathought,106,18,1,4.166666666666667,0,0,0,0,3,0.16666666666666666,0,0,0,0,0,0,0,False,37,True,1.0,True,heuristic-high
figlang_twitter,twitter,train,1,@USER @USER Sounds good to me . I mean that's the same standard they you when shooting black kids in America why so why not use if when assassinating foreign leaders ?,"Defense Sec Esper makes clear this a . m . there was specific intel about an attack on the embassy in Baghdad , but not necessarily three others . "" The president never said there was specific intelligence to 4 different embassies , "" Esper says . It was a belief , "" and I believed it too . "" || @USER I also believe it might snow in January in NY . But there is nothing specific . Trump wanted to start a war to deflect from impeachment and his other crimes coming to light . Wake up . #TrumpsWarOfMassDistraction",2,<USER> <USER> Sounds good to me . I mean that's the same standard they you when shooting black kids in America why so why not use if when assassinating foreign leaders ?,"Defense Sec Esper makes clear this a . m . there was specific intel about an attack on the embassy in Baghdad , but not necessarily three others . "" The president never said there was specific intelligence to 4 different embassies , "" Esper says . It was a belief , "" and I believed it too . "" || <USER> I also believe it might snow in January in NY . But there is nothing specific . Trump wanted to start a war to deflect from impeachment and his other crimes coming to light . Wake up . TrumpsWarOfMassDistraction",173,30,2,4.4,0,1,0,0,2,0.06666666666666667,0,0,0,0,0,0,0,False,83,True,1.0,True,heuristic-high
figlang_twitter,twitter,train,1,@USER @USER @USER Not enough . Dnt blame me blame electoral college . Libs going to cry that it's rigged ? Tables have turned .,"Trump protest organizer : "" Right now the protests are about solidarity "" <URL> || @USER @USER Bunch of 3 - yr olds throwing a temper tantrum . If Killary had this many at the polls the outcome may have been different .",2,<USER> <USER> <USER> Not enough . Dnt blame me blame electoral college . Libs going to cry that it's rigged ? Tables have turned .,"Trump protest organizer : "" Right now the protests are about solidarity "" <URL> || <USER> <USER> Bunch of 3 - yr olds throwing a temper tantrum . If Killary had this many at the polls the outcome may have been different .",136,21,4,4.571428571428571,0,1,0,0,3,0.14285714285714285,0,0,0,0,0,0,0,False,35,True,0.8583333333333334,True,heuristic-high
figlang_twitter,twitter,train,1,"@USER @USER @USER please , do read your own damn comment . Lmao .",My latest @USER - Obama's weakness invited the Russians to meddle in US elections ( but Dems will never admit it ) . <URL> || @USER @USER @USER why would Putin want the strong Trump over the weak Hillary ? Makes zero sense .,2,"<USER> <USER> <USER> please , do read your own damn comment . Lmao .",My latest <USER> - Obama's weakness invited the Russians to meddle in US elections ( but Dems will never admit it ) . <URL> || <USER> <USER> <USER> why would Putin want the strong Trump over the weak Hillary ? Makes zero sense .,74,11,2,4.181818181818182,0,0,0,0,3,0.2727272727272727,0,0,0,0,0,0,0,False,37,True,0.8090909090909091,True,heuristic-high
figlang_twitter,twitter,train,1,@USER @USER Your President spends most of the day bashing people .,"Ready to watch #Oscars2017 , or as it's known in some circles , The Donald Trump Piñata Party . Whack that piñata hard , Hollywood . Real hard . || @USER Is this how you spend ur day . Bashing our president . Grow up",2,<USER> <USER> Your President spends most of the day bashing people .,"Ready to watch Oscars2017 , or as it's known in some circles , The Donald Trump Piñata Party . Whack that piñata hard , Hollywood . Real hard . || <USER> Is this how you spend ur day . Bashing our president . Grow up",72,11,1,4.7272727272727275,0,0,0,0,2,0.18181818181818182,0,0,0,0,0,0,0,False,38,True,1.0,True,heuristic-high
figlang_twitter,twitter,train,1,@USER @USER But in the end there will finally be peace in the Middle East ! / s #wartoendallwars,"My big dumb not-a-foreign-policy person question : if the US killed Soleimani , isn't that a massive act of war ? I feel like if the Revolutionary Guards killed Petraeus in 2007 , we would've been bombing Tehran within hours . || @USER It ’ ll be a free-for-all . Israel , America , the Saudis , the Emiratis , Iran , Turkey , Syria , Hezbollah , and Russia are all running around the region , guns out and no trigger discipline .",2,<USER> <USER> But in the end there will finally be peace in the Middle East ! wartoendallwars,"My big dumb not-a-foreign-policy person question : if the US killed Soleimani , isn't that a massive act of war ? I feel like if the Revolutionary Guards killed Petraeus in 2007 , we would've been bombing Tehran within hours . || <USER> It ' ll be a free-for-all . Israel , America , the Saudis , the Emiratis , Iran , Turkey , Syria , Hezbollah , and Russia are all running around the region , guns out and no trigger discipline .",101,16,1,4.5,1,0,0,0,2,0.125,0,0,0,0,0,0,0,False,71,True,1.0,True,heuristic-high
figlang_twitter,twitter,train,1,"@USER Ofc he is'nt the mayor of Islam doesn  t mean ignore his own , Don't see any status on EID , Ramadan , Muharram @USER","London mayor Sadiq Khan wearing Jewish cap Yamaka with Chicago Mayor , earlier Safiq asked Imran , why he was support … <URL> || @USER He is the mayor of London , not the mayor of Islam ! His role means he must be open in his approach to religions / cultures !",2,"<USER> Ofc he is'nt the mayor of Islam doesn t mean ignore his own , Don't see any status on EID , Ramadan , Muharram <USER>","London mayor Sadiq Khan wearing Jewish cap Yamaka with Chicago Mayor , earlier Safiq asked Imran , why he was support ... <URL> || <USER> He is the mayor of London , not the mayor of Islam ! His role means he must be open in his approach to religions / cultures !",129,23,1,4.0,0,0,0,0,3,0.13043478260869565,0,0,0,0,0,0,0,False,45,True,0.916304347826087,True,heuristic-high
figlang_twitter,twitter,train,1,"@USER alert : Yeah , but doesnt count cuz great PR & #MSM didn't report , right ? @USER #DNCLeaks @USER","We older Americans must pass on 2 young adults our wisdom of true nature of our govt so they can fight it B4 hobbled by debt & responsibility || @USER Wel , 2 b fair dis admin haz bin d worst exampl o stealin from d ppl in my memry",2,"<USER> alert : Yeah , but doesnt count cuz great PR & MSM didn't report , right ? <USER> DNCLeaks <USER>","We older Americans must pass on 2 young adults our wisdom of true nature of our govt so they can fight it B4 hobbled by debt & responsibility || <USER> Wel , 2 b fair dis admin haz bin d worst exampl o stealin from d ppl in my memry",114,16,1,4.5625,0,1,0,0,5,0.3125,0,0,0,0,0,0,3,False,45,True,0.7046875,True,langdetect
figlang_twitter,twitter,train,1,@USER Naw . I was just an attendee . Invited because it was fundraiser . Because I had money .,"I won a gold plated putter in a corporate putting contest . Organizer was livid a woman won . Tried to talk me out of taking it . || He said it was unfair that a "" non-golfer "" was getting it . And that it was a man's prize . Offered to but me "" a mixer or something "" .",2,<USER> Naw . I was just an attendee . Invited because it was fundraiser . Because I had money .,"I won a gold plated putter in a corporate putting contest . Organizer was livid a woman won . Tried to talk me out of taking it . || He said it was unfair that a "" non-golfer "" was getting it . And that it was a man's prize . Offered to but me "" a mixer or something "" .",97,16,4,4.375,0,0,0,0,1,0.0625,0,0,0,0,0,0,0,False,52,True,1.0,True,heuristic-high
figlang_twitter,twitter,train,1,@USER broken system . Can't do much about it . Sucks that we pay taxes for this . Cant even refuse because then we'll go to jail .,"If you're a cop & this offends you , your problem isn't with me , it's with your co-workers . Straighten them out . <URL> || The courts won't . Your "" leaders "" don't . We ( the people ) can't . So , "" good cops "" wherever you are , it's your move . Straighten your people out .",2,<USER> broken system . Can't do much about it . Sucks that we pay taxes for this . Cant even refuse because then we'll go to jail .,"If you're a cop & this offends you , your problem isn't with me , it's with your co-workers . Straighten them out . <URL> || The courts won't . Your "" leaders "" don't . We ( the people ) can't . So , "" good cops "" wherever you are , it's your move . Straighten your people out .",133,24,4,4.083333333333333,0,0,0,0,1,0.041666666666666664,0,0,0,0,0,0,0,False,44,True,1.0,True,heuristic-high
figlang_twitter,twitter,train,1,@USER Thank goodness ... Power was back on after 16 hours . 😱 😱 😠 Could have been only in 2020 🤣 🤣,"Will @USER or @USER or WHOEVER ... please make up your minds if you still implementing #loadshedding . You guys will not compensate citizens for damage to perishable food , so let us know , so we can plan . #thisismadness || @USER @USER @USER And my area in Pretoria , , now 8 hours no electricity 😡 😡 😡",2,<USER> Thank goodness ... Power was back on after 16 hours . 😱 😱 😠 Could have been only in 2020 🤣 🤣,"Will <USER> or <USER> or WHOEVER ... please make up your minds if you still implementing loadshedding . You guys will not compensate citizens for damage to perishable food , so let us know , so we can plan . thisismadness || <USER> <USER> <USER> And my area in Pretoria , , now 8 hours no electricity 😡 😡 😡",101,14,2,4.285714285714286,0,0,1,1,1,0.07142857142857142,5,0,0,0,0,0,0,False,48,True,1.0,True,heuristic-high
figlang_twitter,twitter,train,1,@USER @USER @USER Hysterical that they used Williams as a source 4 this story ! #Liar #HillaryLies,"BREAKING : Comey Mandates All FBI Agents Report to D . C . Offices ; Prep for Raids , Possible Arrests in Clinton Probes … <URL> || @USER I've not found confirmation anywhere else . Do you have other sources ? ? ? 🙃",2,<USER> <USER> <USER> Hysterical that they used Williams as a source 4 this story ! Liar HillaryLies,"BREAKING : Comey Mandates All FBI Agents Report to D . C . Offices ; Prep for Raids , Possible Arrests in Clinton Probes ... <URL> || <USER> I've not found confirmation anywhere else . Do you have other sources ? ? ? 🙃",109,15,1,5.0,1,0,0,0,3,0.2,0,0,0,0,0,0,0,False,32,True,0.9416666666666667,True,heuristic-high
figlang_twitter,twitter,train,1,"@USER @USER Yes , like how "" all of my wedding activities have been ruined by assholes . ""","Has anyone else noticed how @USER slinks off for several days around the airing of #pumprules ? I would too , if I were her ! 😬 || @USER @USER yes I've noticed and she never accepts responsibility , she always blames others",2,"<USER> <USER> Yes , like how "" all of my wedding activities have been ruined by assholes . ""","Has anyone else noticed how <USER> slinks off for several days around the airing of pumprules ? I would too , if I were her ! 😬 || <USER> <USER> yes I've noticed and she never accepts responsibility , she always blames others",96,15,1,4.4,0,0,0,0,2,0.13333333333333333,0,0,0,0,0,0,0,False,37,True,1.0,True,heuristic-high
figlang_twitter,twitter,train,1,"@USER @USER "" Not everyone is born with a silver spoon "" yet you defend those brutalizing the protestors who have little ?","Militarized police continues to brutalize indigenous ppl defending sacred land to protect oil companies . If we don ' … <URL> || @USER Same companies that create thousands of jobs . Not everyone is born with a silver spoon like you , Abby .",2,"<USER> <USER> "" Not everyone is born with a silver spoon "" yet you defend those brutalizing the protestors who have little ?","Militarized police continues to brutalize indigenous ppl defending sacred land to protect oil companies . If we don ' ... <URL> || <USER> Same companies that create thousands of jobs . Not everyone is born with a silver spoon like you , Abby .",128,20,1,4.75,0,1,0,0,2,0.1,0,0,0,0,0,0,0,False,38,True,1.0,True,heuristic-high
figlang_twitter,twitter,train,1,"@USER Yeah but that's the Old Testament , we have to unhitch from that ...","Some folks seem to forget that Jesus told his disciples to trade their clothes and buy swords . Why ? To protect themselves . Government persecution is one thing , but this wasn't that . <URL> || @USER Some people also forget that Jesus is the giver of the law at Sinai , where self defense and defense of the helpless was part and parcel of life in Israel .",2,"<USER> Yeah but that's the Old Testament , we have to unhitch from that ...","Some folks seem to forget that Jesus told his disciples to trade their clothes and buy swords . Why ? To protect themselves . Government persecution is one thing , but this wasn't that . <URL> || <USER> Some people also forget that Jesus is the giver of the law at Sinai , where self defense and defense of the helpless was part and parcel of life in Israel .",77,13,1,4.230769230769231,0,0,1,1,1,0.07692307692307693,0,0,0,0,0,0,1,False,62,True,1.0,True,heuristic-high
figlang_twitter,twitter,train,1,@USER some in Billy rays one and only hit .,"#Feminist Amy Schumer was "" just joking "" about moving to Canada if #Trump won . Miley Cyrus says was high on #crack <URL> || @USER Her Daddy must be so proud of the post-adolescent social miscreant she's turned out to be ! Tragic .",2,<USER> some in Billy rays one and only hit .,"Feminist Amy Schumer was "" just joking "" about moving to Canada if Trump won . Miley Cyrus says was high on crack <URL> || <USER> Her Daddy must be so proud of the post-adolescent social miscreant she's turned out to be ! Tragic .",46,9,1,3.5555555555555554,0,0,0,0,1,0.1111111111111111,0,0,0,0,0,0,0,False,40,True,1.0,True,heuristic-high
figlang_twitter,twitter,train,1,@USER @USER Must be CPFC as Nigel Farage supports them,"Which club have the best fans ? Semi-Final 1 of 2 Top club goes to the Final , voting closes at 6pm . RT once voted ! #SoccerAMFanCup || Which club have the best fans ? Semi-Final 2 of 2 Top club goes to the Final , voting closes at 6pm . RT once voted ! #SoccerAMFanCup",2,<USER> <USER> Must be CPFC as Nigel Farage supports them,"Which club have the best fans ? Semi-Final 1 of 2 Top club goes to the Final , voting closes at 6pm . RT once voted ! SoccerAMFanCup || Which club have the best fans ? Semi-Final 2 of 2 Top club goes to the Final , voting closes at 6pm . RT once voted ! SoccerAMFanCup",60,10,1,4.3,0,0,0,0,3,0.3,0,0,0,0,0,0,0,False,46,True,0.9125,True,heuristic-high
figlang_twitter,twitter,train,1,"@USER @USER @USER Her father is an immigrant , from Palestine . Successful CA real estate developer . Muslim .",Supermodel Gigi Hadid has been crowned British Fashion Council ’ s International Model of the Year … <URL> || @USER @USER wow ! Despite her mocking Slovenians and there accents . Are we saying is okay to mock immigrants ? ? ?,2,"<USER> <USER> <USER> Her father is an immigrant , from Palestine . Successful CA real estate developer . Muslim .",Supermodel Gigi Hadid has been crowned British Fashion Council ' s International Model of the Year ... <URL> || <USER> <USER> wow ! Despite her mocking Slovenians and there accents . Are we saying is okay to mock immigrants ? ? ?,119,16,3,5.25,0,0,0,0,4,0.25,0,0,0,0,0,0,0,False,35,True,0.86875,True,heuristic-high
figlang_twitter,twitter,train,1,"@USER @USER @USER Gee give em a break , they ’ ve never had to defend Australia before ! #auspol",Defence Minister @USER tells #Insiders host @USER Defence could have worked quicker to push information out about the deployment to the fire zones #AustraliaBushfires #AustraliaBurning <URL> || @USER @USER @USER This is our defence force . They can ’ t communicate . What does that tell you about the readiness of our force . The minister should at least be embarrassed by this stuff up . How does the chain of command work if even the representative in the RFS wasn ’ t told .,2,"<USER> <USER> <USER> Gee give em a break , they ' ve never had to defend Australia before ! auspol",Defence Minister <USER> tells Insiders host <USER> Defence could have worked quicker to push information out about the deployment to the fire zones AustraliaBushfires AustraliaBurning <URL> || <USER> <USER> <USER> This is our defence force . They can ' t communicate . What does that tell you about the readiness of our force . The minister should at least be embarrassed by this stuff up . How does the chain of command work if even the representative in the RFS wasn ' t told .,106,18,1,3.9444444444444446,1,0,0,0,3,0.16666666666666666,0,0,0,0,0,0,1,False,79,True,0.9416666666666667,True,heuristic-high
figlang_twitter,twitter,train,1,"@USER @USER rob decries fascism , then silences all those that dare disagree w / him .","@USER @USER Mr . Neyer I'm a fan . Your better than this . || @USER I already muted him , as he's obviously not interested in productive or civil discussions .",2,"<USER> <USER> rob decries fascism , then silences all those that dare disagree w / him .","<USER> <USER> Mr . Neyer I'm a fan . Your better than this . || <USER> I already muted him , as he's obviously not interested in productive or civil discussions .",92,14,1,4.642857142857143,0,0,0,0,2,0.14285714285714285,0,0,0,0,0,0,0,False,26,True,0.8999999999999999,True,heuristic-high
figlang_twitter,twitter,train,1,@USER @USER @USER Awesome ! ! ! Everybody does it . That ’ s the greatest reason to do something .,This is the greatest video in the history of college football ♨ ️ ( via @USER ) <URL> || @USER @USER Hes gonna have a short career if he keeps smoking . Not good for your health,2,<USER> <USER> <USER> Awesome ! ! ! Everybody does it . That ' s the greatest reason to do something .,This is the greatest video in the history of college football ♨ ️ ( via <USER> ) <URL> || <USER> <USER> Hes gonna have a short career if he keeps smoking . Not good for your health,107,16,5,4.375,3,0,0,0,3,0.1875,0,0,0,0,0,0,0,False,31,True,0.978125,True,heuristic-high
figlang_twitter,twitter,train,1,@USER @USER It tells you everything you need to know about them _,"For crying out loud , he's talking about the world in general . If you listen to his interviews he feels it's just be … <URL> || @USER - It's absolutely mind blowing that they'd follow someone they don't like , so as to post their stupid comments .",2,<USER> <USER> It tells you everything you need to know about them _,"For crying out loud , he's talking about the world in general . If you listen to his interviews he feels it's just be ... <URL> || <USER> - It's absolutely mind blowing that they'd follow someone they don't like , so as to post their stupid comments .",71,12,1,4.166666666666667,0,0,0,0,2,0.16666666666666666,0,0,0,0,0,0,0,False,42,True,1.0,True,heuristic-high
figlang_twitter,twitter,train,1,@USER @USER Or you commenting on a story you seemingly have no interest in ? #JustSayin,Kris Jenner tried to explain what's going on with Kanye and none of it made sense <URL> <URL> || @USER probably makes as much sense as why you're reporting on it,2,<USER> <USER> Or you commenting on a story you seemingly have no interest in ? JustSayin,Kris Jenner tried to explain what's going on with Kanye and none of it made sense <URL> <URL> || <USER> probably makes as much sense as why you're reporting on it,94,15,1,4.533333333333333,0,1,0,0,2,0.13333333333333333,0,0,0,0,0,0,0,False,30,True,1.0,True,heuristic-high
figlang_twitter,twitter,train,1,"@USER @USER @USER Have at it soyboy , I ’ m sure you & your 3 followers are gonna cause some serious havoc <URL>","ATTENTION MY FELLOW AMERICANS ! ! this guy @USER is twitters version of Permit Patty . He brags about banning Trump supporters . Block & Avoid ! @USER @USER <URL> || @USER @USER @USER The first one greybeardtrumpsucker , 36k followers ! I ’ m gonna be bust for weeks , thanks again for notifying me of the true trump terrorists , Soros will say hi 👋 soon",2,"<USER> <USER> <USER> Have at it soyboy , I ' m sure you & your 3 followers are gonna cause some serious havoc <URL>","ATTENTION MY FELLOW AMERICANS ! ! this guy <USER> is twitters version of Permit Patty . He brags about banning Trump supporters . Block & Avoid ! <USER> <USER> <URL> || <USER> <USER> <USER> The first one greybeardtrumpsucker , 36k followers ! I ' m gonna be bust for weeks , thanks again for notifying me of the true trump terrorists , Soros will say hi 👋 soon",121,21,1,3.857142857142857,0,0,0,0,4,0.19047619047619047,0,0,0,0,0,0,1,False,56,True,0.9833333333333334,True,heuristic-high
figlang_twitter,twitter,train,1,@USER @USER Georgie hating on women again I see . Only got her job in news by wearing a short skirt and low cut top,"On the negative side , that Williams earns $ 3m for that win , same as the men , is an embarrassment . || @USER 100 % agree , nothing to do with equal pay at all , women just do not have as many sets ( i . e . Workload ) as men in grand slams",2,<USER> <USER> Georgie hating on women again I see . Only got her job in news by wearing a short skirt and low cut top,"On the negative side , that Williams earns $ 3m for that win , same as the men , is an embarrassment . || <USER> 100 % agree , nothing to do with equal pay at all , women just do not have as many sets ( i . e . Workload ) as men in grand slams",121,24,1,3.6666666666666665,0,0,0,0,2,0.08333333333333333,0,0,0,0,0,0,0,False,44,True,0.978125,True,heuristic-high
figlang_twitter,twitter,train,1,@USER Im sure he'll tell us when its time to sell,"If anybody knows how I can get some "" torque "" on my trades please contact me . Physics degrees preferred . 🙄 || @USER Serepta CEO coming up on CNBC that could get a move on your position",2,<USER> Im sure he'll tell us when its time to sell,"If anybody knows how I can get some "" torque "" on my trades please contact me . Physics degrees preferred . 🙄 || <USER> Serepta CEO coming up on CNBC that could get a move on your position",52,11,1,3.4545454545454546,0,0,0,0,1,0.09090909090909091,0,0,0,0,0,0,1,False,33,True,1.0,True,heuristic-high
figlang_twitter,twitter,train,1,"@USER @USER @USER Wait I'm confused , did President Trump shoot down the jet or did Iran ? 🤔",Trump ’ s “ imminent threat ” is the new “ WMD ” : there ’ s no evidence given for either . || @USER @USER Here ’ s the way it looks : Trump needed to do something dramatic in order to keep loyalty in the senate . He killed this Iranian but as a result 176 innocents died . Trump is the real monster here .,2,"<USER> <USER> <USER> Wait I'm confused , did President Trump shoot down the jet or did Iran ? 🤔","Trump ' s "" imminent threat "" is the new "" WMD "" : there ' s no evidence given for either . || <USER> <USER> Here ' s the way it looks : Trump needed to do something dramatic in order to keep loyalty in the senate . He killed this Iranian but as a result 176 innocents died . Trump is the real monster here .",101,16,1,4.25,0,1,0,0,3,0.1875,1,0,0,0,0,0,0,False,56,True,0.86875,True,heuristic-high
figlang_twitter,twitter,train,1,@USER @USER Oh . How scandalous ! You want people to feel comfortable ! How dare you !,"Incredibly pleased to report that there's someone doing an angry tweet thread about my agency's submissions guidelines , and that this thread concludes with "" America and the West are in serious trouble . "" Have a great Wednesday everyone || @USER @USER I just looked at the submission and guidelines and now I'm confused . They're like ... Standard ?",2,<USER> <USER> Oh . How scandalous ! You want people to feel comfortable ! How dare you !,"Incredibly pleased to report that there's someone doing an angry tweet thread about my agency's submissions guidelines , and that this thread concludes with "" America and the West are in serious trouble . "" Have a great Wednesday everyone || <USER> <USER> I just looked at the submission and guidelines and now I'm confused . They're like ... Standard ?",92,14,4,4.5,3,0,0,0,2,0.14285714285714285,0,0,0,0,0,0,1,False,53,True,1.0,True,heuristic-high
figlang_twitter,twitter,train,1,"@USER But wait , that doesn't make sense to me . I keep being told Kelly throws his players under the bus .","I played on an option team , coached on one & coached against several . With that in mind , I'm incredibly perplexed by BK's comments on Jarron || @USER sounds like a coach who is protecting a player who might not have had much of a desire to play .",2,"<USER> But wait , that doesn't make sense to me . I keep being told Kelly throws his players under the bus .","I played on an option team , coached on one & coached against several . With that in mind , I'm incredibly perplexed by BK's comments on Jarron || <USER> sounds like a coach who is protecting a player who might not have had much of a desire to play .",110,20,2,4.05,0,0,0,0,1,0.05,0,0,0,0,0,0,0,False,45,True,1.0,True,heuristic-high
figlang_twitter,twitter,train,1,"@USER @USER @USER Right . We should definitely be listening to you , Louise . You just know things . <URL>","I ’ ve been telling you all about her for years . I hate to be so right about something . 💅 🏼 <URL> || @USER @USER Of course she is . She's a Republican and not a courageous one , either .",2,"<USER> <USER> <USER> Right . We should definitely be listening to you , Louise . You just know things . <URL>","I ' ve been telling you all about her for years . I hate to be so right about something . 💅 🏼 <URL> || <USER> <USER> Of course she is . She's a Republican and not a courageous one , either .",115,17,3,4.529411764705882,0,0,0,0,4,0.23529411764705882,0,0,0,0,0,0,2,False,35,True,1.0,True,heuristic-high
figlang_twitter,twitter,train,1,@USER @USER haha ! and some cry about triple talaq like they care women ... what an .,"Dear India , we have our own citizens to worry about than the eccentricities of a pak / saudi / canadian citizen . So spare us this burden . || @USER then why you cry for Palestinians , n trump visa ban",2,<USER> <USER> haha ! and some cry about triple talaq like they care women ... what an .,"Dear India , we have our own citizens to worry about than the eccentricities of a pak / saudi / canadian citizen . So spare us this burden . || <USER> then why you cry for Palestinians , n trump visa ban",91,15,3,4.066666666666666,1,0,1,1,2,0.13333333333333333,0,0,0,0,0,0,1,False,35,True,1.0,True,heuristic-high
figlang_twitter,twitter,train,1,"@USER @USER You know you can listen to them on like , technology . Like spotify and you tube . Dont be bitter . Also , I'm 90 % sure they did play Chicago . #imockwithlove",This is my favorite thing that people say about Simple Creatures and it ’ s exactly the reaction we hoped for when we started the band . To be someone ’ s pleasant surprise is the absolute best . 🖤 <URL> || @USER Play a show in Chicago and maybe I can have this reaction ! !,2,"<USER> <USER> You know you can listen to them on like , technology . Like spotify and you tube . Dont be bitter . Also , I'm 90 % sure they did play Chicago . imockwithlove",This is my favorite thing that people say about Simple Creatures and it ' s exactly the reaction we hoped for when we started the band . To be someone ' s pleasant surprise is the absolute best . 🖤 <URL> || <USER> Play a show in Chicago and maybe I can have this reaction ! !,178,28,4,4.428571428571429,0,0,0,0,2,0.07142857142857142,0,0,0,0,0,0,1,False,51,True,1.0,True,heuristic-high
figlang_twitter,twitter,train,1,"@USER @USER > was being exploited , quit , & now fights for UBI .",A tax on robots is an intriguing but misguided solution to worker woes <URL> || @USER @USER I just invented & BUILT a robot that GLADLY files & pays taxes . Unfortunately it's so smart that it realised it >,2,"<USER> <USER> > was being exploited , quit , & now fights for UBI .",A tax on robots is an intriguing but misguided solution to worker woes <URL> || <USER> <USER> I just invented & BUILT a robot that GLADLY files & pays taxes . Unfortunately it's so smart that it realised it >,71,10,1,4.4,0,0,0,0,3,0.3,0,0,0,0,0,0,0,False,35,True,0.9125,True,heuristic-high
figlang_twitter,twitter,train,1,@USER I was invited by the ministry of tourism _  @USER,"@USER sweet ! I always wanted to explore this country ! || @USER You sure ? I was denied entry two years ago for "" security reasons "" . @USER",2,<USER> I was invited by the ministry of tourism _ <USER>,"<USER> sweet ! I always wanted to explore this country ! || <USER> You sure ? I was denied entry two years ago for "" security reasons "" . <USER>",61,10,1,4.1,0,0,0,0,2,0.2,0,0,0,0,0,0,0,False,23,True,1.0,True,heuristic-high
figlang_twitter,twitter,train,1,@USER @USER @USER His job is teaching a course on ethics at William and Mary . No kidding .,@USER Comey is admitting this now because he now knows there is NO consequence to owning what he did . How he can leave his house and even attempt to look people in the face is beyond me . So untrusted and so disloyal . One can only hope this travels with him to every job he applies for || @USER @USER I'm hoping his next job is making little rocks out of big ones !,2,<USER> <USER> <USER> His job is teaching a course on ethics at William and Mary . No kidding .,<USER> Comey is admitting this now because he now knows there is NO consequence to owning what he did . How he can leave his house and even attempt to look people in the face is beyond me . So untrusted and so disloyal . One can only hope this travels with him to every job he applies for || <USER> <USER> I'm hoping his next job is making little rocks out of big ones !,100,17,2,4.0,0,0,0,0,3,0.17647058823529413,0,0,0,0,0,0,0,False,71,True,1.0,True,heuristic-high
figlang_twitter,twitter,train,1,@USER @USER no you don't . They shur down exit ramps for hours simply trying to save time by speeding .,"I've seen final destination enough times to know to stay tf away from that <URL> || @USER @USER I think about that movie when I see logging trucks . Plus , they tend to turn over around here .",2,<USER> <USER> no you don't . They shur down exit ramps for hours simply trying to save time by speeding .,"I've seen final destination enough times to know to stay tf away from that <URL> || <USER> <USER> I think about that movie when I see logging trucks . Plus , they tend to turn over around here .",109,19,2,4.157894736842105,0,0,0,0,2,0.10526315789473684,0,0,0,0,0,0,0,False,35,True,0.9723684210526315,True,heuristic-high
figlang_twitter,twitter,train,1,@USER Every dentist I've ever known has had a major sweet tooth themself ! #StoryDam,"A6 Great ! We had 40 pounds of candy & RAN OUT ! For the last few minutes , I gave out herbal tea bags ! #Halloween #StoryDam || @USER No one complained thank goodness ! Next year , we're getting 45 pounds of candy , though ... #StoryDam",2,<USER> Every dentist I've ever known has had a major sweet tooth themself ! StoryDam,"A6 Great ! We had 40 pounds of candy & RAN OUT ! For the last few minutes , I gave out herbal tea bags ! Halloween StoryDam || <USER> No one complained thank goodness ! Next year , we're getting 45 pounds of candy , though ... StoryDam",88,14,1,4.785714285714286,1,0,0,0,1,0.07142857142857142,0,0,0,0,0,0,0,False,37,True,0.8375,True,heuristic-high
figlang_twitter,twitter,train,1,@USER @USER ? ? ? Man that is causing harm to people he's never met even in his own country ...  .,@USER @USER unfortunately Trump suffers from mental illness . I wouldn't expect a man like him to be an advocate for it . || @USER @USER how honorable you speak to lowly of a man you've never met . Sounding like you have some issues desu ...,2,<USER> <USER> ? ? ? Man that is causing harm to people he's never met even in his own country ... .,<USER> <USER> unfortunately Trump suffers from mental illness . I wouldn't expect a man like him to be an advocate for it . || <USER> <USER> how honorable you speak to lowly of a man you've never met . Sounding like you have some issues desu ...,104,17,5,3.9411764705882355,0,3,1,1,2,0.11764705882352941,0,0,0,0,0,0,0,False,42,True,1.0,True,heuristic-high
figlang_twitter,twitter,train,1,"@USER @USER @USER No , is not a 🧁 . No one felt we should have been there because of our 🧁 schedule . stepped up , dug deep and eared the win over a tough opponent . This post isn ’ t intended to call OSU a 🧁 ... It ’ s just being sarcastic . #ALLIN #Clemson","Hey , @USER ... Any chance y ’ all could hook a fella up ? Would be a great addition to the menu ! Plus , who doesn ’ t like a good cupcake ? 🧁 #Clemson #ALLIN #CFBPlayoff <URL> || @USER @USER @USER C'mon , y'all . Ohio State was NOT a cupcake . We finally played a great team , & got the W ; it's something to celebrate rather than acting like we don't deserve any credit for playing a great game against one of the most competitive teams of 2019 . Salt is one thing , but c'mon .",2,"<USER> <USER> <USER> No , is not a 🧁 . No one felt we should have been there because of our 🧁 schedule . stepped up , dug deep and eared the win over a tough opponent . This post isn ' t intended to call OSU a 🧁 ... It ' s just being sarcastic . ALLIN Clemson","Hey , <USER> ... Any chance y ' all could hook a fella up ? Would be a great addition to the menu ! Plus , who doesn ' t like a good cupcake ? 🧁 Clemson ALLIN CFBPlayoff <URL> || <USER> <USER> <USER> C'mon , y'all . Ohio State was NOT a cupcake . We finally played a great team , & got the W ; it's something to celebrate rather than acting like we don't deserve any credit for playing a great game against one of the most competitive teams of 2019 . Salt is one thing , but c'mon .",269,49,5,3.7346938775510203,0,0,1,1,5,0.10204081632653061,3,0,0,0,0,0,0,False,85,True,1.0,True,heuristic-high
figlang_twitter,twitter,train,1,@USER Gold and not #Bitcoin ? I ’ m shocked beyond words .,While half the world races for digital currencies major world powers are going for the #gold . Are you paying attention ? #astrology #crypto <URL> || @USER The fed ought more physical gold this year than they have since 1971,2,<USER> Gold and not Bitcoin ? I ' m shocked beyond words .,While half the world races for digital currencies major world powers are going for the gold . Are you paying attention ? astrology crypto <URL> || <USER> The fed ought more physical gold this year than they have since 1971,62,11,2,3.8181818181818183,0,1,0,0,1,0.09090909090909091,0,0,0,0,0,0,0,False,36,True,0.8886363636363637,True,heuristic-high
figlang_twitter,twitter,train,1,"@USER Extremely boring response , but lovely to hear you're considerate about your customers ... @USER",@USER 07.16 from West Byfleet cancelled due to ' train fault ' . Please make up an inventive reason why or I'll flood you with tweets . || @USER ( 1/2 ) Good morning Nick . Flooding Twitter wouldn't be helpful to other customers . We are very happy to update you .,2,"<USER> Extremely boring response , but lovely to hear you're considerate about your customers ... <USER>",<USER> 07.16 from West Byfleet cancelled due to ' train fault ' . Please make up an inventive reason why or I'll flood you with tweets . || <USER> ( 1/2 ) Good morning Nick . Flooding Twitter wouldn't be helpful to other customers . We are very happy to update you .,108,14,1,5.785714285714286,0,0,1,1,2,0.14285714285714285,0,0,0,0,0,0,0,False,43,True,0.8999999999999999,True,heuristic-high
figlang_twitter,twitter,train,1,"@USER @USER @USER Sherwood Forest in Annapolis is a $ $ , exclusive neighborhood",WAIT DID YOU GUYS KNOW THERE WAS A SHERWOOD FOREST IN ATLANTA <URL> || @USER @USER @USER it's cracking me up that there's a Friar Tuck Rd lol,2,"<USER> <USER> <USER> Sherwood Forest in Annapolis is a $ $ , exclusive neighborhood",WAIT DID YOU GUYS KNOW THERE WAS A SHERWOOD FOREST IN ATLANTA <URL> || <USER> <USER> <USER> it's cracking me up that there's a Friar Tuck Rd lol,89,11,1,5.545454545454546,0,0,0,0,3,0.2727272727272727,0,0,0,0,0,0,0,False,27,True,0.8886363636363637,True,heuristic-high
figlang_twitter,twitter,train,1,@USER @USER Of course not . America is not oil greedy . 😠,"Preemptive strikes ? Self defence ? You have just taken out their most senior regional strategist , revelling in it is premature , hes been a target for years & wud have seen it coming , hel already have in place someone to step into his position after this & the US will know about it <URL> || @USER Absolutely nothing to do with a new 53 billion barrel oilwell the Iranians sank back in early November , no sirrrr",2,<USER> <USER> Of course not . America is not oil greedy . 😠,"Preemptive strikes ? Self defence ? You have just taken out their most senior regional strategist , revelling in it is premature , hes been a target for years & wud have seen it coming , hel already have in place someone to step into his position after this & the US will know about it <URL> || <USER> Absolutely nothing to do with a new 53 billion barrel oilwell the Iranians sank back in early November , no sirrrr",63,10,2,4.0,0,0,0,0,2,0.2,1,0,0,0,0,0,0,False,70,True,1.0,True,heuristic-high
figlang_twitter,twitter,train,1,". @USER : From FNs ' child welfare to resource development , the Conservatives ' response has been , "" See you in court "" #cdnpoli","I disagree . No govt has "" said "" more about #Indigenous relations ; doing something is an entirely different matter . … <URL> || . @USER , 2013 : Last year Conservatives spent more fighting #Indigenous people in the courts than it spent going after tax frauds .",2,". <USER> : From FNs ' child welfare to resource development , the Conservatives ' response has been , "" See you in court "" cdnpoli","I disagree . No govt has "" said "" more about Indigenous relations ; doing something is an entirely different matter . ... <URL> || . <USER> , 2013 : Last year Conservatives spent more fighting Indigenous people in the courts than it spent going after tax frauds .",134,20,1,4.85,0,0,0,0,1,0.05,0,0,1,0,0,0,0,False,37,True,1.0,True,heuristic-high
figlang_twitter,twitter,train,1,"@USER @USER You know what they say , any joke that needs explanation wasn't funny . Maybe you meant ... I'll rise above having to explain the difference while referencing KU . Oooops my bad","So , what is the problem here ? Is the Big 12 just not up to it ? Is there something specifically wrong with the way Oklahoma ’ s team is built ? And , before you even start , I ’ m not an SEC guy . I ’ m not a Big 12 guy . I ’ m a guy trying to find out why this keeps happening . || @USER @USER Seriously , the SEC has resurrected their entire BB program from top to bottom before KU can fix 1 football program . Try again ...",2,"<USER> <USER> You know what they say , any joke that needs explanation wasn't funny . Maybe you meant ... I'll rise above having to explain the difference while referencing KU . Oooops my bad","So , what is the problem here ? Is the Big 12 just not up to it ? Is there something specifically wrong with the way Oklahoma ' s team is built ? And , before you even start , I ' m not an SEC guy . I ' m not a Big 12 guy . I ' m a guy trying to find out why this keeps happening . || <USER> <USER> Seriously , the SEC has resurrected their entire BB program from top to bottom before KU can fix 1 football program . Try again ...",195,31,3,4.741935483870968,0,0,1,1,3,0.0967741935483871,0,1,0,0,0,0,0,False,83,True,0.9604838709677419,True,heuristic-high
figlang_twitter,twitter,train,1,Sen Bertino-Tarrant : we have to be careful what we wish for . Sometime ppl elect bad ppl . Some problems won't be resolved #HB557,Sen @USER : how would LSCs & LSC elections be affected ? #ERSB || . @USER : LSCs and district board should complement each other #ERSB,2,Sen Bertino-Tarrant : we have to be careful what we wish for . Sometime ppl elect bad ppl . Some problems won't be resolved HB557,Sen <USER> : how would LSCs & LSC elections be affected ? ERSB || . <USER> : LSCs and district board should complement each other ERSB,131,23,2,4.260869565217392,0,0,0,0,0,0.0,0,0,0,0,0,0,0,False,20,True,0.9923913043478261,True,heuristic-high
figlang_twitter,twitter,train,1,@USER @USER @USER law enforcement would need guns to take away guns .,"If guns are outlawed , ONLY OUTLAWS WILL HAVE GUNS . Never be defenseless . #2A || @USER Nope . Incorrect . Laws passed around illegal ownership of guns mean less guns in the community - whoever has them . Over time law enforcement can then truly deliver just in an orderly manner . The first step is the hardest - crazy statements from the NRA like this inflame the scene .",2,<USER> <USER> <USER> law enforcement would need guns to take away guns .,"If guns are outlawed , ONLY OUTLAWS WILL HAVE GUNS . Never be defenseless . 2A || <USER> Nope . Incorrect . Laws passed around illegal ownership of guns mean less guns in the community - whoever has them . Over time law enforcement can then truly deliver just in an orderly manner . The first step is the hardest - crazy statements from the NRA like this inflame the scene .",78,12,1,4.416666666666667,0,0,0,0,3,0.25,0,0,0,0,0,0,0,False,61,True,0.86875,True,heuristic-high
figlang_twitter,twitter,train,1,@USER I'd put money on the fact that you bet correctly .,"I don't normally swear but the cost of these trainers - WTF ? Someone is laughing all the way to the bank , and a lot of those trainers are ugly . Jeez . #BBCBreakfast || @USER And not the workers in the sweat shop I bet .",2,<USER> I'd put money on the fact that you bet correctly .,"I don't normally swear but the cost of these trainers - WTF ? Someone is laughing all the way to the bank , and a lot of those trainers are ugly . Jeez . BBCBreakfast || <USER> And not the workers in the sweat shop I bet .",59,11,1,3.909090909090909,0,0,0,0,1,0.09090909090909091,0,0,0,0,0,0,0,False,41,True,0.9681818181818183,True,heuristic-high
figlang_twitter,twitter,train,1,@USER @USER so much wrong with what you just said it's hard to find the start point of where to begin,"Don't let the terrorists and extremists win . My piece on Berlin and Ankara : <URL> <URL> || @USER Western civilisation already under threat because of Left's obsession with multiculturalism , uncontrolled immigration & PC",2,<USER> <USER> so much wrong with what you just said it's hard to find the start point of where to begin,"Don't let the terrorists and extremists win . My piece on Berlin and Ankara : <URL> <URL> || <USER> Western civilisation already under threat because of Left's obsession with multiculturalism , uncontrolled immigration & PC",107,21,1,3.761904761904762,0,0,0,0,2,0.09523809523809523,0,0,0,0,0,0,0,False,30,True,1.0,True,heuristic-high
figlang_twitter,twitter,train,1,@USER That was Rahul . Thought you would know it . Haven't you been following me long enough to know I wouldn't be voting Cong like in the next janma too ? 😑,"I voted Congress all through life as I wanted to see a genuinely secular India . It is sad to see the party of my dreams back hijabi communalists . There is only so much a secular Hindu can stoop . I , very reluctantly , back the modi governmemt on the incidents of the past few days . || @USER Welcome home ! Stand up always for Indian Civilization . India will always be plural if India remains Hindu . If it ’ s character changes to Islamic , it cannot remain secular , forget about it being plural or even tolerating any other ideology ; constitution will be a piece of paper .",2,<USER> That was Rahul . Thought you would know it . Haven't you been following me long enough to know I wouldn't be voting Cong like in the next janma too ? 😑,"I voted Congress all through life as I wanted to see a genuinely secular India . It is sad to see the party of my dreams back hijabi communalists . There is only so much a secular Hindu can stoop . I , very reluctantly , back the modi governmemt on the incidents of the past few days . || <USER> Welcome home ! Stand up always for Indian Civilization . India will always be plural if India remains Hindu . If it ' s character changes to Islamic , it cannot remain secular , forget about it being plural or even tolerating any other ideology ; constitution will be a piece of paper .",160,29,3,4.137931034482759,0,1,0,0,1,0.034482758620689655,1,0,0,0,0,0,0,False,101,True,1.0,True,heuristic-high
figlang_twitter,twitter,train,1,@USER @USER It's apparently OK to be compensated for being delayed but not being injured . <URL>,Think Government's whiplash reforms will save you £ 40 on your premiums ? Think again . The industry's misleading you <URL> || @USER @USER It does and saying louder . It doesn't help when the BBC seem to be no more than a mouthpiece for ABI propaganda .,2,<USER> <USER> It's apparently OK to be compensated for being delayed but not being injured . <URL>,Think Government's whiplash reforms will save you £ 40 on your premiums ? Think again . The industry's misleading you <URL> || <USER> <USER> It does and saying louder . It doesn't help when the BBC seem to be no more than a mouthpiece for ABI propaganda .,102,16,1,4.6875,0,0,0,0,4,0.25,0,0,0,0,0,0,1,False,41,True,0.9234375,True,heuristic-high
figlang_twitter,twitter,train,1,@USER this is funny been in some ' gangster ' places in SouthLondon & Australia but scariest place I went to was ComptonsSoho,"@USER think I got this right ? Jan Morris used to live in Dorset - cos I grew up knowing trans ? ? #NoBigDeal || @USER Jan Morris ? Not sure . I know she lives in wales now , but as for the Dorset connection ...",2,<USER> this is funny been in some ' gangster ' places in SouthLondon & Australia but scariest place I went to was ComptonsSoho,"<USER> think I got this right ? Jan Morris used to live in Dorset - cos I grew up knowing trans ? ? NoBigDeal || <USER> Jan Morris ? Not sure . I know she lives in wales now , but as for the Dorset connection ...",128,22,1,4.590909090909091,0,0,0,0,1,0.045454545454545456,0,0,0,0,0,0,0,False,38,True,1.0,True,heuristic-high
figlang_twitter,twitter,train,1,@USER I just “ love ” how you get all of that “ insight ” out of a 22 second ‘ grab ’ of video ...,"And did we all notice his characteristic refusal to be wrong & trickery deflection with anecdotes : we ’ ve all seen fires before , Ash Friday , seen haze when in the surf as kid ... emissions global problem - no link with current bushfires . Be assured we have all in place 1/2 #auspol <URL> || Not once have I heard him acknowledge we are talking about multiple concurrent fires expected to start earlier , last longer & be more intense . Likes to focus on the one big bushfire of summer past scenario . Shyster #auspol 2/2",2,"<USER> I just "" love "" how you get all of that "" insight "" out of a 22 second ' grab ' of video ...","And did we all notice his characteristic refusal to be wrong & trickery deflection with anecdotes : we ' ve all seen fires before , Ash Friday , seen haze when in the surf as kid ... emissions global problem - no link with current bushfires . Be assured we have all in place 1/2 auspol <URL> || Not once have I heard him acknowledge we are talking about multiple concurrent fires expected to start earlier , last longer & be more intense . Likes to focus on the one big bushfire of summer past scenario . Shyster auspol 2/2",101,20,1,3.15,0,0,1,1,1,0.05,0,0,2,0,0,0,0,False,86,True,1.0,True,heuristic-high
figlang_twitter,twitter,train,1,@USER @USER @USER Second on . I ’ m proud of my talent also,"Took mom to Paris for the holidays . Got to visit Omaha Beach as well which was incredible . 75 years after D-Day . 🇺 🇸 🇫 🇷 Back anchoring 12-3 pm ET Jan 1 . Back with @USER at 5am Jan 2 . <URL> || @USER @USER #FoxNews should have you two together more frequently . My favorite TV duo . Rob's awkwardness 😛 ( my bad , Rob ) and Jillian's sarcasm 🤣 are are a perfect match ! #TwoPeasInAPod",2,<USER> <USER> <USER> Second on . I ' m proud of my talent also,"Took mom to Paris for the holidays . Got to visit Omaha Beach as well which was incredible . 75 years after D-Day . 🇺 🇸 🇫 🇷 Back anchoring 12-3 pm ET Jan 1 . Back with <USER> at 5am Jan 2 . <URL> || <USER> <USER> FoxNews should have you two together more frequently . My favorite TV duo . Rob's awkwardness 😛 ( my bad , Rob ) and Jillian's sarcasm 🤣 are are a perfect match ! TwoPeasInAPod",68,13,1,3.230769230769231,0,0,0,0,3,0.23076923076923078,0,0,0,0,0,0,0,False,61,True,0.9865384615384616,True,heuristic-high
figlang_twitter,twitter,train,1,"@USER @USER Andy , can you read that tweet and then play Lach's UVA-UL post game recording ? #arrogant",and Kings win ! if SAC > NO post-trade this season ... IF ... then so many media who said they got fleeced will have t … <URL> || @USER oh I agree it won't continue but I'd love for the arrogant certainty of so many media to bite them,2,"<USER> <USER> Andy , can you read that tweet and then play Lach's UVA-UL post game recording ? arrogant",and Kings win ! if SAC > NO post-trade this season ... IF ... then so many media who said they got fleeced will have t ... <URL> || <USER> oh I agree it won't continue but I'd love for the arrogant certainty of so many media to bite them,109,18,1,4.333333333333333,0,1,0,0,4,0.2222222222222222,0,0,0,0,0,0,0,False,45,True,0.8930555555555555,True,heuristic-high
figlang_twitter,twitter,train,1,@USER delayed as in the had to use @USER to get to the station to drive a @USER train ? #southernfail,"@USER why has the 17:09 from vic to south Croydon cancelled . I will be late to pick my daughter up , disgraceful #southernfail || @USER Sorry David . This is because of train crew being delayed by service disruption . Next service at 1738 . ^ Neil",2,<USER> delayed as in the had to use <USER> to get to the station to drive a <USER> train ? southernfail,"<USER> why has the 17:09 from vic to south Croydon cancelled . I will be late to pick my daughter up , disgraceful southernfail || <USER> Sorry David . This is because of train crew being delayed by service disruption . Next service at 1738 . Neil",111,20,1,3.8,0,1,0,0,3,0.15,0,0,0,0,0,0,0,False,39,True,1.0,True,heuristic-high
figlang_twitter,twitter,train,1,"@USER Awesome customer services , told i would have a response in 72 hours and when that didn ’ t happen was asked to provide info and over 24 hours after that still have 0 acknowledgment .","@USER Booked a trip to NYC with yourselves . Came to fill out the API on the aireline site to find the flight was hand luggage only but the booking clearly states checked baggage . Called cust services last Mon , told I should have a response in 72hrs . Still no response || @USER I'm really sorry to hear this . Can you please DM your booking ID to us and one of the teams will look into it for you ?",2,"<USER> Awesome customer services , told i would have a response in 72 hours and when that didn ' t happen was asked to provide info and over 24 hours after that still have 0 acknowledgment .","<USER> Booked a trip to NYC with yourselves . Came to fill out the API on the aireline site to find the flight was hand luggage only but the booking clearly states checked baggage . Called cust services last Mon , told I should have a response in 72hrs . Still no response || <USER> I'm really sorry to hear this . Can you please DM your booking ID to us and one of the teams will look into it for you ?",192,32,1,4.53125,0,0,0,0,1,0.03125,0,0,0,0,0,0,0,False,76,True,1.0,True,heuristic-high
figlang_twitter,twitter,train,1,"@USER @USER Yeah , that doesn ’ t fit their hate driven narrative and @USER so busy provoking . The inclusive , loving , non bigoted libs . are such little busy bodies of contradiction . Preaching acceptance but only of those who think , believe and behave as them . #Narcissists",Kid Rock grand marshal of Christmas parade in Leiper's Fork : Pictures <URL> || @USER I see all the haters missed the story about Kid Rick paging of a hundred or so late always at a Nashville Wal-Mart . All the perfect people here,2,"<USER> <USER> Yeah , that doesn ' t fit their hate driven narrative and <USER> so busy provoking . The inclusive , loving , non bigoted libs . are such little busy bodies of contradiction . Preaching acceptance but only of those who think , believe and behave as them . Narcissists",Kid Rock grand marshal of Christmas parade in Leiper's Fork : Pictures <URL> || <USER> I see all the haters missed the story about Kid Rick paging of a hundred or so late always at a Nashville Wal-Mart . All the perfect people here,289,44,4,4.909090909090909,0,0,0,0,3,0.06818181818181818,0,0,0,0,0,0,1,False,42,True,0.9482954545454545,True,heuristic-high
figlang_twitter,twitter,train,1,"@USER @USER We are constantly monitoring customer feedback and are look forward to bringing HomeKit to the market . Instead of working on this , we are researching new products we think our customers may want . Thank you for your suggestion .","Announcing three new solar-powered outdoor lights ! Smart Lighting Solar Floodlight , Solar Pathlight and Solar Steplight are easy to install , motion-activated , and can all be controlled from your Ring App . Available 4/1 . Learn more here : <URL> <URL> || @USER Where ’ s my HomeKit support from 4 years ago ?",2,"<USER> <USER> We are constantly monitoring customer feedback and are look forward to bringing HomeKit to the market . Instead of working on this , we are researching new products we think our customers may want . Thank you for your suggestion .","Announcing three new solar-powered outdoor lights ! Smart Lighting Solar Floodlight , Solar Pathlight and Solar Steplight are easy to install , motion-activated , and can all be controlled from your Ring App . Available 4/1 . Learn more here : <URL> <URL> || <USER> Where ' s my HomeKit support from 4 years ago ?",248,39,3,4.9743589743589745,0,0,0,0,2,0.05128205128205128,0,0,0,0,0,0,0,False,47,True,1.0,True,heuristic-high
figlang_twitter,twitter,train,1,"@USER @USER pti and IK are just contesting their case in which they accused PM without any proof ,","No proper preparation for the Penama case by PTI and right now they are sitting without a lawyer attending marriages , excellent priorities . || @USER Why its pti n Imran Khan responsibility to fix Pakistan corruption ?",2,"<USER> <USER> pti and IK are just contesting their case in which they accused PM without any proof ,","No proper preparation for the Penama case by PTI and right now they are sitting without a lawyer attending marriages , excellent priorities . || <USER> Why its pti n Imran Khan responsibility to fix Pakistan corruption ?",104,18,1,4.277777777777778,0,0,0,0,4,0.2222222222222222,0,0,0,0,0,0,0,False,34,True,1.0,True,heuristic-high
figlang_twitter,twitter,train,1,"@USER @USER @USER #OROP All political party sail in same boat , Armymen sat at Jantarmantar so it happnd this time .","RG : His son has died Army man's son : No , my father died RG : OK , he's father of dead jawan This guy has no clue what … <URL> || .. Why can't u people implemented #OROP during UPA or last 43 years ? Only agenda of @USER n opposition … <URL>",2,"<USER> <USER> <USER> OROP All political party sail in same boat , Armymen sat at Jantarmantar so it happnd this time .","RG : His son has died Army man's son : No , my father died RG : OK , he's father of dead jawan This guy has no clue what ... <URL> || .. Why can't u people implemented OROP during UPA or last 43 years ? Only agenda of <USER> n opposition ... <URL>",126,20,1,4.45,0,0,0,0,4,0.2,0,0,0,0,0,0,0,False,44,True,0.95625,True,heuristic-high
figlang_twitter,twitter,train,1,"@USER @USER Sounds like a nicely "" Proven technology for bot detection ""","@USER Did you know that @USER thinks you are a #fake ? It's funny that they don't check the twitter veri … <URL> || @USER haha , @USER seems to be a rather dumb bot ! :-D",2,"<USER> <USER> Sounds like a nicely "" Proven technology for bot detection ""","<USER> Did you know that <USER> thinks you are a fake ? It's funny that they don't check the twitter veri ... <URL> || <USER> haha , <USER> seems to be a rather dumb bot ! :-D",78,11,1,5.090909090909091,0,0,0,0,2,0.18181818181818182,0,0,1,0,0,0,0,False,32,True,0.8886363636363637,True,heuristic-high
figlang_twitter,twitter,train,1,@USER you should show them the spoof judges one from today ! That'll make them laugh and would be a great additional discussion .,Today I've managed to simultaneously procrastinate on Twitter and write 3 articles . Go me . :) || @USER Had a fantastic lesson with my A2 Eng Lang group analysing the headline <URL>,2,<USER> you should show them the spoof judges one from today ! That'll make them laugh and would be a great additional discussion .,Today I've managed to simultaneously procrastinate on Twitter and write 3 articles . Go me . :) || <USER> Had a fantastic lesson with my A2 Eng Lang group analysing the headline <URL>,132,22,2,4.681818181818182,1,0,0,0,1,0.045454545454545456,0,0,0,0,0,0,1,False,28,True,1.0,True,heuristic-high
figlang_twitter,twitter,train,1,"@USER @USER @USER This is a very well thought out , articulate , and intelligent take .",Great segment on @USER about the rule for taking a touchback on a kickoff . Rules were not adhered to . Bills TD on end zone recovery that was wiped out after officials meeting was indeed a TD according to the rules book . || @USER @USER A lot of crying . Don ’ t give up a 16-0 lead and it wouldn ’ t have mattered .,2,"<USER> <USER> <USER> This is a very well thought out , articulate , and intelligent take .",Great segment on <USER> about the rule for taking a touchback on a kickoff . Rules were not adhered to . Bills TD on end zone recovery that was wiped out after officials meeting was indeed a TD according to the rules book . || <USER> <USER> A lot of crying . Don ' t give up a 16-0 lead and it wouldn ' t have mattered .,96,14,1,4.642857142857143,0,0,0,0,3,0.21428571428571427,0,0,0,0,0,0,1,False,61,True,1.0,True,heuristic-high
figlang_twitter,twitter,train,1,@USER yet the left keeps reminding Americans how fat everyone is,I'm glad Puzder will withdraw . Given his relationship to his employees he wasn't fit to lead a department responsib … <URL> || We don ’ t need a labor secretary who makes millions while his workers are paid starvation wages .,2,<USER> yet the left keeps reminding Americans how fat everyone is,I'm glad Puzder will withdraw . Given his relationship to his employees he wasn't fit to lead a department responsib ... <URL> || We don ' t need a labor secretary who makes millions while his workers are paid starvation wages .,67,11,1,4.818181818181818,0,0,0,0,1,0.09090909090909091,0,0,0,0,0,0,0,False,38,True,0.8886363636363637,True,heuristic-high
figlang_twitter,twitter,train,1,@USER No IQ concerns either if you don ’ t know what they are you ’ re either naive or dirty,"If women like @USER @USER @USER told me to stop , I would stop . I take my guidance from women who * don ’ t * prostrate themselves in front of abusive men . <URL> || @USER @USER @USER Interesting opinion of women who stand up for other women . #TransWomenAreWomen",2,<USER> No IQ concerns either if you don ' t know what they are you ' re either naive or dirty,"If women like <USER> <USER> <USER> told me to stop , I would stop . I take my guidance from women who * don ' t * prostrate themselves in front of abusive men . <URL> || <USER> <USER> <USER> Interesting opinion of women who stand up for other women . TransWomenAreWomen",95,21,1,3.380952380952381,0,0,0,0,2,0.09523809523809523,0,0,0,0,0,0,0,False,45,True,1.0,True,heuristic-high
figlang_twitter,twitter,train,1,@USER @USER you're a high school drop out on welfare . You're not qualified impugn anyone's intelligence .,"An important change . Aiming words like "" outrageous "" toward judges is unsettling coming from a White House . Nixonian … <URL> || @USER Democrats need to somehow tie Judge Gorsuch to Putin . Cluelss Dem Dumb base will believe anything . You know this Lol",2,<USER> <USER> you're a high school drop out on welfare . You're not qualified impugn anyone's intelligence .,"An important change . Aiming words like "" outrageous "" toward judges is unsettling coming from a White House . Nixonian ... <URL> || <USER> Democrats need to somehow tie Judge Gorsuch to Putin . Cluelss Dem Dumb base will believe anything . You know this Lol",112,16,2,5.3125,0,0,0,0,2,0.125,0,0,0,0,0,0,0,False,39,True,0.86875,True,heuristic-high
figlang_twitter,twitter,train,1,"@USER @USER @USER Always love it when someone who can't spell "" there "" comments about ignorance .","Can't wait for all the politicians who refuse to adjust gun laws to send their "" thoughts & prayers "" to Ohio State . <URL> || Guns had nothing to do with this and we have background checks and you people think their are loopholes . Ignorance is bliss . @USER",2,"<USER> <USER> <USER> Always love it when someone who can't spell "" there "" comments about ignorance .","Can't wait for all the politicians who refuse to adjust gun laws to send their "" thoughts & prayers "" to Ohio State . <URL> || Guns had nothing to do with this and we have background checks and you people think their are loopholes . Ignorance is bliss . <USER>",107,15,1,5.0,0,0,0,0,3,0.2,0,0,1,0,0,0,0,False,44,True,1.0,True,heuristic-high
figlang_twitter,twitter,train,1,@USER So we trust the mafia . History has proven that to be true . No different for the tech mafia . The honest mafia don makes for a heroic protagonist but never the winner in any mafia war or movie .,"@USER Perceptions are never based on reality or facts . Why people focus so much on managing or manipulating perceptions . AKA #Branding #marketing Now to ask what is holding back brand Apple . Perhaps Google = Free ; Apple = Expensive may have something to do with this . || @USER ... in general , people who know to steal the data best ... know how to protect it best :)",2,<USER> So we trust the mafia . History has proven that to be true . No different for the tech mafia . The honest mafia don makes for a heroic protagonist but never the winner in any mafia war or movie .,"<USER> Perceptions are never based on reality or facts . Why people focus so much on managing or manipulating perceptions . AKA Branding marketing Now to ask what is holding back brand Apple . Perhaps Google = Free ; Apple = Expensive may have something to do with this . || <USER> ... in general , people who know to steal the data best ... know how to protect it best :)",204,38,4,4.078947368421052,0,0,0,0,1,0.02631578947368421,0,0,0,0,0,0,0,False,60,True,1.0,True,heuristic-high
figlang_twitter,twitter,train,1,"@USER @USER Yeah ! Let's sacrifice a boy's future to make an example ! Seriously , a bit of empathy is no harm .","Co Wicklow schoolboy granted leave to remain in Ireland , principal says <URL> || @USER Rewarding passport fraud encourages more of the same .",2,"<USER> <USER> Yeah ! Let's sacrifice a boy's future to make an example ! Seriously , a bit of empathy is no harm .","Co Wicklow schoolboy granted leave to remain in Ireland , principal says <URL> || <USER> Rewarding passport fraud encourages more of the same .",118,20,3,4.15,2,0,0,0,2,0.1,0,0,0,0,0,0,1,False,21,True,1.0,True,heuristic-high
figlang_twitter,twitter,train,1,@USER @USER @USER Ask Trump how great a guy Trump is . 😂,"He also loves to say "" I don't recall , as I sit here . "" <URL> || @USER @USER Comey's a standup guy . Just ask him and he'll tell you how great he is .",2,<USER> <USER> <USER> Ask Trump how great a guy Trump is . 😂,"He also loves to say "" I don't recall , as I sit here . "" <URL> || <USER> <USER> Comey's a standup guy . Just ask him and he'll tell you how great he is .",65,11,1,3.5454545454545454,0,0,0,0,3,0.2727272727272727,1,0,0,0,0,0,1,False,30,True,0.8886363636363637,True,heuristic-high
figlang_twitter,twitter,train,1,@USER @USER @USER r these the same pollsters that told us DT wouldn't win & Hillary will win #WI #MI ?,"New @USER News / WaPo poll : 74 % say Trump should release his tax returns , including 49 % of his own supporters … <URL> || @USER @USER If he refused to release those returns before election day , there's zero chance he will do so now . Media fail .",2,<USER> <USER> <USER> r these the same pollsters that told us DT wouldn't win & Hillary will win WI MI ?,"New <USER> News / WaPo poll : 74 % say Trump should release his tax returns , including 49 % of his own supporters ... <URL> || <USER> <USER> If he refused to release those returns before election day , there's zero chance he will do so now . Media fail .",113,19,1,3.9473684210526314,0,1,0,0,6,0.3157894736842105,0,0,0,0,0,0,0,False,40,True,0.8802631578947369,True,heuristic-high
figlang_twitter,twitter,train,1,"@USER wow "" The atmosphere means nothing to us , there's no response & doesn't effect how we play "" - Quote : No player ever .","Honestly think we'll loose today . Will be too much focus on hating RK than supporting #saintsfc 😡 😡 but fans deserve to show that , right ? 😑 😑 || @USER doesn't say much about the players if they're affected that easily . Talking shite",2,"<USER> wow "" The atmosphere means nothing to us , there's no response & doesn't effect how we play "" - Quote : No player ever .","Honestly think we'll loose today . Will be too much focus on hating RK than supporting saintsfc 😡 😡 but fans deserve to show that , right ? 😑 😑 || <USER> doesn't say much about the players if they're affected that easily . Talking shite",129,20,1,4.6,0,0,0,0,1,0.05,0,0,1,0,0,0,1,False,37,True,0.95625,True,heuristic-high
figlang_twitter,twitter,train,1,@USER My wife just posted a Facebook text asking if he dropped off the wagon again Hah !,I stopped listening 2 this man when he went never #Trump on us . If #Killary wins he'll take a lot of the blame & de … <URL> || @USER I stopped a while before that when he began to act like he was a Mormon prophet . Clearly not alone in … <URL>,2,<USER> My wife just posted a Facebook text asking if he dropped off the wagon again Hah !,I stopped listening 2 this man when he went never Trump on us . If Killary wins he'll take a lot of the blame & de ... <URL> || <USER> I stopped a while before that when he began to act like he was a Mormon prophet . Clearly not alone in ... <URL>,91,17,1,4.0588235294117645,1,0,0,0,1,0.058823529411764705,0,0,0,0,0,0,0,False,47,True,0.9588235294117647,True,heuristic-high
figlang_twitter,twitter,train,1,. @USER @USER people disagreeing with this are very hateful and aggressive in the language they use in the comments,"We love this polite , friendly & heartfelt msg from Bob to @USER urging them to #StopFundingHate ! <URL> #keepitcivil || @USER We have finished the agreement with The Daily Mail and are not planning any future promotional activity with the newspaper",2,. <USER> <USER> people disagreeing with this are very hateful and aggressive in the language they use in the comments,"We love this polite , friendly & heartfelt msg from Bob to <USER> urging them to StopFundingHate ! <URL> keepitcivil || <USER> We have finished the agreement with The Daily Mail and are not planning any future promotional activity with the newspaper",121,19,1,4.894736842105263,0,0,0,0,2,0.10526315789473684,0,0,0,0,0,0,0,False,38,True,1.0,True,heuristic-high
figlang_twitter,twitter,train,1,"@USER that is what comedy is for . Before that video , I heard nothing . MSM omission is also deception @USER",This is amazing news and we didn't hear it on MSM Ha ! ! I wonder why ? @USER <URL> || @USER @USER that guy kept making loud proclaimations acting cartoonish trying to make it seem ridiculous,2,"<USER> that is what comedy is for . Before that video , I heard nothing . MSM omission is also deception <USER>",This is amazing news and we didn't hear it on MSM Ha ! ! I wonder why ? <USER> <URL> || <USER> <USER> that guy kept making loud proclaimations acting cartoonish trying to make it seem ridiculous,115,19,2,4.368421052631579,0,0,0,0,3,0.15789473684210525,0,0,0,0,0,0,0,False,33,True,1.0,True,heuristic-high
figlang_twitter,twitter,train,1,"@USER @USER @USER You do realize you have a profile pic of a man that kisses other men on the lips , right ?","Is Patrick Mahomes Girlfriend and His Brother The Two Dumbest Humans On Earth ? @USER <URL> || @USER @USER @USER The luck of the gene pool . No question Patrick has some feminine qualities , you can see it if you pay attention , he missed just enough to be heterosexual . But the brother .. not so lucky !",2,"<USER> <USER> <USER> You do realize you have a profile pic of a man that kisses other men on the lips , right ?","Is Patrick Mahomes Girlfriend and His Brother The Two Dumbest Humans On Earth ? <USER> <URL> || <USER> <USER> <USER> The luck of the gene pool . No question Patrick has some feminine qualities , you can see it if you pay attention , he missed just enough to be heterosexual . But the brother .. not so lucky !",117,22,1,3.6363636363636362,0,1,0,0,3,0.13636363636363635,0,0,0,0,0,0,1,False,52,True,1.0,True,heuristic-high
figlang_twitter,twitter,train,1,@USER @USER You're a Bay Area sports fan who wants #calexit bc you hate CA ? #finebyme,"If by "" up its game "" you mean #CalExit-ing a system designed to make us foot the bill for people who hate us , we agr … <URL> || @USER @USER @USER please exit soon so that Dianne Feinstein and Kamla Harris won't be around any longer to destroy the USA govt",2,<USER> <USER> You're a Bay Area sports fan who wants calexit bc you hate CA ? finebyme,"If by "" up its game "" you mean CalExit -ing a system designed to make us foot the bill for people who hate us , we agr ... <URL> || <USER> <USER> <USER> please exit soon so that Dianne Feinstein and Kamla Harris won't be around any longer to destroy the USA govt",94,16,1,4.0625,0,1,0,0,3,0.1875,0,0,0,0,0,0,0,False,49,True,0.8140625,True,heuristic-high
figlang_twitter,twitter,train,1,"@USER @USER @USER since the internet ... socializing ourselves to be anti-social , through social media ...",Milo Yiannopoulos is trying to convince colleges that hate speech is cool <URL> <URL> || . @USER @USER Milo's supporters admit that his speeches are filled with Hate - When did Hate become so popular ? <URL>,2,"<USER> <USER> <USER> since the internet ... socializing ourselves to be anti-social , through social media ...",Milo Yiannopoulos is trying to convince colleges that hate speech is cool <URL> <URL> || . <USER> <USER> Milo's supporters admit that his speeches are filled with Hate - When did Hate become so popular ? <URL>,116,15,2,5.333333333333333,0,0,2,2,3,0.2,0,0,0,0,0,0,0,False,33,True,0.825,True,heuristic-high
figlang_twitter,twitter,train,1,"@USER Right , because most people take their kids with them to commit burglary . So what if she's never seen him ? If there's ten people living there , they have a hundred + relations she's never seen before . Plus friends . Nobody owes her an explanation .",Listen right to the end . The woman's just being a major twitting bigot . <URL> || @USER I'm here to visit my aunt . Yet she's being accused of being racist calling the police . Who's to say she isn't doing the right thing and wanting to protect her community from a burglary and she never seen the man before this . This video is inconclusive to make a proper decision .,2,"<USER> Right , because most people take their kids with them to commit burglary . So what if she's never seen him ? If there's ten people living there , they have a hundred + relations she's never seen before . Plus friends . Nobody owes her an explanation .",Listen right to the end . The woman's just being a major twitting bigot . <URL> || <USER> I'm here to visit my aunt . Yet she's being accused of being racist calling the police . Who's to say she isn't doing the right thing and wanting to protect her community from a burglary and she never seen the man before this . This video is inconclusive to make a proper decision .,260,42,5,4.738095238095238,0,1,0,0,1,0.023809523809523808,0,0,0,0,0,0,1,False,66,True,1.0,True,heuristic-high
figlang_twitter,twitter,train,1,"@USER song tunes incl . "" I love China "" vs . people chanting anti-establishment slogans","This is unfortunate 😂 Untimely Chinese folk dance show got caught up in pro-democracy rally #Hongkong #hk #awkward <URL> || @USER on the contrary , it could be timed perfectly #meh",2,"<USER> song tunes incl . "" I love China "" vs . people chanting anti-establishment slogans","This is unfortunate 😂 Untimely Chinese folk dance show got caught up in pro-democracy rally Hongkong hk awkward <URL> || <USER> on the contrary , it could be timed perfectly meh",91,13,2,5.153846153846154,0,0,0,0,1,0.07692307692307693,0,0,1,0,0,0,0,False,29,True,0.7846153846153846,True,heuristic-high
figlang_twitter,twitter,train,1,@USER @USER @USER say ppl who voted in a megalomaniacal reality tv star as #lohansux,"Lindsay Lohan Wants Meeting with Trump , Putin to Solve Syrian Refugee Crisis <URL> || @USER @USER lmaooooo oh man this made my day . A druggie and alcoholic who wants to solve political issues 😂 😂 😂",2,<USER> <USER> <USER> say ppl who voted in a megalomaniacal reality tv star as lohansux,"Lindsay Lohan Wants Meeting with Trump , Putin to Solve Syrian Refugee Crisis <URL> || <USER> <USER> lmaooooo oh man this made my day . A druggie and alcoholic who wants to solve political issues 😂 😂 😂",94,15,1,4.4,0,0,0,0,3,0.2,0,0,0,0,0,0,0,False,32,True,0.9416666666666667,True,heuristic-high
figlang_twitter,twitter,train,1,@USER @USER a black man saying he wishs for black genocide for Christmas ... sounds like a Richard Pryor joke .  .,( 6/6 ) We contacted Prof . Ciccariello-Maher today to arrange a meeting to discuss this matter in detail . <URL> || @USER imagine if someone advocated black genocide . They would be fired on the spot,2,<USER> <USER> a black man saying he wishs for black genocide for Christmas ... sounds like a Richard Pryor joke . .,( 6/6 ) We contacted Prof . Ciccariello-Maher today to arrange a meeting to discuss this matter in detail . <URL> || <USER> imagine if someone advocated black genocide . They would be fired on the spot,120,19,3,4.473684210526316,0,0,1,1,2,0.10526315789473684,0,0,0,0,0,0,0,False,31,True,0.9263157894736842,True,heuristic-high
figlang_twitter,twitter,train,1,@USER Hilarious to see #journalism org decrying fake news stories .,""" [ Trump's ] campaign posted my story about protesters getting paid $ 3,500 as fact … I posted a fake ad on Craigslist . "" <URL> || “ Fake election news stories generated more engagement than election stories from 19 major news outlets combined . ” … <URL>",2,<USER> Hilarious to see journalism org decrying fake news stories .,""" [ Trump's ] campaign posted my story about protesters getting paid $ 3,500 as fact ... I posted a fake ad on Craigslist . "" <URL> || "" Fake election news stories generated more engagement than election stories from 19 major news outlets combined . "" ... <URL>",71,10,1,5.4,0,0,0,0,1,0.1,0,0,0,0,0,0,0,False,35,True,0.825,True,heuristic-high
figlang_twitter,twitter,train,1,@USER Oh no . I just told clients there ’ s a good chance of 90 % returns in stocks over th next year ! #noguarantees,"The SKEW Index , which looks at the risk of a black swan event in equities over the next 30 days , jumped to the highest level since in more than a year . When this happened in the past , $ SPX may have struggled over the next 2 months , but rallied 92 % over the next year <URL> || * Should read 92 % of the time over the next year . Need the edit button",2,<USER> Oh no . I just told clients there ' s a good chance of 90 % returns in stocks over th next year ! noguarantees,"The SKEW Index , which looks at the risk of a black swan event in equities over the next 30 days , jumped to the highest level since in more than a year . When this happened in the past , $ SPX may have struggled over the next 2 months , but rallied 92 % over the next year <URL> || * Should read 92 % of the time over the next year . Need the edit button",121,22,2,3.8636363636363638,1,0,0,0,1,0.045454545454545456,0,0,0,0,0,0,1,False,64,True,1.0,True,heuristic-high
figlang_twitter,twitter,train,1,"@USER @USER @USER Yeah , blocking out everyone who disagree's with you , that's the pinacle of emotional maturity !","Wow . Just wow . So basically everything I enjoyed up to this point is completely moot because "" I'm not a fan ? "" I fell in love with this series since 2003 , but Colors and Mania are among my favorites , so I'm not a fan ? I put so much of my life into Sonic but I'm still not a fan ? <URL> || @USER @USER @USER Yeah I think they blocked all of crimsons followers goddamit",2,"<USER> <USER> <USER> Yeah , blocking out everyone who disagree's with you , that's the pinacle of emotional maturity !","Wow . Just wow . So basically everything I enjoyed up to this point is completely moot because "" I'm not a fan ? "" I fell in love with this series since 2003 , but Colors and Mania are among my favorites , so I'm not a fan ? I put so much of my life into Sonic but I'm still not a fan ? <URL> || <USER> <USER> <USER> Yeah I think they blocked all of crimsons followers goddamit",124,17,1,5.294117647058823,1,0,0,0,3,0.17647058823529413,0,0,0,0,0,0,1,False,70,True,0.9588235294117647,True,heuristic-high
figlang_twitter,twitter,train,1,"@USER High quality materials don't allow us to price it lower & Of course it's not by Corning , we just like to use names of our strategic partners randomly 🤯",A lot of MiFans have been asking for official tempered glass . So we went out & partnered with the best in the business 💪 #Corning The first offering is for #RedmiNote8Pro Will expand to cover more phones based on feedback from users 🙏 <URL> || @USER I think you should start launching tempered glass for all the upcoming smartphones and it should be priced at ₹ 299 if possible . And is it really made by Corning ?,2,"<USER> High quality materials don't allow us to price it lower & Of course it's not by Corning , we just like to use names of our strategic partners randomly 🤯",A lot of MiFans have been asking for official tempered glass . So we went out & partnered with the best in the business 💪 Corning The first offering is for RedmiNote8Pro Will expand to cover more phones based on feedback from users 🙏 <URL> || <USER> I think you should start launching tempered glass for all the upcoming smartphones and it should be priced at ₹ 299 if possible . And is it really made by Corning ?,161,28,1,4.428571428571429,0,0,0,0,1,0.03571428571428571,1,0,0,0,0,0,0,False,71,True,1.0,True,heuristic-high
figlang_twitter,twitter,train,1,"@USER @USER @USER The here is so pervasive , I almost liked it . Wanting to supplant 1 asserted bias with a different 1 of your own choosing — that ’ s hilarious . But , failing to acknowledge that the bias of your choosing already exists ... Well — That ’ s the * * IRONY * *","The @USER is closing today after 12 years in Washington . "" The problem was expenses and debt , "" @USER wrote recently . "" The Washington building was too ambitious ( $ 450 million in construction ) , the upkeep was too costly and donations were too few . "" <URL> || @USER @USER @USER Too bad peoples like won ’ t use their fortunes to save the & buy local newspapers & TV news programming to strengthen our first amendment & keep companies like Sinclair from brainwashing Americans . #TuesdayMotivation",2,"<USER> <USER> <USER> The here is so pervasive , I almost liked it . Wanting to supplant 1 asserted bias with a different 1 of your own choosing - that ' s hilarious . But , failing to acknowledge that the bias of your choosing already exists ... Well - That ' s the * * IRONY * *","The <USER> is closing today after 12 years in Washington . "" The problem was expenses and debt , "" <USER> wrote recently . "" The Washington building was too ambitious ( $ 450 million in construction ) , the upkeep was too costly and donations were too few . "" <URL> || <USER> <USER> <USER> Too bad peoples like won ' t use their fortunes to save the & buy local newspapers & TV news programming to strengthen our first amendment & keep companies like Sinclair from brainwashing Americans . TuesdayMotivation",285,46,3,4.3478260869565215,0,0,1,1,4,0.08695652173913043,0,0,0,0,0,0,1,False,73,True,1.0,True,heuristic-high
figlang_twitter,twitter,train,1,@USER true & our policy makers never learn from past experiences @USER,"Discrimination , brutality , corruption of politicians & Army drag innocent balochs towards demand of separate country … <URL> || @USER @USER we did same with bangalies .. and now with balochies ..",2,<USER> true & our policy makers never learn from past experiences <USER>,"Discrimination , brutality , corruption of politicians & Army drag innocent balochs towards demand of separate country ... <URL> || <USER> <USER> we did same with bangalies .. and now with balochies ..",76,11,1,5.090909090909091,0,0,0,0,2,0.18181818181818182,0,0,0,0,0,0,0,False,26,True,0.8886363636363637,True,heuristic-high
figlang_twitter,twitter,train,1,@USER @USER Nothing says nothing better than denise ! Can't even decide what she supports politically ? LOL SMH #Projection,Where was Speaker Pelosi ’ s call for a war powers resolution when the Obama Administration unilaterally authorized drone strikes ? Don ’ t be mistaken . This resolution is nothing more than a political stunt to cover up Democrats ’ lack of a legislative agenda . <URL> || @USER Whataboutism at its best . I don ’ t affiliate with a political party ( FYI ) . It makes me laugh ( or cry ) every time you talk . People who yell and whine don ’ t actually have two legs to stand on . Nothing I ’ ve heard you say is objective or intelligent .,2,<USER> <USER> Nothing says nothing better than denise ! Can't even decide what she supports politically ? LOL SMH Projection,Where was Speaker Pelosi ' s call for a war powers resolution when the Obama Administration unilaterally authorized drone strikes ? Don ' t be mistaken . This resolution is nothing more than a political stunt to cover up Democrats ' lack of a legislative agenda . <URL> || <USER> Whataboutism at its best . I don ' t affiliate with a political party ( FYI ) . It makes me laugh ( or cry ) every time you talk . People who yell and whine don ' t actually have two legs to stand on . Nothing I ' ve heard you say is objective or intelligent .,130,18,2,5.5,1,1,0,0,4,0.2222222222222222,0,0,0,0,0,0,1,False,96,True,0.8444444444444444,True,heuristic-high
figlang_twitter,twitter,train,1,"@USER @USER @USER All those black people being shot , because they're poor . Who would have thought .","@USER When he says that the real divide is class , the implication is that hundreds of years of white supremacy isn't a real problem . || @USER @USER Racism is how class divisions are maintained and "" justified . """,2,"<USER> <USER> <USER> All those black people being shot , because they're poor . Who would have thought .","<USER> When he says that the real divide is class , the implication is that hundreds of years of white supremacy isn't a real problem . || <USER> <USER> Racism is how class divisions are maintained and "" justified . """,110,16,2,4.8125,0,0,0,0,3,0.1875,0,0,0,0,0,0,0,False,35,True,0.978125,True,heuristic-high
figlang_twitter,twitter,train,1,"@USER @USER They have ZERO say , they can slow it down but not stop ANY because THEY changed the rules in 2014 .","Outrage won't get it done . What seats are vulnerable ? Who are we running ? How do we amplify their message ? How do we get out the vote ? || @USER First off , the Dems need to quit voting to confirm all his nominees .",2,"<USER> <USER> They have ZERO say , they can slow it down but not stop ANY because THEY changed the rules in 2014 .","Outrage won't get it done . What seats are vulnerable ? Who are we running ? How do we amplify their message ? How do we get out the vote ? || <USER> First off , the Dems need to quit voting to confirm all his nominees .",118,21,1,3.857142857142857,0,0,0,0,5,0.23809523809523808,0,0,0,0,0,0,0,False,40,True,1.0,True,heuristic-high
figlang_twitter,twitter,train,1,"@USER @USER @USER The irony in this tweet , lost on every trump supporter , including the writer , is priceless .","Russia , Syria , and Iran are killing , or on their way to killing , thousands of innocent civilians in Idlib Province . Don ’ t do it ! Turkey is working hard to stop this carnage . || @USER @USER Don't know what poll your using but this one says 59 % say DON'T impeach , 33 % say do . Remember now that polls are taken to influence voters not to record them .",2,"<USER> <USER> <USER> The irony in this tweet , lost on every trump supporter , including the writer , is priceless .","Russia , Syria , and Iran are killing , or on their way to killing , thousands of innocent civilians in Idlib Province . Don ' t do it ! Turkey is working hard to stop this carnage . || <USER> <USER> Don't know what poll your using but this one says 59 % say DON'T impeach , 33 % say do . Remember now that polls are taken to influence voters not to record them .",122,18,1,4.722222222222222,0,0,0,0,3,0.16666666666666666,0,0,0,0,0,0,0,False,62,True,0.9416666666666667,True,heuristic-high
figlang_twitter,twitter,train,1,"@USER @USER @USER Democrats demand we judge each immigrant on their character , yet u judge all republicans as evil .",Reminder : 81 % of White Evangelicals voted for a man who can't name a single Bible verse & stands against everything Jesus ever said or did . || @USER @USER Cause they just want to see him hurt people .,2,"<USER> <USER> <USER> Democrats demand we judge each immigrant on their character , yet u judge all republicans as evil .",Reminder : 81 % of White Evangelicals voted for a man who can't name a single Bible verse & stands against everything Jesus ever said or did . || <USER> <USER> Cause they just want to see him hurt people .,126,19,1,4.842105263157895,0,0,0,0,3,0.15789473684210525,0,0,0,0,0,0,0,False,34,True,0.8802631578947369,True,heuristic-high
figlang_twitter,twitter,train,1,@USER @USER But in my case the device failed to resist water when it was taken in pool for the first time .,@USER @USER My complaint number is 4229669931 . I had #GalaxyS7edge which is now water damaged . I requested for warranty || @USER @USER I got a call explaining me the quality checks you do . I don't doubt that .,2,<USER> <USER> But in my case the device failed to resist water when it was taken in pool for the first time .,<USER> <USER> My complaint number is 4229669931 . I had GalaxyS7edge which is now water damaged . I requested for warranty || <USER> <USER> I got a call explaining me the quality checks you do . I don't doubt that .,113,22,1,3.727272727272727,0,0,0,0,2,0.09090909090909091,0,0,0,0,0,0,0,False,36,True,1.0,True,heuristic-high
figlang_twitter,twitter,train,1,@USER @USER @USER OHHHH NOOOO ! ! ! We can't make Billionaires pay their fair share . We have to keep subsidizing them ! ! !,"You spoke from the heart and I support you every step of the way . If people are tweaking , then that ’ s on them . Truth is sometimes hard for people to take . #IStandWithJane @USER || @USER @USER Warren literally pits Millionaires / Billionaires against the rest of us . In a horrible time of divisive rhetoric she amplifies it ! ! Not sure that is wise",2,<USER> <USER> <USER> OHHHH NOOOO ! ! ! We can't make Billionaires pay their fair share . We have to keep subsidizing them ! ! !,"You spoke from the heart and I support you every step of the way . If people are tweaking , then that ' s on them . Truth is sometimes hard for people to take . IStandWithJane <USER> || <USER> <USER> Warren literally pits Millionaires / Billionaires against the rest of us . In a horrible time of divisive rhetoric she amplifies it ! ! Not sure that is wise",133,19,7,4.684210526315789,6,0,0,0,5,0.2631578947368421,0,2,0,0,0,0,0,False,61,True,0.9723684210526315,True,heuristic-high
figlang_twitter,twitter,train,1,@USER @USER @USER Take your hands off the wheel next time you ’ re driving your car down the interstate 🛣 and see how good of a pilot God is . Good Luck !,"Orphaned baby wallabies rescued from the devastating #AustralianFires . <URL> Potentially more than a billion animals have died . 5.5 million + hectares burned . How many more disasters before we #ActOnClimate #AustraliaFires @USER @USER <URL> || @USER @USER @USER I wonder if there's a push for out of area rescuers to come in to help ? I know we have animal rescues here that fly into areas and bring the animals to the US to rehab and treat injuries . ( I got my rescues ( not wombats ) from a guy who does nothing but this , God is my Pilot )",2,<USER> <USER> <USER> Take your hands off the wheel next time you ' re driving your car down the interstate 🛣 and see how good of a pilot God is . Good Luck !,"Orphaned baby wallabies rescued from the devastating AustralianFires . <URL> Potentially more than a billion animals have died . 5.5 million + hectares burned . How many more disasters before we ActOnClimate AustraliaFires <USER> <USER> <URL> || <USER> <USER> <USER> I wonder if there's a push for out of area rescuers to come in to help ? I know we have animal rescues here that fly into areas and bring the animals to the US to rehab and treat injuries . ( I got my rescues ( not wombats ) from a guy who does nothing but this , God is my Pilot )",163,31,2,3.7096774193548385,1,0,0,0,3,0.0967741935483871,1,0,0,0,0,0,0,False,91,True,1.0,True,heuristic-high
figlang_twitter,twitter,train,1,@USER @USER __ ' you've won it all by bloody cheating ' comes to mind,"Find it very funny that since Leicester reached the top everyone is cheering their demise ... classic British mentality , don't understand it || @USER I've always disliked them and they cheated their way out of the championship",2,<USER> <USER> __ ' you've won it all by bloody cheating ' comes to mind,"Find it very funny that since Leicester reached the top everyone is cheering their demise ... classic British mentality , don't understand it || <USER> I've always disliked them and they cheated their way out of the championship",75,14,1,3.642857142857143,0,0,0,0,2,0.14285714285714285,0,0,0,0,0,0,0,False,35,True,0.8999999999999999,True,heuristic-high
figlang_twitter,twitter,train,1,@USER thats exactly what I think too - esp this 1 person who is known for being a big trend-hopper,"I see that a few certain people on Facebook who gave me crap about being a vegetarian 11 years ago have now announced they are vegans 😑 || @USER And they're probably doing it because it's ' cool ' , which it isn't . At least you know what's what 👍 🏻 🍕",2,<USER> thats exactly what I think too - esp this 1 person who is known for being a big trend-hopper,"I see that a few certain people on Facebook who gave me crap about being a vegetarian 11 years ago have now announced they are vegans 😑 || <USER> And they're probably doing it because it's ' cool ' , which it isn't . At least you know what's what 👍 🏻 🍕",101,19,1,3.9473684210526314,0,0,0,0,1,0.05263157894736842,0,0,0,0,0,0,0,False,45,True,1.0,True,heuristic-high
figlang_twitter,twitter,train,1,"@USER 🤣 & these crooks campaigned on Trudeau's media manufactured "" scandals "" . Rich . #Karma",#Breaking Global News has learned Conservative leader Andrew Scheer is about to resign #cdnpoli #CPC || Global News has learned that Scheer is resigning after it was revealed he had been using Conservative Party money to pay for his children's private school education . #cdnpoli #CPC,2,"<USER> 🤣 & these crooks campaigned on Trudeau's media manufactured "" scandals "" . Rich . Karma",Breaking Global News has learned Conservative leader Andrew Scheer is about to resign cdnpoli CPC || Global News has learned that Scheer is resigning after it was revealed he had been using Conservative Party money to pay for his children's private school education . cdnpoli CPC,98,11,2,6.363636363636363,0,0,0,0,1,0.09090909090909091,1,0,1,0,0,0,0,False,44,True,0.8090909090909091,True,heuristic-high
figlang_twitter,twitter,train,1,@USER @USER Imagine a trump sycophant talking about fidelity to anyone .,"Good riddance , but also God help us . My mother emigrated from Iran in her 20s , to forge a better life for herself . 1 / || Iran is smart and strategic and all over the world . Iran isn ’ t an irrational actor , but they have the pride of a 5,000 year old culture . I fear they are going to hit back in a way to remind America that they are a real and independent country . I hope I ’ m wrong . 2 /",2,<USER> <USER> Imagine a trump sycophant talking about fidelity to anyone .,"Good riddance , but also God help us . My mother emigrated from Iran in her 20s , to forge a better life for herself . 1 / || Iran is smart and strategic and all over the world . Iran isn ' t an irrational actor , but they have the pride of a 5,000 year old culture . I fear they are going to hit back in a way to remind America that they are a real and independent country . I hope I ' m wrong . 2 /",78,11,1,5.2727272727272725,0,0,0,0,2,0.18181818181818182,0,0,0,0,0,0,0,False,77,True,0.8886363636363637,True,heuristic-high
figlang_twitter,twitter,train,1,@USER @USER @USER LOL you call yourself Freedom Zone and you takl about getting rid of public media .,@USER @USER Andrew is part of the elitist left wing media class that is quickly becoming irrelevant . || @USER @USER @USER Now the CBC loves his NDP loving views . lol . We will get rid of #CBC soon enough too .,2,<USER> <USER> <USER> LOL you call yourself Freedom Zone and you takl about getting rid of public media .,<USER> <USER> Andrew is part of the elitist left wing media class that is quickly becoming irrelevant . || <USER> <USER> <USER> Now the CBC loves his NDP loving views . lol . We will get rid of CBC soon enough too .,110,18,1,4.388888888888889,0,0,0,0,4,0.2222222222222222,0,0,0,0,0,0,1,False,38,True,0.8930555555555555,True,heuristic-high
figlang_twitter,twitter,train,1,@USER @USER thinking the same thing ! Couldn't read about putting phone down without my phone ! ___,In a flash we'll be on the other side . Our eyes will pop open to the enormity of the cosmic drama enveloping earth . … <URL> || @USER ❤ ️ this but also kinda ironic that I 👀 it on my phone 😳,2,<USER> <USER> thinking the same thing ! Couldn't read about putting phone down without my phone ! _,In a flash we'll be on the other side . Our eyes will pop open to the enormity of the cosmic drama enveloping earth . ... <URL> || <USER> ❤ ️ this but also kinda ironic that I 👀 it on my phone 😳,103,15,2,5.0,2,0,0,0,2,0.13333333333333333,0,0,0,0,0,0,0,False,36,True,0.8833333333333333,True,heuristic-high
figlang_twitter,twitter,train,1,@USER @USER This is what I say about Donald Trump everyday . #mindblown #oops,"Freedom of Speech = this person can take Dog the Bounty Hunter's words , lie and say it's me , and some folks are dum … <URL> || @USER I think the amount of #fakenews created about you is directly related to the significance and value of your contributions",2,<USER> <USER> This is what I say about Donald Trump everyday . mindblown oops,"Freedom of Speech = this person can take Dog the Bounty Hunter's words , lie and say it's me , and some folks are dum ... <URL> || <USER> I think the amount of fakenews created about you is directly related to the significance and value of your contributions",85,13,1,4.538461538461538,0,0,0,0,2,0.15384615384615385,0,0,0,0,0,0,0,False,44,True,1.0,True,heuristic-high
figlang_twitter,twitter,train,1,"@USER @USER @USER I would like to give you the benefit of the doubt , but I don't set the rules . As the Boomtown Rats sang , You're guilty , ' til proven guilty Isn't that the law ? Guilty , ' til proven guilty That's what we all saw <URL>","JUST IN : Cadets accused of using white supremacy hand gesture at Army-Navy game have been cleared of wrong doing . West Point says the cadets were playing the "" circle game ” || @USER @USER Leftie here I played the circle game when i was younger and instantly realized what they were doing . Please dont lump us all together .",2,"<USER> <USER> <USER> I would like to give you the benefit of the doubt , but I don't set the rules . As the Boomtown Rats sang , You're guilty , ' til proven guilty Isn't that the law ? Guilty , ' til proven guilty That's what we all saw <URL>","JUST IN : Cadets accused of using white supremacy hand gesture at Army-Navy game have been cleared of wrong doing . West Point says the cadets were playing the "" circle game "" || <USER> <USER> Leftie here I played the circle game when i was younger and instantly realized what they were doing . Please dont lump us all together .",249,46,2,3.869565217391304,0,1,0,0,4,0.08695652173913043,0,0,0,0,0,0,0,False,56,True,1.0,True,heuristic-high
figlang_twitter,twitter,train,1,@USER @USER It's actually a think piece about racial identity and how you have to look deeper .,. @USER Do the #BoycottNetflix ppl not realize that #dearwhitepeople was a movie that was in theaters FIRS … <URL> || @USER @USER I think white people generally dislike movies about how terrible white people are . To be fair its only logical,2,<USER> <USER> It's actually a think piece about racial identity and how you have to look deeper .,. <USER> Do the BoycottNetflix ppl not realize that dearwhitepeople was a movie that was in theaters FIRS ... <URL> || <USER> <USER> I think white people generally dislike movies about how terrible white people are . To be fair its only logical,101,17,1,4.411764705882353,0,0,0,0,2,0.11764705882352941,0,0,0,0,0,0,0,False,39,True,1.0,True,heuristic-high
figlang_twitter,twitter,train,1,@USER @USER @USER He also cried during GamerGate that games media had ingroups and special access that tainted their journalism . #lol 🐀,"Matt claims #RiseOfTheSkywalker didn't stand a chance on YT because of #FandomMenace and @USER @USER and @USER are to blame for cashing in on slamming it , for playing the game . Meanwhile from the past . 🐀 <URL> || @USER @USER @USER I know , it ’ s like he built his channel on being against identity politics in movies . Now he is trying to reverse gears and go in the opposite direction .",2,<USER> <USER> <USER> He also cried during GamerGate that games media had ingroups and special access that tainted their journalism . lol 🐀,"Matt claims RiseOfTheSkywalker didn't stand a chance on YT because of FandomMenace and <USER> <USER> and <USER> are to blame for cashing in on slamming it , for playing the game . Meanwhile from the past . 🐀 <URL> || <USER> <USER> <USER> I know , it ' s like he built his channel on being against identity politics in movies . Now he is trying to reverse gears and go in the opposite direction .",146,21,1,5.142857142857143,0,0,0,0,3,0.14285714285714285,1,0,0,0,0,0,1,False,68,True,0.9416666666666667,True,heuristic-high
figlang_twitter,twitter,train,1,"@USER @USER Son , it ’ s a swear word that adults use to emphasize a point . Anyway , you ’ re 10 yrs old , wtf you doing on Twitter anyway ? I ’ m deleting your account . Now put the GD phone down and get outside and play ...","“ I run through a motherf — — - face . Offense , defense , special teams . I think that ’ s why Bill likes me . ” — FB / LB / captain Elandon Roberts . <URL> || @USER mike my 10 year old son just saw this tweet . How am i supposed to explain this to my son",2,"<USER> <USER> Son , it ' s a swear word that adults use to emphasize a point . Anyway , you ' re 10 yrs old , wtf you doing on Twitter anyway ? I ' m deleting your account . Now put the GD phone down and get outside and play ...",""" I run through a motherf - - - face . Offense , defense , special teams . I think that ' s why Bill likes me . "" - FB / LB / captain Elandon Roberts . <URL> || <USER> mike my 10 year old son just saw this tweet . How am i supposed to explain this to my son",232,45,4,3.577777777777778,0,1,1,1,3,0.06666666666666667,0,0,0,0,0,0,0,False,45,True,0.9611111111111111,True,heuristic-high
figlang_twitter,twitter,train,1,"@USER : ( 1 ) I'm not a white man , I'm Native America ( Paiute ) , and ( 2 ) those guys dressed up as Natives .","A "" protest "" which turns violent ( against persons or property ) isn't a protest - it's looting & rioting , & should be dealt w / as such . #utpol || @USER symbolic defiance of authority has a long history of involving violence to a degree w / o losing legitimacy <URL>",2,"<USER> : ( 1 ) I'm not a white man , I'm Native America ( Paiute ) , and ( 2 ) those guys dressed up as Natives .","A "" protest "" which turns violent ( against persons or property ) isn't a protest - it's looting & rioting , & should be dealt w / as such . utpol || <USER> symbolic defiance of authority has a long history of involving violence to a degree w / o losing legitimacy <URL>",115,17,1,4.176470588235294,0,0,0,0,1,0.058823529411764705,0,0,0,0,0,0,0,False,42,True,0.9073529411764707,True,heuristic-high
figlang_twitter,twitter,train,1,@USER She did win the popular vote did she not ? And Trump won the electorate vote . Lol,"Also - had Hillary won - I'd have accepted it ... knowing that my fellow citizens wanted her more ... I trust in my country ! || @USER Hmm as of now over 200,000 more people voted for her so I think your fellow citizens did want her more .",2,<USER> She did win the popular vote did she not ? And Trump won the electorate vote . Lol,"Also - had Hillary won - I'd have accepted it ... knowing that my fellow citizens wanted her more ... I trust in my country ! || <USER> Hmm as of now over 200,000 more people voted for her so I think your fellow citizens did want her more .",91,17,2,3.9411764705882355,0,1,0,0,1,0.058823529411764705,0,0,0,0,0,0,1,False,42,True,1.0,True,heuristic-high
figlang_twitter,twitter,train,1,"@USER @USER didnt see that but read he was bummed ab punch b / c he should be "" safe "" at inaug","@USER @USER if i wasnt afraid for my life , id find this side splittingly hilarious || @USER @USER Did you see Spencer's tweets from his safe space ? Getting cockpunched seems to breed introspection in Nazis .",2,"<USER> <USER> didnt see that but read he was bummed ab punch b / c he should be "" safe "" at inaug","<USER> <USER> if i wasnt afraid for my life , id find this side splittingly hilarious || <USER> <USER> Did you see Spencer's tweets from his safe space ? Getting cockpunched seems to breed introspection in Nazis .",101,20,1,3.4,0,0,0,0,2,0.1,0,0,1,0,0,0,0,False,34,True,1.0,True,heuristic-high
figlang_twitter,twitter,train,1,"@USER @USER @USER He managed to keep prayers out of schools , along with the please of allegiance .",I sure am .. I am behind @USER just like I was behind @USER ... I think it ’ s crazy that Americans are not behind the President of the United States ... <URL> || @USER @USER @USER Obama was a POS . What did he accomplish ? ?,2,"<USER> <USER> <USER> He managed to keep prayers out of schools , along with the please of allegiance .",I sure am .. I am behind <USER> just like I was behind <USER> ... I think it ' s crazy that Americans are not behind the President of the United States ... <URL> || <USER> <USER> <USER> Obama was a POS . What did he accomplish ? ?,108,17,1,4.470588235294118,0,0,0,0,3,0.17647058823529413,0,0,0,0,0,0,0,False,42,True,1.0,True,heuristic-high
figlang_twitter,twitter,train,1,@USER @USER @USER Isn't it a shame that Hindu fanatics are spreading terror in Iraq and Syria . Just last week a certain Hindu tried to kill few people on the London bridge ! Jamal Khasoggi was murdered by a certain RSS worker . Osama bin Laden was a member of the BJP . #islamicfanatic,Why is @USER upset with CAB ? Was he planning to apply for Indian citizenship ? || @USER @USER Forget @USER - Whole #India and Whole #World is worried about Hindu Religious Fanaticism -,2,<USER> <USER> <USER> Isn't it a shame that Hindu fanatics are spreading terror in Iraq and Syria . Just last week a certain Hindu tried to kill few people on the London bridge ! Jamal Khasoggi was murdered by a certain RSS worker . Osama bin Laden was a member of the BJP . islamicfanatic,Why is <USER> upset with CAB ? Was he planning to apply for Indian citizenship ? || <USER> <USER> Forget <USER> - Whole India and Whole World is worried about Hindu Religious Fanaticism -,296,51,4,4.392156862745098,1,0,0,0,5,0.09803921568627451,0,0,0,0,0,0,0,False,29,True,0.9759803921568628,True,heuristic-high
figlang_twitter,twitter,train,1,"@USER it's interesting that the same white voters in Florida , Ohio , and Pennsylvania that voted for Obama , also voted for Trump .",""" on the bright side , 227 years is a pretty good run for a republic . "" "" This is white supremacy's last stand . "" - CBC commentators just now || "" I have nothing left to lose so I will say it : This is white supremacy's last stand . "" This clip sums up … <URL>",2,"<USER> it's interesting that the same white voters in Florida , Ohio , and Pennsylvania that voted for Obama , also voted for Trump .",""" on the bright side , 227 years is a pretty good run for a republic . "" "" This is white supremacy's last stand . "" - CBC commentators just now || "" I have nothing left to lose so I will say it : This is white supremacy's last stand . "" This clip sums up ... <URL>",135,21,1,4.904761904761905,0,0,0,0,1,0.047619047619047616,0,0,0,0,0,0,0,False,45,True,0.9833333333333334,True,heuristic-high
figlang_twitter,twitter,train,1,"@USER @USER insults city because they don't have a power saw , then calls city classless .",""" This is the only arena in the league without a power saw to cut sticks "" - every #Canucks player , earning the cut . 😐 <URL> || @USER What a crap arena ! ! ! Typical philly . So classless ! ! ! Trash city",2,"<USER> <USER> insults city because they don't have a power saw , then calls city classless .",""" This is the only arena in the league without a power saw to cut sticks "" - every Canucks player , earning the cut . 😐 <URL> || <USER> What a crap arena ! ! ! Typical philly . So classless ! ! ! Trash city",96,15,1,4.666666666666667,0,0,0,0,2,0.13333333333333333,0,0,0,0,0,0,0,False,33,True,0.9416666666666667,True,heuristic-high
figlang_twitter,twitter,train,1,@USER @USER @USER You ’ re right ! A black president in the US is a preposterous idea .,"It ’ s with a full heart that I share this news — I ’ m suspending my campaign for president . To my team , supporters , and everyone who gave me a shot — thank you . I am so proud of what we built , and I feel nothing but faith in what we can accomplish together . <URL> || @USER I will never understand how Cory Booker was not more popular . He's a senator , Rhode scholar , college football player , mayor , activist and has the most positive outlook I've ever seen . You'll be missed Cory .",2,<USER> <USER> <USER> You ' re right ! A black president in the US is a preposterous idea .,"It ' s with a full heart that I share this news - I ' m suspending my campaign for president . To my team , supporters , and everyone who gave me a shot - thank you . I am so proud of what we built , and I feel nothing but faith in what we can accomplish together . <URL> || <USER> I will never understand how Cory Booker was not more popular . He's a senator , Rhode scholar , college football player , mayor , activist and has the most positive outlook I've ever seen . You'll be missed Cory .",96,17,2,3.764705882352941,1,0,0,0,4,0.23529411764705882,0,0,0,0,0,0,1,False,89,True,1.0,True,heuristic-high
figlang_twitter,twitter,train,1,@USER @USER the crazies follow and even threaten people in writing ... amazing ! #surrondedbycrazies,"Today I learned that if you make a harmless joke about Greta Thunberg , hundreds of radical climate change Nazis get extremely hostile and some make physical threats . These deranged individuals really see Greta as their prophet and any criticism , even a tame joke , is blasphemy . <URL> || @USER A child who actually hasn ’ t done anything is not a prophet . Meanwhile , Boyan Slat is actually cleaning up the oceans and it ’ s getting very little press . Gotta love the media .",2,<USER> <USER> the crazies follow and even threaten people in writing ... amazing ! surrondedbycrazies,"Today I learned that if you make a harmless joke about Greta Thunberg , hundreds of radical climate change Nazis get extremely hostile and some make physical threats . These deranged individuals really see Greta as their prophet and any criticism , even a tame joke , is blasphemy . <URL> || <USER> A child who actually hasn ' t done anything is not a prophet . Meanwhile , Boyan Slat is actually cleaning up the oceans and it ' s getting very little press . Gotta love the media .",107,13,2,6.076923076923077,1,0,1,1,2,0.15384615384615385,0,0,0,0,0,0,1,False,81,True,0.9865384615384616,True,heuristic-high
figlang_twitter,twitter,train,1,"@USER Spanish Fort , AL . Even the few Baggers that where working where aggravated with Grocery Manager Bawaneh . I throughly enjoyed helping bag my groceries and placing the groceries in the cart .","@USER A special shout out to Humza Bawaneh for his ability to come out of the office , flirt for 20 seconds with a bagger , then tell everyone he will not bag , but go work on the shelves . All this while 6 lines are packed with customers and the cashiers help . #leadership || @USER I'm sorry to hear about your experience . What store location are you referring to ? - Caroline",2,"<USER> Spanish Fort , AL . Even the few Baggers that where working where aggravated with Grocery Manager Bawaneh . I throughly enjoyed helping bag my groceries and placing the groceries in the cart .","<USER> A special shout out to Humza Bawaneh for his ability to come out of the office , flirt for 20 seconds with a bagger , then tell everyone he will not bag , but go work on the shelves . All this while 6 lines are packed with customers and the cashiers help . leadership || <USER> I'm sorry to hear about your experience . What store location are you referring to ? - Caroline",201,31,3,5.129032258064516,0,0,0,0,2,0.06451612903225806,0,0,0,0,0,0,0,False,65,True,0.932258064516129,True,heuristic-high
figlang_twitter,twitter,train,1,@USER Screw history ! Who cares if we make the same mistakes as we did in the past .,"INBOX : Philadelphia Union today announced that the organization ’ s USL club , Bethlehem Steel FC , will become Philadelphia Union II ahead of the 2020 USL Championship season . || I remember there was genuine excitement that the Bethlehem Steel brand was being revived . Now it's being axed",2,<USER> Screw history ! Who cares if we make the same mistakes as we did in the past .,"INBOX : Philadelphia Union today announced that the organization ' s USL club , Bethlehem Steel FC , will become Philadelphia Union II ahead of the 2020 USL Championship season . || I remember there was genuine excitement that the Bethlehem Steel brand was being revived . Now it's being axed",87,17,2,3.7058823529411766,1,0,0,0,1,0.058823529411764705,0,0,0,0,0,0,0,False,44,True,1.0,True,heuristic-high
figlang_twitter,twitter,train,1,@USER @USER many of these same folks are bullying third party candidates and their supporters right now .,". @USER on #ElectionNight : "" This was a whitelash against a changing country "" <URL> <URL> || . @USER : “ It's hard to be a parent tonight . ... You tell your kids don ’ t be a bully "" and then have this outcome <URL>",2,<USER> <USER> many of these same folks are bullying third party candidates and their supporters right now .,". <USER> on ElectionNight : "" This was a whitelash against a changing country "" <URL> <URL> || . <USER> : "" It's hard to be a parent tonight . ... You tell your kids don ' t be a bully "" and then have this outcome <URL>",111,17,1,5.0,0,0,0,0,2,0.11764705882352941,0,0,0,0,0,0,1,False,37,True,0.9588235294117647,True,heuristic-high
figlang_twitter,twitter,train,1,"@USER Yes . Under measures introduced by , um , Amber Rudd .","West Midlands Police confirm Amber Rudd's speech to Conservative Party conference in Birmingham treated as a "" hate incident "" ... || @USER They probably had to . "" Incident "" means "" not a crime "" .",2,"<USER> Yes . Under measures introduced by , um , Amber Rudd .","West Midlands Police confirm Amber Rudd's speech to Conservative Party conference in Birmingham treated as a "" hate incident "" ... || <USER> They probably had to . "" Incident "" means "" not a crime "" .",63,9,2,4.777777777777778,0,0,0,0,1,0.1111111111111111,0,0,0,0,0,0,0,False,28,True,0.7472222222222222,True,heuristic-high
figlang_twitter,twitter,train,1,@USER @USER The very people who could do with a good education .,"Well , if u can judge effectiveness of a tweet by the amount of hate it generates ... I've won Twitter . My feed jaw-dropping , all blocked now || @USER It wasn't a conversation , it was a torrent of abuse from Trump supporters .",2,<USER> <USER> The very people who could do with a good education .,"Well , if u can judge effectiveness of a tweet by the amount of hate it generates ... I've won Twitter . My feed jaw-dropping , all blocked now || <USER> It wasn't a conversation , it was a torrent of abuse from Trump supporters .",70,12,1,4.083333333333333,0,0,0,0,2,0.16666666666666666,0,0,0,0,0,0,0,False,40,True,1.0,True,heuristic-high
figlang_twitter,twitter,train,1,@USER I was gonna ask the same thing by with an,"Look at this comment : How utterly stupid and fatuous it is . "" Quite a change ! "" Marvel at the sheer imbecility of tha … <URL> || In one of the comments on this idiotic tweet , someone has asked , apparently without irony : "" Pivot ? """,2,<USER> I was gonna ask the same thing by with an,"Look at this comment : How utterly stupid and fatuous it is . "" Quite a change ! "" Marvel at the sheer imbecility of tha ... <URL> || In one of the comments on this idiotic tweet , someone has asked , apparently without irony : "" Pivot ? """,50,11,1,3.272727272727273,0,0,0,0,1,0.09090909090909091,0,0,0,0,0,0,0,False,38,True,1.0,True,heuristic-high
figlang_twitter,twitter,train,1,@USER Part of the reason for that is that being a Domme is legal whereas being a prostitute is not . Most Dommes don ’ t want to mix the two for legal reasons which is cool but they don ’ t get that those strap on sessions count as prostitution so they are legally hookers too .,"I see this a lot in the pro Domme online community . Using the word whore as a term of empowerment but not actually promoting fssw . ( Yes , I know society thinks we are all whores but consider whose head your stepping on for your empowerment ) Lez talk more about it . 🌹 ❤ ️ <URL> || For 8 years I openly escorted and dommed with no separation and was not embraced by the online dominatrix community until I stopped actively advertising two years ago for my own reasons . I think it ’ s really telling .",2,<USER> Part of the reason for that is that being a Domme is legal whereas being a prostitute is not . Most Dommes don ' t want to mix the two for legal reasons which is cool but they don ' t get that those strap on sessions count as prostitution so they are legally hookers too .,"I see this a lot in the pro Domme online community . Using the word whore as a term of empowerment but not actually promoting fssw . ( Yes , I know society thinks we are all whores but consider whose head your stepping on for your empowerment ) Lez talk more about it . 🌹 ❤ ️ <URL> || For 8 years I openly escorted and dommed with no separation and was not embraced by the online dominatrix community until I stopped actively advertising two years ago for my own reasons . I think it ' s really telling .",281,56,2,3.892857142857143,0,0,0,0,1,0.017857142857142856,0,0,0,0,0,0,0,False,88,True,1.0,True,heuristic-high
figlang_twitter,twitter,train,1,@USER @USER wait there's an election what election ? haven't heard anything about an election ... lemme @USER that .,"Be prepared to LOL at me goin nuts on #TyraPatterson PROSECUTOR - an interesting & entertaining hour ahead on the N … <URL> || @USER @USER Do we get the next episode or is the election going to derail it ? 🤔 Please , please say nooooo . 🤗",2,<USER> <USER> wait there's an election what election ? haven't heard anything about an election ... lemme <USER> that .,"Be prepared to LOL at me goin nuts on TyraPatterson PROSECUTOR - an interesting & entertaining hour ahead on the N ... <URL> || <USER> <USER> Do we get the next episode or is the election going to derail it ? 🤔 Please , please say nooooo . 🤗",125,17,3,5.235294117647059,0,1,1,1,3,0.17647058823529413,0,0,0,0,0,0,0,False,40,True,0.9073529411764707,True,heuristic-high
figlang_twitter,twitter,train,1,"@USER I guess that's what they proudly call , fighting like a girl . @USER @USER",@USER and @USER on being trolled – and how hate only makes them fight back harder <URL> || @USER @USER @USER hypocrites basking in the glow of self praise . Both a cancer on our … <URL>,2,"<USER> I guess that's what they proudly call , fighting like a girl . <USER> <USER>",<USER> and <USER> on being trolled - and how hate only makes them fight back harder <URL> || <USER> <USER> <USER> hypocrites basking in the glow of self praise . Both a cancer on our ... <URL>,89,14,1,4.285714285714286,0,0,0,0,3,0.21428571428571427,0,0,0,0,0,0,0,False,33,True,0.9625,True,heuristic-high
figlang_twitter,twitter,train,1,@USER @USER @USER I find it hilarious that you're #boycotting something you were never going to watch . ___,"The cast and producers of Hamilton , which I hear is highly overrated , should immediately apologize to Mike Pence for their terrible behavior || @USER This is sickening & so hypocritical . If this said non black apply ! OMG ! Al & Jesse would be all ov … <URL>",2,<USER> <USER> <USER> I find it hilarious that you're boycotting something you were never going to watch . _,"The cast and producers of Hamilton , which I hear is highly overrated , should immediately apologize to Mike Pence for their terrible behavior || <USER> This is sickening & so hypocritical . If this said non black apply ! OMG ! Al & Jesse would be all ov ... <URL>",115,17,1,4.764705882352941,0,0,0,0,3,0.17647058823529413,0,0,0,0,0,0,0,False,42,True,1.0,True,heuristic-high
figlang_twitter,twitter,train,1,@USER @USER @USER If you read the story - it came from #Ricketts if you phone the right people - you get the answer you'll be given in the New year ... #Ohdearindeed #notfakenews,"So the @USER finally expel my local racist and sex worker councillor for her #AntiSemitism . She should now resign and so should @USER . Any thoughts ? @USER #Plymouth #LabourAntisemitism || @USER @USER @USER Oh dear Danny ... perhaps you should double-check your "" fake news "" supplier ... all is not as it seems ... <URL>",2,<USER> <USER> <USER> If you read the story - it came from Ricketts if you phone the right people - you get the answer you'll be given in the New year ... Ohdearindeed notfakenews,"So the <USER> finally expel my local racist and sex worker councillor for her AntiSemitism . She should now resign and so should <USER> . Any thoughts ? <USER> Plymouth LabourAntisemitism || <USER> <USER> <USER> Oh dear Danny ... perhaps you should double-check your "" fake news "" supplier ... all is not as it seems ... <URL>",190,31,1,4.32258064516129,0,0,1,1,3,0.0967741935483871,0,0,0,0,0,0,1,False,50,True,1.0,True,heuristic-high
figlang_twitter,twitter,train,1,Such shame that ppl like @USER stand for pakistani actors but dont hv spine to stand for thr Own . #Hippocrates #ZairaWasim,"Still waiting Why @USER hasn't come out supporting #ZahiraWasim . Like the way he wanted to leave country due to "" intolerance "" || Dear @USER after what happened to #ZairaWasim Kiran Rao is feeling safe in India and hope all plans to leave the country r dropped",2,Such shame that ppl like <USER> stand for pakistani actors but dont hv spine to stand for thr Own . Hippocrates ZairaWasim,"Still waiting Why <USER> hasn't come out supporting ZahiraWasim . Like the way he wanted to leave country due to "" intolerance "" || Dear <USER> after what happened to ZairaWasim Kiran Rao is feeling safe in India and hope all plans to leave the country r dropped",128,21,1,4.666666666666667,0,0,0,0,1,0.047619047619047616,0,0,0,0,0,0,0,False,44,True,0.8999999999999999,True,heuristic-high
figlang_twitter,twitter,train,1,@USER @USER It was just a bit of based on today's news regarding RKG funding . IMHO we should have greater aspirations .,"BREAKING : Olafur Eliasson will grace @USER with a new installation financed by the pop-up rink at Rowes Wh … <URL> || @USER @USER As incredible as this would be , that's totally news to us . There aren't current plans involving this artist & Greenway 🙁",2,<USER> <USER> It was just a bit of based on today's news regarding RKG funding . IMHO we should have greater aspirations .,"BREAKING : Olafur Eliasson will grace <USER> with a new installation financed by the pop-up rink at Rowes Wh ... <URL> || <USER> <USER> As incredible as this would be , that's totally news to us . There aren't current plans involving this artist & Greenway 🙁",126,21,2,4.476190476190476,0,0,0,0,4,0.19047619047619047,0,0,0,0,0,0,0,False,41,True,0.9833333333333334,True,heuristic-high
figlang_twitter,twitter,train,1,"@USER @USER @USER boy , oh boy .. y'all are acting like SJW's while accusing Ben of acting like an SJW .","On the other hand , if this is an attempt to dump the alt-right by the side of the road , that would be excellent . <URL> || @USER @USER Ben I wonder if you realize that you're no better than the SJW culture on the left when you play Jew victim . Really",2,"<USER> <USER> <USER> boy , oh boy .. y'all are acting like SJW's while accusing Ben of acting like an SJW .","On the other hand , if this is an attempt to dump the alt-right by the side of the road , that would be excellent . <URL> || <USER> <USER> Ben I wonder if you realize that you're no better than the SJW culture on the left when you play Jew victim . Really",113,19,2,4.0,0,0,1,1,5,0.2631578947368421,0,0,0,0,0,0,1,False,50,True,0.8802631578947369,True,heuristic-high
figlang_twitter,twitter,train,1,@USER I'd pass it on to my source at Greggs but she'd only have it taken off her again by UC,Blimey . I don't claim this is all down to my little Tweet last week but modesty aside I think we can safely say this is all down to my little Tweet last week . <URL> || @USER you should claim fee from #Guardian as their source #Copyright,2,<USER> I'd pass it on to my source at Greggs but she'd only have it taken off her again by UC,Blimey . I don't claim this is all down to my little Tweet last week but modesty aside I think we can safely say this is all down to my little Tweet last week . <URL> || <USER> you should claim fee from Guardian as their source Copyright,95,21,1,3.380952380952381,0,0,0,0,2,0.09523809523809523,0,0,0,0,0,0,0,False,45,True,1.0,True,heuristic-high
figlang_twitter,twitter,train,1,@USER I'll be one of those people trying to get the closest parking spot to the entrance because I don't want to walk too far .,"My New Years resolution is to not shoot anymore "" step porn "" . I will probably be as successful as the people who join a gym on Jan 1 , go twice and then pay out their contract while remaining obese . Oh ! ! and I'm joining a gym on Jan 1st ! ! My life is tragic . Goodnight || @USER May I suggest Planet Fitness , only $ 10 a month and the same equipment you can be not using , as higher priced gyms . No yoga , pilates or sauna tho ... 🙂",2,<USER> I'll be one of those people trying to get the closest parking spot to the entrance because I don't want to walk too far .,"My New Years resolution is to not shoot anymore "" step porn "" . I will probably be as successful as the people who join a gym on Jan 1 , go twice and then pay out their contract while remaining obese . Oh ! ! and I'm joining a gym on Jan 1st ! ! My life is tragic . Goodnight || <USER> May I suggest Planet Fitness , only $ 10 a month and the same equipment you can be not using , as higher priced gyms . No yoga , pilates or sauna tho ... 🙂",130,25,1,4.0,0,0,0,0,1,0.04,0,0,0,0,0,0,0,False,79,True,1.0,True,heuristic-high
figlang_twitter,twitter,train,1,"@USER @USER Yeah , good luck with that . Being constructive is all i advocate . Not smashing your face against a brick wall .","@USER Just take your Camel and swallow it . Work instead to hold him accountable , and politically object to bad decisions . ( Part 1 ) || @USER @USER Naw . We're gonna PREVENT Trump . That's a better strategy . We willl never accept him . Get used to it !",2,"<USER> <USER> Yeah , good luck with that . Being constructive is all i advocate . Not smashing your face against a brick wall .","<USER> Just take your Camel and swallow it . Work instead to hold him accountable , and politically object to bad decisions . ( Part 1 ) || <USER> <USER> Naw . We're gonna PREVENT Trump . That's a better strategy . We willl never accept him . Get used to it !",131,21,3,4.523809523809524,0,0,0,0,2,0.09523809523809523,0,0,0,0,0,0,1,False,41,True,1.0,True,heuristic-high
figlang_twitter,twitter,train,1,@USER @USER I find it comical that Clemson is in the title game tonight and the only thing on your mind is me : living rent free in your head !,@USER Dang Peter is blocking every Clemson fan now . You are softer than our schedule was . || @USER @USER He ’ s def blocked people that did NOT get personal . They just presented facts .,2,<USER> <USER> I find it comical that Clemson is in the title game tonight and the only thing on your mind is me : living rent free in your head !,<USER> Dang Peter is blocking every Clemson fan now . You are softer than our schedule was . || <USER> <USER> He ' s def blocked people that did NOT get personal . They just presented facts .,149,29,1,3.7586206896551726,1,0,0,0,2,0.06896551724137931,0,0,0,0,0,0,0,False,33,True,1.0,True,heuristic-high
figlang_twitter,twitter,train,1,@USER @USER @USER you're going to insult someone's cleverness with that sentence structure .. ?,". @USER I know you think you look handsome and "" serious "" but this is a very unflattering portrait of constipation , angel . || . @USER Honestly , Donald , you look like the nanny just took away your milk .",2,<USER> <USER> <USER> you're going to insult someone's cleverness with that sentence structure .. ?,". <USER> I know you think you look handsome and "" serious "" but this is a very unflattering portrait of constipation , angel . || . <USER> Honestly , Donald , you look like the nanny just took away your milk .",104,13,2,5.769230769230769,0,1,1,1,3,0.23076923076923078,0,0,0,0,0,0,0,False,33,True,0.851923076923077,True,heuristic-high
figlang_twitter,twitter,train,1,@USER @USER you seriously believe that thousands of ppl are concerned about this because of low IQ ? Consider your own,"DC police : Comet Ping Pong suspect is Edgar Maddison Welch of Salisbury , NC who said he came to investigate "" pizzag … <URL> || @USER I really don't understand how so many people are so gullible . Serious question . Mental illness ? Low IQ ?",2,<USER> <USER> you seriously believe that thousands of ppl are concerned about this because of low IQ ? Consider your own,"DC police : Comet Ping Pong suspect is Edgar Maddison Welch of Salisbury , NC who said he came to investigate "" pizzag ... <URL> || <USER> I really don't understand how so many people are so gullible . Serious question . Mental illness ? Low IQ ?",124,20,1,4.75,0,1,0,0,3,0.15,0,0,0,0,0,0,0,False,39,True,1.0,True,heuristic-high
figlang_twitter,twitter,train,1,"@USER Oh yes ULIP ! ! or even better "" Term with return of premium """,Retirement planning - you have no clue whether you will live for 50 more years or 50 more hours ! || @USER That ’ s why insurance should be integral part of your investment portfolio !,2,"<USER> Oh yes ULIP ! ! or even better "" Term with return of premium """,Retirement planning - you have no clue whether you will live for 50 more years or 50 more hours ! || <USER> That ' s why insurance should be integral part of your investment portfolio !,71,12,2,4.0,2,0,0,0,2,0.16666666666666666,0,0,1,0,0,0,1,False,30,True,0.9416666666666667,True,heuristic-high
figlang_twitter,twitter,train,1,@USER @USER @USER wants it so bad . He also believes Freddie should be traded and the rest of the team should be shot,"Justin Holl really good again tonight . Telling you , better get this guy signed . || @USER Why waste the money . Let ’ s bring back Babcock ? B / c he wasn ’ t the problem #youdontmatter",2,<USER> <USER> <USER> wants it so bad . He also believes Freddie should be traded and the rest of the team should be shot,"Justin Holl really good again tonight . Telling you , better get this guy signed . || <USER> Why waste the money . Let ' s bring back Babcock ? B / c he wasn ' t the problem youdontmatter",126,23,1,3.9130434782608696,0,0,0,0,3,0.13043478260869565,0,0,0,0,0,0,0,False,33,True,1.0,True,heuristic-high
figlang_twitter,twitter,train,1,@USER @USER Ive been following him religiously ... but given his predilection to chop and change his political opinions its hard to tell without attached .,My prediction is things will calm down politically speaking from now on for the PM and it will be smooth sailing from here for him . || @USER @USER You need to check some of PVO ’ s earlier predictions ... He ’ s taking the piss out of himself,2,<USER> <USER> Ive been following him religiously ... but given his predilection to chop and change his political opinions its hard to tell without attached .,My prediction is things will calm down politically speaking from now on for the PM and it will be smooth sailing from here for him . || <USER> <USER> You need to check some of PVO ' s earlier predictions ... He ' s taking the piss out of himself,161,24,2,5.166666666666667,0,0,1,1,2,0.08333333333333333,0,0,0,0,0,0,0,False,47,True,0.978125,True,heuristic-high
figlang_twitter,twitter,train,1,@USER @USER Too bad you are probably 1 out of a 100 people who have actually given a small dollar donation to her campaign ! Maybe that will drop her average down from $ 2000 to $ 1990 per donor ! What grassroots progress !,We are just hours away from our first major fundraising deadline . Please help us finish strong by sending in a rush donation now - or before midnight tonight ! #CA25 <URL> <URL> || @USER Just donated to help you reach yourfundraising goal . We must stop the racist misogynist genocide denier and bestiality supporter Junk Uygur and elect you to hold the 25th . <URL>,2,<USER> <USER> Too bad you are probably 1 out of a 100 people who have actually given a small dollar donation to her campaign ! Maybe that will drop her average down from $ 2000 to $ 1990 per donor ! What grassroots progress !,We are just hours away from our first major fundraising deadline . Please help us finish strong by sending in a rush donation now - or before midnight tonight ! CA25 <URL> <URL> || <USER> Just donated to help you reach yourfundraising goal . We must stop the racist misogynist genocide denier and bestiality supporter Junk Uygur and elect you to hold the 25th . <URL>,229,36,3,4.444444444444445,3,0,0,0,2,0.05555555555555555,0,0,0,0,0,0,0,False,60,True,1.0,True,heuristic-high
figlang_twitter,twitter,train,1,@USER @USER The problem with this badge is that the phrase ‘ Independence Day ’ refers to a US holiday where they gained independence from the British and their armies . Now we ’ re coining the phrase to segregate ourselves from the EU bloc where we have access to great economic benefits .,"Blimey ... considering we are leaving the EU there are some seriously “ touchy ” Brexiteers who just can ’ t look forward . We need to Guys .. you need to own this and make it the success you dream of . || @USER Come on Deborah , come celebrate the "" 31rd "" of January . <URL>",2,<USER> <USER> The problem with this badge is that the phrase ' Independence Day ' refers to a US holiday where they gained independence from the British and their armies . Now we ' re coining the phrase to segregate ourselves from the EU bloc where we have access to great economic benefits .,"Blimey ... considering we are leaving the EU there are some seriously "" touchy "" Brexiteers who just can ' t look forward . We need to Guys .. you need to own this and make it the success you dream of . || <USER> Come on Deborah , come celebrate the "" 31rd "" of January . <URL>",296,52,2,4.480769230769231,0,0,0,0,4,0.07692307692307693,0,0,0,0,0,0,1,False,48,True,1.0,True,heuristic-high
figlang_twitter,twitter,train,1,"@USER @USER @USER  Climate change , sea level rise , all the swamps will flood ","What happened to "" drain the swamp "" ? It's almost as if all those suckers who voted for #PresidentTrump were SHOCKING … <URL> || @USER @USER well with his views on the climate I think all the swamps in the country will be drain 😂 😂 😂",2,"<USER> <USER> <USER> Climate change , sea level rise , all the swamps will flood","What happened to "" drain the swamp "" ? It's almost as if all those suckers who voted for PresidentTrump were SHOCKING ... <URL> || <USER> <USER> well with his views on the climate I think all the swamps in the country will be drain 😂 😂 😂",88,13,1,4.461538461538462,0,0,0,0,3,0.23076923076923078,0,0,0,0,0,0,0,False,40,True,0.851923076923077,True,heuristic-high
figlang_twitter,twitter,train,1,"@USER @USER Words have meaning , it ’ s how we communicate , for millions of people , for millennia , on this planet the word “ woman ” in all its linguistic variations has / continues to mean biological female . BTW abusing people with opposing views to you is the actual definition of bigotry","Dress however you please . Call yourself whatever you like . Sleep with any consenting adult who ’ ll have you . Live your best life in peace and security . But force women out of their jobs for stating that sex is real ? #IStandWithMaya #ThisIsNotADrill || @USER Wholeheartedly disagree . I stand with intersectional feminist humans , who recognize that trans women are real women , and against bigots like yourself . Bigotry masquerading as feminism is anything but . Your internalized distortions are helping me to continue dismantling mine.Thanks !",2,"<USER> <USER> Words have meaning , it ' s how we communicate , for millions of people , for millennia , on this planet the word "" woman "" in all its linguistic variations has / continues to mean biological female . BTW abusing people with opposing views to you is the actual definition of bigotry","Dress however you please . Call yourself whatever you like . Sleep with any consenting adult who ' ll have you . Live your best life in peace and security . But force women out of their jobs for stating that sex is real ? IStandWithMaya ThisIsNotADrill || <USER> Wholeheartedly disagree . I stand with intersectional feminist humans , who recognize that trans women are real women , and against bigots like yourself . Bigotry masquerading as feminism is anything but . Your internalized distortions are helping me to continue dismantling mine.Thanks !",300,48,1,4.770833333333333,0,0,0,0,3,0.0625,0,0,1,0,0,0,0,False,82,True,1.0,True,heuristic-high
figlang_twitter,twitter,train,1,"@USER @USER Sigh Meghan has to go 🙃 Helping those impacted by the Grenfell fires in a way that empowers them . Developing a clothing line to help those indeed of business attire 4 interviews . Bringing attention to UK charities , 3 successful tours representing the UK . It's all too much","Meghan Markle reveals details of secret meetings in Instagram post <URL> MM celebrates the 1st Anniversary of her Visit to the Grenfell Hub ! . Get ready people , looks like she's going to do this for every charity she visited , wish she would BORE OFF ! || @USER I am so f ^ cking tired of her ' secret ' this and that ! ! If it's a secret , don't freakin ' say ANYTHING ! ! It's outright ridiculous that this continues on . She has to go . #Megxit",2,"<USER> <USER> Sigh Meghan has to go 🙃 Helping those impacted by the Grenfell fires in a way that empowers them . Developing a clothing line to help those indeed of business attire 4 interviews . Bringing attention to UK charities , 3 successful tours representing the UK . It's all too much","Meghan Markle reveals details of secret meetings in Instagram post <URL> MM celebrates the 1st Anniversary of her Visit to the Grenfell Hub ! . Get ready people , looks like she's going to do this for every charity she visited , wish she would BORE OFF ! || <USER> I am so f cking tired of her ' secret ' this and that ! ! If it's a secret , don't freakin ' say ANYTHING ! ! It's outright ridiculous that this continues on . She has to go . Megxit",294,46,3,4.934782608695652,0,0,0,0,4,0.08695652173913043,1,0,0,0,0,0,0,False,79,True,0.9733695652173913,True,heuristic-high
figlang_twitter,twitter,train,1,@USER says the guy who praised the Original tweet . @USER <URL>,"Too bad this was another FAKE media story : Story Begins To Unravel About Drowned Syrian Boy <URL> <URL> || @USER @USER Using the death of a boy to advance political propaganda ? Wow that's a new low , even for you .",2,<USER> says the guy who praised the Original tweet . <USER> <URL>,"Too bad this was another FAKE media story : Story Begins To Unravel About Drowned Syrian Boy <URL> <URL> || <USER> <USER> Using the death of a boy to advance political propaganda ? Wow that's a new low , even for you .",69,11,1,4.2727272727272725,0,0,0,0,3,0.2727272727272727,0,0,0,0,0,0,0,False,38,True,0.8886363636363637,True,heuristic-high
figlang_twitter,twitter,train,1,@USER Wow so glad Twitter never notified me you replied . yeah it's actually that blurry and I doubt anything can be done now because it's been a whole year . 😅,"@USER not to be a complainer . But I'm pretty sure it's not supposed to be this blurry ? I could be wrong though . It looks like it got double printed on the shirt . But hey I'm super excited I got it . :D <URL> || @USER Hmm , can you take another photo ? If it is they do full refunds ! I'd hate for that to be the result of my merch !",2,<USER> Wow so glad Twitter never notified me you replied . yeah it's actually that blurry and I doubt anything can be done now because it's been a whole year . 😅,"<USER> not to be a complainer . But I'm pretty sure it's not supposed to be this blurry ? I could be wrong though . It looks like it got double printed on the shirt . But hey I'm super excited I got it . :D <URL> || <USER> Hmm , can you take another photo ? If it is they do full refunds ! I'd hate for that to be the result of my merch !",163,29,2,4.310344827586207,0,0,0,0,1,0.034482758620689655,1,0,0,0,0,0,2,False,67,True,1.0,True,heuristic-high
figlang_twitter,twitter,train,1,@USER @USER @USER always nice to get a complement from an islamaphobe .,Fantastic visit to the @USER this morning . A great local brewery <URL> || @USER @USER You are doing a good job Maria it's good you are our MP,2,<USER> <USER> <USER> always nice to get a complement from an islamaphobe .,Fantastic visit to the <USER> this morning . A great local brewery <URL> || <USER> <USER> You are doing a good job Maria it's good you are our MP,80,12,1,4.583333333333333,0,0,0,0,3,0.25,0,0,0,0,0,0,1,False,27,True,1.0,True,heuristic-high
figlang_twitter,twitter,train,1,"@USER @USER Hey #SnowFlakes , Shall we discuss when @USER changed rules & used the "" nuclear "" option in 2013 ?","A Senate committee approved Trump Treasury , Health nominees w / o Dems present after the GOP changed panel rules . We're losing our democracy . || @USER The Republicans simply change the rules to benefit themselves and their President . This isn't a democracy any longer .",2,"<USER> <USER> Hey SnowFlakes , Shall we discuss when <USER> changed rules & used the "" nuclear "" option in 2013 ?","A Senate committee approved Trump Treasury , Health nominees w / o Dems present after the GOP changed panel rules . We're losing our democracy . || <USER> The Republicans simply change the rules to benefit themselves and their President . This isn't a democracy any longer .",121,16,1,4.8125,0,1,0,0,3,0.1875,0,0,1,0,0,0,0,False,41,True,0.86875,True,heuristic-high
figlang_twitter,twitter,train,1,"@USER @USER @USER So I'm going to reply to her about the "" Government does not Rescue thing "" - Cannot believe that the Uber / Lyft thing has now spread like that ...","Okay , why do you call it gang-stalking ? Do you think #Organizedcrime or Private Security Agencies and AGENCIES that are imposters , can even manipulate gangsters ? They profit off the #crime cycle , instead of prevention . You need to stop using these terms @USER <URL> || @USER @USER mentioned this in one of her videos a while ago .",2,"<USER> <USER> <USER> So I'm going to reply to her about the "" Government does not Rescue thing "" - Cannot believe that the Uber / Lyft thing has now spread like that ...","Okay , why do you call it gang-stalking ? Do you think Organizedcrime or Private Security Agencies and AGENCIES that are imposters , can even manipulate gangsters ? They profit off the crime cycle , instead of prevention . You need to stop using these terms <USER> <URL> || <USER> <USER> mentioned this in one of her videos a while ago .",175,29,1,4.241379310344827,0,0,1,1,3,0.10344827586206896,0,0,1,0,0,0,0,False,55,True,1.0,True,heuristic-high
figlang_twitter,twitter,train,1,@USER @USER I can see @USER is a clear & present danger .,"Had a very good talk with President Xi of China concerning our giant Trade Deal . China has already started large scale purchaes of agricultural product & more . Formal signing being arranged . Also talked about North Korea , where we are working with China , & Hong Kong ( progress ! ) . || @USER WOW ! Great Economic News ! China to Buy an ADDITIONAL $ 200 Billion in U . S . Goods as Part of the Initial Trade Deal ! <URL>",2,<USER> <USER> I can see <USER> is a clear & present danger .,"Had a very good talk with President Xi of China concerning our giant Trade Deal . China has already started large scale purchaes of agricultural product & more . Formal signing being arranged . Also talked about North Korea , where we are working with China , & Hong Kong ( progress ! ) . || <USER> WOW ! Great Economic News ! China to Buy an ADDITIONAL $ 200 Billion in U . S . Goods as Part of the Initial Trade Deal ! <URL>",66,11,1,3.6363636363636362,0,0,0,0,3,0.2727272727272727,0,0,0,0,0,0,0,False,67,True,1.0,True,heuristic-high
figlang_twitter,twitter,train,1,@USER @USER @USER Wow ... she REALLY does just repeat what others tell her . #iknowshesjoking #soami,"So ridiculous . Greta must work on her Anger Management problem , then go to a good old fashioned movie with a friend ! Chill Greta , Chill ! <URL> || @USER It ’ s fun to watch a fake-ass bully melt down over a teenager .",2,<USER> <USER> <USER> Wow ... she REALLY does just repeat what others tell her . iknowshesjoking soami,"So ridiculous . Greta must work on her Anger Management problem , then go to a good old fashioned movie with a friend ! Chill Greta , Chill ! <URL> || <USER> It ' s fun to watch a fake-ass bully melt down over a teenager .",111,15,2,5.0,0,0,1,1,4,0.26666666666666666,0,0,0,0,0,0,1,False,41,True,1.0,True,heuristic-high
figlang_twitter,twitter,train,1,@USER @USER What utter drivel ... Sturgeon has the nerve to use the word democracy ! ! 🤣 oh the,Sturgeon says the Election result gives her “ the right ” to have an Ind Ref in Scotland . WhyThe SNP took part in a UK Election not a Scottish Election . She finished third by a long way in that & is very much in a minority . Get over it Nicola ; the World does not revolve around you . || @USER Usual racist anti - Scottish bile . The anti democratic comments show that Scotland needs out . If Scotland is such a drain why do you want it to stay ?,2,<USER> <USER> What utter drivel ... Sturgeon has the nerve to use the word democracy ! ! 🤣 oh the,"Sturgeon says the Election result gives her "" the right "" to have an Ind Ref in Scotland . WhyThe SNP took part in a UK Election not a Scottish Election . She finished third by a long way in that & is very much in a minority . Get over it Nicola ; the World does not revolve around you . || <USER> Usual racist anti - Scottish bile . The anti democratic comments show that Scotland needs out . If Scotland is such a drain why do you want it to stay ?",101,16,3,4.25,2,0,1,1,2,0.125,1,0,0,0,0,0,1,False,82,True,1.0,True,heuristic-high
figlang_twitter,twitter,train,1,@USER @USER @USER Sorry thought you Catholics had a sense of humor ...,Vegas now has the world's most ominous football stadium <URL> || @USER @USER @USER Times like these I ’ m most thankful for my Maur Hill education,2,<USER> <USER> <USER> Sorry thought you Catholics had a sense of humor ...,Vegas now has the world's most ominous football stadium <URL> || <USER> <USER> <USER> Times like these I ' m most thankful for my Maur Hill education,79,12,1,4.333333333333333,0,0,1,1,3,0.25,0,0,0,0,0,0,0,False,26,True,0.9416666666666667,True,heuristic-high
figlang_twitter,twitter,train,1,@USER @USER @USER Its indian cricket council if I am not wrong,"@USER More than 24 hours since New Zealand announced men'sT 20I squad and Zimbabwe Test squad , no squad news on ICC social media platforms . Will ICC ever miss an Indian squad news ? discrimination @USER @USER || @USER @USER @USER Its true . Even Cricinfo web site , other countries usually get lesser news space . Every country should be treated equally",2,<USER> <USER> <USER> Its indian cricket council if I am not wrong,"<USER> More than 24 hours since New Zealand announced men'sT 20I squad and Zimbabwe Test squad , no squad news on ICC social media platforms . Will ICC ever miss an Indian squad news ? discrimination <USER> <USER> || <USER> <USER> <USER> Its true . Even Cricinfo web site , other countries usually get lesser news space . Every country should be treated equally",71,12,1,4.0,0,0,0,0,3,0.25,0,0,0,0,0,0,0,False,56,True,1.0,True,heuristic-high
figlang_twitter,twitter,train,1,"#Bravo grofers for an amazing customer service . I tried talking to them second time as I thought may be it's my money only I need to bother . Grofers is giving just free of cost products which is my need , so I need to listen . I m getting money to buy products . #grofers <URL>","#CustomerExperience #customerservice I am amazed to see what level of customer service we have in India ... We need to have some rules and regulations for this too .. @USER I m still waiting for response ... Check screenshot <URL> || I waited for 5 mins to get response , however my chat was closed without even giving resolution .. I have order value worth 2700 + . Now I need to cancel my order . I hate the companies who can't even respect their customers @USER #SayNo to bad service #TrendingNow <URL>",2,"Bravo grofers for an amazing customer service . I tried talking to them second time as I thought may be it's my money only I need to bother . Grofers is giving just free of cost products which is my need , so I need to listen . I m getting money to buy products . grofers <URL>","CustomerExperience customerservice I am amazed to see what level of customer service we have in India ... We need to have some rules and regulations for this too .. <USER> I m still waiting for response ... Check screenshot <URL> || I waited for 5 mins to get response , however my chat was closed without even giving resolution .. I have order value worth 2700 + . Now I need to cancel my order . I hate the companies who can't even respect their customers <USER> SayNo to bad service TrendingNow <URL>",281,53,4,4.018867924528302,0,0,0,0,1,0.018867924528301886,0,0,0,0,0,0,1,False,82,True,1.0,True,heuristic-high
figlang_twitter,twitter,train,1,"@USER @USER Wait . Your logical , normal explanation doesn ’ t fit this line of subtle attack by an impartial journalist on a candidate that has a boring record , but is appealing to a lot of voters . Oh that ’ s right , he ’ s gay and white .","What nefarious deeds did Pete Buttigieg commit at McKinsey ? This question is comically misguided . Better : why , when you are a Rhodes Scholar and all-around privileged smartypants who can do ANYTHING , would you opt to work as a management consultant ? <URL> || @USER To make the connection between how big data and technology can be used to make the world a better place . He dove head first into data and studying how people and systems truly behave .",2,"<USER> <USER> Wait . Your logical , normal explanation doesn ' t fit this line of subtle attack by an impartial journalist on a candidate that has a boring record , but is appealing to a lot of voters . Oh that ' s right , he ' s gay and white .","What nefarious deeds did Pete Buttigieg commit at McKinsey ? This question is comically misguided . Better : why , when you are a Rhodes Scholar and all-around privileged smartypants who can do ANYTHING , would you opt to work as a management consultant ? <URL> || <USER> To make the connection between how big data and technology can be used to make the world a better place . He dove head first into data and studying how people and systems truly behave .",249,47,3,3.893617021276596,0,0,0,0,2,0.0425531914893617,0,0,0,0,0,0,2,False,76,True,0.9851063829787234,True,heuristic-high
figlang_twitter,twitter,train,1,"@USER @USER sounds exactly like the way Trump deals with reporters , doesn't it ?","President Trump was outraged that UC Berkeley canceled a speech by the divisive ring-wing writer Milo Yiannopoulos <URL> || @USER Liberal logic : > "" What do we want ? "" > "" Free speech ! "" > "" When do we want it ? "" > "" When it suits us ! """,2,"<USER> <USER> sounds exactly like the way Trump deals with reporters , doesn't it ?","President Trump was outraged that UC Berkeley canceled a speech by the divisive ring-wing writer Milo Yiannopoulos <URL> || <USER> Liberal logic : > "" What do we want ? "" > "" Free speech ! "" > "" When do we want it ? "" > "" When it suits us ! """,87,13,1,4.846153846153846,0,1,0,0,2,0.15384615384615385,0,0,0,0,0,0,0,False,37,True,0.9865384615384616,True,heuristic-high
figlang_twitter,twitter,train,1,@USER @USER This was $ 31 only 4 months ago . Today $ 125 . And NOW people are interested in buying this ? After a 300 % return in 4 months ? Gotta love the enthusiasm out there ...,$ ALLK * U . S . BIOTECH FIRM ALLAKOS IS SAID TO WEIGH POTENTIAL SALE || @USER Maybe they can find a buyer who likes all the amazingly consistent data at 53 % chg ... haha .,2,<USER> <USER> This was $ 31 only 4 months ago . Today $ 125 . And NOW people are interested in buying this ? After a 300 % return in 4 months ? Gotta love the enthusiasm out there ...,$ ALLK * U . S . BIOTECH FIRM ALLAKOS IS SAID TO WEIGH POTENTIAL SALE || <USER> Maybe they can find a buyer who likes all the amazingly consistent data at 53 % chg ... haha .,187,27,5,4.444444444444445,0,2,1,1,3,0.1111111111111111,0,0,0,0,0,0,0,False,29,True,1.0,True,heuristic-high
figlang_twitter,twitter,train,1,@USER @USER I'm using the last NYT I will ever buy as crap liner in parrot cage . The,This holiday season is a good reminder that alcohol can do bad things to the brain . Running can help . <URL> || @USER this holiday season is a reminder that reading the NYT can do bad things to your brain . But wiping your @USER $ $ with it will help,2,<USER> <USER> I'm using the last NYT I will ever buy as crap liner in parrot cage . The,This holiday season is a good reminder that alcohol can do bad things to the brain . Running can help . <URL> || <USER> this holiday season is a reminder that reading the NYT can do bad things to your brain . But wiping your <USER> $ $ with it will help,91,18,1,3.5555555555555554,0,0,0,0,3,0.16666666666666666,0,0,0,0,0,0,0,False,46,True,0.9416666666666667,True,heuristic-high
figlang_twitter,twitter,train,1,"@USER @USER We don't spare kids of religion , caste , violence , bollywood , sex , etc . Why spare them politics ? Let's go all the way . ( because most people don't get it )","Why shouldn ’ t children be made aware of laws , especially when they are also participating in protests ? How ’ s one politicising and the other not ? There were debates in my son ’ s school too and the POV espoused there was pretty anti-CAA . Propaganda war cannot go one way . <URL> || @USER @USER what is your take ? Is it okay to indoctrinate school kids by calling CAA-NRC protesters ' gaddar ' ? Kaushal , individuals bringing kids to protests ( condemnable as it is ) is not equivalent to ruling party functionaries calling opponents traitors in school .",2,"<USER> <USER> We don't spare kids of religion , caste , violence , bollywood , sex , etc . Why spare them politics ? Let's go all the way . ( because most people don't get it )","Why shouldn ' t children be made aware of laws , especially when they are also participating in protests ? How ' s one politicising and the other not ? There were debates in my son ' s school too and the POV espoused there was pretty anti-CAA . Propaganda war cannot go one way . <URL> || <USER> <USER> what is your take ? Is it okay to indoctrinate school kids by calling CAA-NRC protesters ' gaddar ' ? Kaushal , individuals bringing kids to protests ( condemnable as it is ) is not equivalent to ruling party functionaries calling opponents traitors in school .",180,28,3,4.464285714285714,0,1,0,0,2,0.07142857142857142,0,0,0,0,0,0,0,False,96,True,1.0,True,heuristic-high
figlang_twitter,twitter,train,1,@USER @USER I think you just got a RT from Respect,@USER @USER @USER wow I'm actually disappointed we didn't think of that . What a missed opportunity ... || @USER @USER @USER we would have totally been better columns than those girls ... #salty 💁 🏼,2,<USER> <USER> I think you just got a RT from Respect,<USER> <USER> <USER> wow I'm actually disappointed we didn't think of that . What a missed opportunity ... || <USER> <USER> <USER> we would have totally been better columns than those girls ... salty 💁 🏼,56,11,1,3.4545454545454546,0,0,0,0,3,0.2727272727272727,0,0,0,0,0,0,0,False,30,True,1.0,True,heuristic-high
figlang_twitter,twitter,train,1,@USER I do so hope thats meant to be sarcastic you crazy apocalyptic musician .,"Any negative polls are fake news , just like the CNN , ABC , NBC polls in the election . Sorry , people want border security and extreme vetting . || @USER YES , NEGATIVE POLLS ARE LIES , BECAUSE WE ALL LOVE YOU , CRAZY APOCALYPSE PRESIDENT GUY .",2,<USER> I do so hope thats meant to be sarcastic you crazy apocalyptic musician .,"Any negative polls are fake news , just like the CNN , ABC , NBC polls in the election . Sorry , people want border security and extreme vetting . || <USER> YES , NEGATIVE POLLS ARE LIES , BECAUSE WE ALL LOVE YOU , CRAZY APOCALYPSE PRESIDENT GUY .",82,14,1,4.5,0,0,0,0,1,0.07142857142857142,0,0,0,0,0,0,0,False,39,True,1.0,True,heuristic-high
figlang_twitter,twitter,train,1,@USER @USER he did not support #gay marriage in the 2008 campaign ( nor did #Clinton ) if u remember #hypocritical,#BoycottHamilton because the most anti-LGBT governor inAmerica is now VP & why should artists ever feel threatened by that ? || @USER @USER that Obama was hating on gays . Etc . To many people make judgement based on one angle of the story .,2,<USER> <USER> he did not support gay marriage in the 2008 campaign ( nor did Clinton ) if u remember hypocritical,BoycottHamilton because the most anti-LGBT governor inAmerica is now VP & why should artists ever feel threatened by that ? || <USER> <USER> that Obama was hating on gays . Etc . To many people make judgement based on one angle of the story .,123,18,1,4.611111111111111,0,0,0,0,2,0.1111111111111111,0,0,0,0,0,0,0,False,40,True,0.9902777777777778,True,heuristic-high
figlang_twitter,twitter,train,1,@USER @USER you mean just like @USER is sucking up to,"#BREAKING : CNN , other news organizations blocked from attending White House gaggle || @USER dude , your network directly aided the Clinton campaign . You shredded your credibility when you became unofficial Clinton staffers",2,<USER> <USER> you mean just like <USER> is sucking up to,"BREAKING : CNN , other news organizations blocked from attending White House gaggle || <USER> dude , your network directly aided the Clinton campaign . You shredded your credibility when you became unofficial Clinton staffers",62,11,1,3.6363636363636362,0,0,0,0,3,0.2727272727272727,0,0,0,0,0,0,0,False,30,True,1.0,True,heuristic-high
figlang_twitter,twitter,train,1,"@USER What irks me , the fact that he didn't sound intelligent--in front of the intelligence community . @USER",Donald Trump Claims Media's Lying About Inauguration Crowd Numbers ( VIDEO ) <URL> || @USER he was addressing the intelligence community talking about the media and numbers at the inauguration . This is his priorities . His ego,2,"<USER> What irks me , the fact that he didn't sound intelligent--in front of the intelligence community . <USER>",Donald Trump Claims Media's Lying About Inauguration Crowd Numbers ( VIDEO ) <URL> || <USER> he was addressing the intelligence community talking about the media and numbers at the inauguration . This is his priorities . His ego,116,18,1,4.777777777777778,0,0,0,0,2,0.1111111111111111,0,0,0,0,0,0,0,False,33,True,1.0,True,heuristic-high
figlang_twitter,twitter,train,1,"@USER They are oblivious , they couldn't possibly have stoked these flames .","Protesting hypothetical violence by committing actual violence . Yeah , makes sense ... <URL> || @USER I hope the media is proud of its monster .",2,"<USER> They are oblivious , they couldn't possibly have stoked these flames .","Protesting hypothetical violence by committing actual violence . Yeah , makes sense ... <URL> || <USER> I hope the media is proud of its monster .",79,11,1,5.545454545454546,0,0,0,0,1,0.09090909090909091,0,0,0,0,0,0,0,False,21,True,1.0,True,heuristic-high
figlang_twitter,twitter,train,1,"@USER @USER isn't Muhammed considered the "" great deceiver ? "" = to Satan in Christian Bible I don't trust them .","@USER @USER Muslims hate us , why not return the favor ? || @USER @USER They may hate you personally , partly because you hate and judge them",2,"<USER> <USER> isn't Muhammed considered the "" great deceiver ? "" = to Satan in Christian Bible I don't trust them .","<USER> <USER> Muslims hate us , why not return the favor ? || <USER> <USER> They may hate you personally , partly because you hate and judge them",119,17,2,5.0,0,1,0,0,2,0.11764705882352941,0,0,1,0,0,0,1,False,24,True,0.9073529411764707,True,heuristic-high
figlang_twitter,twitter,train,1,@USER @USER @USER as we all know liberals and democrats are time traveling warlocks that feast on babies for their power so it makes sense that we wouldn't be able to see them on the video . Yep .,"Like an SNL skit , this OAN “ investigation ” is batshit insane : + Within hours of reports of their visit , 1,000 troops were “ patrolling ” Kyiv + That prompted them to charter a “ midnight jet to Vienna , and we sped to the airport ” + “ We came upon an entourage of Black Mercedes ... ” <URL> || @USER @USER I like how the only video evidence they have amidst their claims of soldiers , black Mercedes and George Soros himself is a short clip of a car driving down a road and someone climbing into an airplane . That confirms everything !",2,<USER> <USER> <USER> as we all know liberals and democrats are time traveling warlocks that feast on babies for their power so it makes sense that we wouldn't be able to see them on the video . Yep .,"Like an SNL skit , this OAN "" investigation "" is batshit insane : + Within hours of reports of their visit , 1,000 troops were "" patrolling "" Kyiv + That prompted them to charter a "" midnight jet to Vienna , and we sped to the airport "" + "" We came upon an entourage of Black Mercedes ... "" <URL> || <USER> <USER> I like how the only video evidence they have amidst their claims of soldiers , black Mercedes and George Soros himself is a short clip of a car driving down a road and someone climbing into an airplane . That confirms everything !",205,37,2,4.135135135135135,0,0,0,0,3,0.08108108108108109,0,0,0,0,0,0,1,False,88,True,1.0,True,heuristic-high
figlang_twitter,twitter,train,1,@USER @USER Comments like this show lack of functioning brain cells .,"After spending a lot of time with our Nintendo Switch , watch us weigh in on the system , UI , and controllers . … <URL> || @USER That's way too much time to say what's blatantly obvious to anyone with two or more functioning brain cells : it's trash .",2,<USER> <USER> Comments like this show lack of functioning brain cells .,"After spending a lot of time with our Nintendo Switch , watch us weigh in on the system , UI , and controllers . ... <URL> || <USER> That's way too much time to say what's blatantly obvious to anyone with two or more functioning brain cells : it's trash .",75,11,1,5.0,0,0,0,0,2,0.18181818181818182,0,0,0,0,0,0,0,False,43,True,0.8886363636363637,True,heuristic-high
figlang_twitter,twitter,train,1,@USER @USER @USER Try next time . Hard to tell these days .,"Holy heck , what Leftist weed has this moron been smoking . The death penalty for simply owing a firearm . @USER Were is it ok to wish death on millions of your fellow citizens because your a gun owner . Micky you need help , go see someone ... SOON <URL> || @USER @USER And you need to learn to recognize sarcasm .",2,<USER> <USER> <USER> Try next time . Hard to tell these days .,"Holy heck , what Leftist weed has this moron been smoking . The death penalty for simply owing a firearm . <USER> Were is it ok to wish death on millions of your fellow citizens because your a gun owner . Micky you need help , go see someone ... SOON <URL> || <USER> <USER> And you need to learn to recognize sarcasm .",68,11,2,3.8181818181818183,0,0,0,0,3,0.2727272727272727,0,0,0,0,0,0,0,False,56,True,0.8886363636363637,True,heuristic-high
figlang_twitter,twitter,train,1,"@USER @USER @USER So , I cannot #access a video about voting barriers because of lack of #captions ...","Interesting and timely video ! Ironically , it only has poor automatic captions , which is unwelcoming to many disable … <URL> || @USER @USER @USER So not here for poor , auto-captions . I am #deaf and depend exclusively on them for #information",2,"<USER> <USER> <USER> So , I cannot access a video about voting barriers because of lack of captions ...","Interesting and timely video ! Ironically , it only has poor automatic captions , which is unwelcoming to many disable ... <URL> || <USER> <USER> <USER> So not here for poor , auto-captions . I am deaf and depend exclusively on them for information",113,17,1,4.411764705882353,0,0,1,1,3,0.17647058823529413,0,0,0,0,0,0,0,False,38,True,1.0,True,heuristic-high
figlang_twitter,twitter,train,1,@USER @USER Exactly ! Cubans are being targeted while Islamists are building mosques unlimited under Obama .,BREAKING : Administration official : Obama ending policy granting residency to Cubans entering US without visas . || @USER breaking obama to punish Cubans because they vote GOP !,2,<USER> <USER> Exactly ! Cubans are being targeted while Islamists are building mosques unlimited under Obama .,BREAKING : Administration official : Obama ending policy granting residency to Cubans entering US without visas . || <USER> breaking obama to punish Cubans because they vote GOP !,114,15,2,5.866666666666666,1,0,0,0,2,0.13333333333333333,0,0,0,0,0,0,0,False,24,True,0.7666666666666667,True,heuristic-high
figlang_twitter,twitter,train,1,. @USER @USER @USER  loads of #passion but still need three alarm cloc  <URL>,same here . thanks for patience as it is very emotional . #hcldr <URL> || Emotions mean we are passionate about the topic . Passion = change @USER @USER #hcldr,2,. <USER> <USER> <USER> loads of passion but still need three alarm cloc <URL>,same here . thanks for patience as it is very emotional . hcldr <URL> || Emotions mean we are passionate about the topic . Passion = change <USER> <USER> hcldr,87,13,1,4.230769230769231,0,0,0,0,4,0.3076923076923077,0,0,0,0,0,0,0,False,25,True,0.851923076923077,True,heuristic-high
figlang_twitter,twitter,train,1,@USER thinking the whole time McConnell is the one keeping Obamacare alive .,@USER the one piece of info missing from the KY story is that the reason we even care is the Majority Leader in the Senate is from KY . || @USER fair . But it's hard to throw another idea into the desk reports without confusing people .,2,<USER> thinking the whole time McConnell is the one keeping Obamacare alive .,<USER> the one piece of info missing from the KY story is that the reason we even care is the Majority Leader in the Senate is from KY . || <USER> fair . But it's hard to throw another idea into the desk reports without confusing people .,79,12,1,5.166666666666667,0,0,0,0,1,0.08333333333333333,0,0,0,0,0,0,0,False,44,True,1.0,True,heuristic-high
figlang_twitter,twitter,train,1,@USER @USER of course if suggestion was ironic I will only follow ironically,"Might have problematic crush what should I do || @USER I did I think , I am going to follow @USER ' s suggestion I think as it coincides somewhat with what I'm already doing",2,<USER> <USER> of course if suggestion was ironic I will only follow ironically,"Might have problematic crush what should I do || <USER> I did I think , I am going to follow <USER> ' s suggestion I think as it coincides somewhat with what I'm already doing",82,13,1,4.769230769230769,0,0,0,0,2,0.15384615384615385,0,0,0,0,0,0,0,False,33,True,1.0,True,heuristic-high
figlang_twitter,twitter,train,1,@USER @USER @USER Cant agree mor Rohingya menace in Jmu is sabotage 2 d ppl f Jmu . #He is d mastermind f DEMOGRAPHIC Invasion f Jmu & V d NATIONALIST bt INNOCENT ppl f Jmu wr made 2 believe & rejoice tht hez Ist Jmu CM . he damaged Jmu cause mor than any 1 else .,"@USER being hit---n hit hard by @USER ji on discriminatory 35 - A article of erstwhile J & K state . @USER || @USER @USER @USER These people don't understand Discrimination . For , Azad has always been a major comprador for Islamic Jihad in J & K . Who can forget the 2008 Amarnath Andolan , which happened right under his bloody nose . 35A was meant to end , this way or another .",2,<USER> <USER> <USER> Cant agree mor Rohingya menace in Jmu is sabotage 2 d ppl f Jmu . He is d mastermind f DEMOGRAPHIC Invasion f Jmu & V d NATIONALIST bt INNOCENT ppl f Jmu wr made 2 believe & rejoice tht hez Ist Jmu CM . he damaged Jmu cause mor than any 1 else .,"<USER> being hit---n hit hard by <USER> ji on discriminatory 35 - A article of erstwhile J & K state . <USER> || <USER> <USER> <USER> These people don't understand Discrimination . For , Azad has always been a major comprador for Islamic Jihad in J & K . Who can forget the 2008 Amarnath Andolan , which happened right under his bloody nose . 35A was meant to end , this way or another .",274,50,3,3.9,0,0,0,0,7,0.14,0,0,0,0,0,0,0,False,63,True,0.7725,True,heuristic-high
figlang_twitter,twitter,train,1,@USER @USER @USER Give him a break ! He suffered a heart attack !,"BREAKING : One day after @USER endorsed known misogynist Cenk Uyger for Congress , he has retracted his endorsement following backlash : <URL> || @USER @USER That's what I want in a President . Someone who threw their support behind a candidate without doing ANY real research on the individual and withdrew his endorsement 1 day later because he got crushed on Twitter . I mean , those are the REAL qualities I look for in a leader !",2,<USER> <USER> <USER> Give him a break ! He suffered a heart attack !,"BREAKING : One day after <USER> endorsed known misogynist Cenk Uyger for Congress , he has retracted his endorsement following backlash : <URL> || <USER> <USER> That's what I want in a President . Someone who threw their support behind a candidate without doing ANY real research on the individual and withdrew his endorsement 1 day later because he got crushed on Twitter . I mean , those are the REAL qualities I look for in a leader !",74,12,2,3.9166666666666665,2,0,0,0,3,0.25,0,0,0,0,0,0,0,False,70,True,1.0,True,heuristic-high
figlang_twitter,twitter,train,1,@USER @USER The good news he won ’ t complain about how sore he is all week after putting this up,Took the 1pm games ... the 4pm games ... and half of SNF to get this done ... <URL> || @USER This is my favorite Hartelius flex and I wait for this every Christmas . @USER,2,<USER> <USER> The good news he won ' t complain about how sore he is all week after putting this up,Took the 1pm games ... the 4pm games ... and half of SNF to get this done ... <URL> || <USER> This is my favorite Hartelius flex and I wait for this every Christmas . <USER>,103,21,1,3.5714285714285716,0,0,0,0,2,0.09523809523809523,0,0,0,0,0,0,0,False,31,True,1.0,True,heuristic-high
figlang_twitter,twitter,train,1,. @USER Their language defines their narrative . Acc to them #Aleppo has ' fallen ' while #Palmyra is ' retaken ' . #Syria,Says the evil Ambassador whose regime empowered Al-Qaeda terrorists and sent them into #Aleppo to advance its evil … <URL> || Amazing how the Western media is more appalled by the Syrian Army liberating #Aleppo from Al-Qaeda than terrorists invading #Palmyra again .,2,. <USER> Their language defines their narrative . Acc to them Aleppo has ' fallen ' while Palmyra is ' retaken ' . Syria,Says the evil Ambassador whose regime empowered Al-Qaeda terrorists and sent them into Aleppo to advance its evil ... <URL> || Amazing how the Western media is more appalled by the Syrian Army liberating Aleppo from Al-Qaeda than terrorists invading Palmyra again .,128,21,3,4.380952380952381,0,0,0,0,1,0.047619047619047616,0,0,0,0,0,0,0,False,42,True,0.8999999999999999,True,heuristic-high
figlang_twitter,twitter,train,1,"@USER @USER Bush was Cheney ' s puppet , #CrookedDonald will b Putin's .. Who'd known we'd call Cheney one of the good guys ?","I'm not saying Russia hacking isn't a big deal , but how on earth is it Republicans ' fault ? Who's been running intelligence the last 8 years ? || @USER rather than asking if it's "" Republicas's fault , "" consider why Russia wanted a Republican ( a phony one at that )",2,"<USER> <USER> Bush was Cheney ' s puppet , CrookedDonald will b Putin's .. Who'd known we'd call Cheney one of the good guys ?","I'm not saying Russia hacking isn't a big deal , but how on earth is it Republicans ' fault ? Who's been running intelligence the last 8 years ? || <USER> rather than asking if it's "" Republicas's fault , "" consider why Russia wanted a Republican ( a phony one at that )",132,22,2,4.2727272727272725,0,1,1,1,2,0.09090909090909091,0,0,0,0,0,0,0,False,44,True,0.8886363636363637,True,heuristic-high
figlang_twitter,twitter,train,1,@USER @USER Richard Spencer was talking about the lying media distorting reality with headlines like this .,"Real headline 2016 . "" Are Jews people ? "" You decide , tonight at 8: 00 . <URL> || . @USER this shows how useless "" Alt-Right "" is as a descriptive term Like any term , it's hijacked by ideologues who sour it's use",2,<USER> <USER> Richard Spencer was talking about the lying media distorting reality with headlines like this .,"Real headline 2016 . "" Are Jews people ? "" You decide , tonight at 8: 00 . <URL> || . <USER> this shows how useless "" Alt-Right "" is as a descriptive term Like any term , it's hijacked by ideologues who sour it's use",113,16,1,5.5,0,0,0,0,2,0.125,0,0,0,0,0,0,0,False,33,True,0.978125,True,heuristic-high
figlang_twitter,twitter,train,1,@USER surprising we can't find a middle ground with miles and miles of space in the middle you'd think it be easy to find .,"cool how the gist here is "" listen up poors , add fiber internet and turn your middle america town into a mini SF "" <URL> || @USER the lack of empathy from some tech folks towards , like , the people their products are ostensibly supposed to serve is astounding",2,<USER> surprising we can't find a middle ground with miles and miles of space in the middle you'd think it be easy to find .,"cool how the gist here is "" listen up poors , add fiber internet and turn your middle america town into a mini SF "" <URL> || <USER> the lack of empathy from some tech folks towards , like , the people their products are ostensibly supposed to serve is astounding",126,24,1,4.041666666666667,0,0,0,0,1,0.041666666666666664,0,0,0,0,0,0,0,False,45,True,1.0,True,heuristic-high
figlang_twitter,twitter,train,1,@USER @USER Yes it is . Stop doing exactly what you are demanding the Senator stop doing .,"My message to families impacted by the #MuslimBan remains the same in the face of this new order : You are not alone . We stand with you . || @USER It's not a #MuslimBan . Stop spreading lies , hate and division .",2,<USER> <USER> Yes it is . Stop doing exactly what you are demanding the Senator stop doing .,"My message to families impacted by the MuslimBan remains the same in the face of this new order : You are not alone . We stand with you . || <USER> It's not a MuslimBan . Stop spreading lies , hate and division .",96,16,2,4.3125,0,0,0,0,2,0.125,0,0,0,0,0,0,0,False,37,True,0.978125,True,heuristic-high
figlang_twitter,twitter,train,1,"@USER @USER of course they don't . They collected $ 1G a seat from their "" DIVERSE VIEWERS "" ( the elite ... )","#BoycottHamilton We just held a Trump flash mob outside the Hamilton theater ! Take that , liberal actors ! 😎 👊 🏻 🇺 🇸 <URL> || @USER Aww , what a waste of time . The show is sold out for the next TWO years . They don't need your money , honey .",2,"<USER> <USER> of course they don't . They collected $ 1G a seat from their "" DIVERSE VIEWERS "" ( the elite ... )","BoycottHamilton We just held a Trump flash mob outside the Hamilton theater ! Take that , liberal actors ! 😎 👊 🏻 🇺 🇸 <URL> || <USER> Aww , what a waste of time . The show is sold out for the next TWO years . They don't need your money , honey .",116,17,2,4.411764705882353,0,0,1,1,4,0.23529411764705882,0,0,1,0,0,0,0,False,40,True,1.0,True,heuristic-high
figlang_twitter,twitter,train,1,@USER @USER ... especially with all the focus the media put on the victims ... instead of emails . 🙄,"White women voted the same for Hillary as for Obama . So , no , that ’ s not why <URL> || @USER @USER But that's wasn't expected . How could ww support a misogynistic predator at the same rate as Romney ?",2,<USER> <USER> ... especially with all the focus the media put on the victims ... instead of emails . 🙄,"White women voted the same for Hillary as for Obama . So , no , that ' s not why <URL> || <USER> <USER> But that's wasn't expected . How could ww support a misogynistic predator at the same rate as Romney ?",106,16,3,4.4375,0,0,2,2,2,0.125,1,0,0,0,0,0,0,False,37,True,1.0,True,heuristic-high
figlang_twitter,twitter,train,1,"@USER You don't think a "" Peru bank "" is going to do the trick ? ! 😅","1/3 The 2017 #XRP bull run was fueled by FOMO investing based on a Coinbase rumor and some other speculations . There was ZERO utility . Since then , market crashed , investors got scorched , and for 2 years now , word has spread in and out of the market of how awful Crypto is . || @USER We wont see FOMO till BTC reaches ATH . This led mainstream media to talk about it day & night and people out of this space FOMO ’ d to buy affordable alts . Of course a huge government announcement XRP related or a big bank using XRP not a Peru bank would do the job as well .",2,"<USER> You don't think a "" Peru bank "" is going to do the trick ? ! 😅","1/3 The 2017 XRP bull run was fueled by FOMO investing based on a Coinbase rumor and some other speculations . There was ZERO utility . Since then , market crashed , investors got scorched , and for 2 years now , word has spread in and out of the market of how awful Crypto is . || <USER> We wont see FOMO till BTC reaches ATH . This led mainstream media to talk about it day & night and people out of this space FOMO ' d to buy affordable alts . Of course a huge government announcement XRP related or a big bank using XRP not a Peru bank would do the job as well .",71,13,2,3.4615384615384617,1,1,0,0,1,0.07692307692307693,1,0,1,0,0,0,0,False,103,True,1.0,True,heuristic-high
figlang_twitter,twitter,train,1,"@USER @USER @USER May 13 , 2010 was a very sad day for mothership fans . Guess a good day for #SVU cast / crew though !","@USER @USER Seasons 1-12 ep 3 in North Bergen . #SVU moved to L & O's set in Chelsea Piers in 2010 ! || @USER @USER @USER yup , they moved to where the mothership was filmed when that got cancelled",2,"<USER> <USER> <USER> May 13 , 2010 was a very sad day for mothership fans . Guess a good day for SVU cast / crew though !","<USER> <USER> Seasons 1-12 ep 3 in North Bergen . SVU moved to L & O's set in Chelsea Piers in 2010 ! || <USER> <USER> <USER> yup , they moved to where the mothership was filmed when that got cancelled",129,21,2,3.761904761904762,1,0,0,0,4,0.19047619047619047,0,0,0,0,0,0,0,False,33,True,1.0,True,heuristic-high
figlang_twitter,twitter,train,1,@USER that sounded a bit creepy . Now I'm panicking you think I might be a stalker . #mentalhealth,"LIVE on #Periscope : Mental health chat with marvellous marv <URL> || @USER no solutions but there is a book that helped me - not heavy , really easy , funny . If you DM me your address I'll post it to you",2,<USER> that sounded a bit creepy . Now I'm panicking you think I might be a stalker . mentalhealth,"LIVE on Periscope : Mental health chat with marvellous marv <URL> || <USER> no solutions but there is a book that helped me - not heavy , really easy , funny . If you DM me your address I'll post it to you",102,17,2,4.470588235294118,0,0,0,0,1,0.058823529411764705,0,0,0,0,0,0,0,False,37,True,1.0,True,heuristic-high
figlang_twitter,twitter,train,1,@USER @USER Surely Cameron gets suspended too ... I mean ... he orchestrated every thing ... right ?,""" The AFL is considering stripping the Giants of picks 15 & 37 over the Lachie Whitfield saga , "" HS || @USER and yet it still will not stop then getting McGrath / mccluggage , setterfield & Perryman . Pick 37 is like a pick 90 for them !",2,<USER> <USER> Surely Cameron gets suspended too ... I mean ... he orchestrated every thing ... right ?,""" The AFL is considering stripping the Giants of picks 15 & 37 over the Lachie Whitfield saga , "" HS || <USER> and yet it still will not stop then getting McGrath / mccluggage , setterfield & Perryman . Pick 37 is like a pick 90 for them !",106,14,4,5.071428571428571,0,1,3,3,2,0.14285714285714285,0,0,0,0,0,0,1,False,36,True,0.8999999999999999,True,heuristic-high
figlang_twitter,twitter,train,1,I was set to fly to playa Del Carmen dec 1996 from my new city . We sat on the snowy tarmac for hours then were told to go home and come back the next day . Eventually made it to Playa but the wasn ’ t lost on me ! #Snowpocalypse2020,"The last time it snowed this much in YVR , if memory serves , was 1996 . I remember driving down Granville and seeing a store awning collapse under the weight of the snow . #Snowmageddon || I had just moved out from living for 12 years in Montreal . I had divested myself of snow boots , heavy coats , the whole winter burden . Then Vancouver got the last laugh !",2,I was set to fly to playa Del Carmen dec 1996 from my new city . We sat on the snowy tarmac for hours then were told to go home and come back the next day . Eventually made it to Playa but the wasn ' t lost on me ! Snowpocalypse2020,"The last time it snowed this much in YVR , if memory serves , was 1996 . I remember driving down Granville and seeing a store awning collapse under the weight of the snow . Snowmageddon || I had just moved out from living for 12 years in Montreal . I had divested myself of snow boots , heavy coats , the whole winter burden . Then Vancouver got the last laugh !",234,48,3,3.5416666666666665,1,0,0,0,0,0.0,0,0,0,0,0,0,0,False,61,True,1.0,True,heuristic-high
figlang_twitter,twitter,train,1,@USER @USER If you ’ d taken out all the trees instead of hugging them then there ’ d be no fires ! #staysafe #cometogether #fuckmurdoch,"I see that the #AustraliaBurning crisis has officially reached the ' drink uncle ' stage , where people loudly proclaim that we could have avoided all of this if ' the greens ' hadn't stopped hazard reduction . Which is weird for a bunch of reasons . <URL> || @USER Keep up Cormac , the ' greenies ' now evidently lit the fires too .",2,<USER> <USER> If you ' d taken out all the trees instead of hugging them then there ' d be no fires ! staysafe cometogether fuckmurdoch,"I see that the AustraliaBurning crisis has officially reached the ' drink uncle ' stage , where people loudly proclaim that we could have avoided all of this if ' the greens ' hadn't stopped hazard reduction . Which is weird for a bunch of reasons . <URL> || <USER> Keep up Cormac , the ' greenies ' now evidently lit the fires too .",145,25,1,4.2,1,0,0,0,2,0.08,0,0,0,0,0,0,0,False,59,True,1.0,True,heuristic-high
figlang_twitter,twitter,train,1,And Yet You're the One Who Refuses to Acknowledge the Results of Our Election ( s ) @USER @USER @USER #LackOfSelfAwareness,"Senator Chuck Schumer : "" Today we celebrate one of democracy's core attributes – the peaceful transfer of power "" <URL> || @USER @USER God Bless Chuck Schumer ! First shot across the bow to Trump ... mess with our democracy & you will find a "" wall "" ! !",2,And Yet You're the One Who Refuses to Acknowledge the Results of Our Election ( s ) <USER> <USER> <USER> LackOfSelfAwareness,"Senator Chuck Schumer : "" Today we celebrate one of democracy's core attributes - the peaceful transfer of power "" <URL> || <USER> <USER> God Bless Chuck Schumer ! First shot across the bow to Trump ... mess with our democracy & you will find a "" wall "" ! !",132,19,1,5.052631578947368,0,0,0,0,3,0.15789473684210525,0,0,0,0,0,0,0,False,39,True,1.0,True,heuristic-high
figlang_twitter,twitter,train,1,@USER @USER @USER Sad you had to add Can we get off this ride yet ?,@USER Because it ’ s weird to think of the world through the lenses of sexuality . If there were stuff like this for straight things I would find it weird as heck || @USER @USER This is the privilege of heteronormativity ! ( just in case ),2,<USER> <USER> <USER> Sad you had to add Can we get off this ride yet ?,<USER> Because it ' s weird to think of the world through the lenses of sexuality . If there were stuff like this for straight things I would find it weird as heck || <USER> <USER> This is the privilege of heteronormativity ! ( just in case ),76,15,1,3.2,0,1,0,0,3,0.2,0,0,0,0,0,0,0,False,43,True,1.0,True,heuristic-high
figlang_twitter,twitter,train,1,"@USER You won't defend your cause , but you will criticize other women who are brave enough to stand for what they believe ?","Ladies - I'll be impressed when u take your March to Saudi Arabia , Afghanistan maybe Iran ! Now that would be cool . … <URL> || @USER Will you be organizing this of which you are so passionate about ?",2,"<USER> You won't defend your cause , but you will criticize other women who are brave enough to stand for what they believe ?","Ladies - I'll be impressed when u take your March to Saudi Arabia , Afghanistan maybe Iran ! Now that would be cool . ... <URL> || <USER> Will you be organizing this of which you are so passionate about ?",127,22,1,4.454545454545454,0,1,0,0,1,0.045454545454545456,0,0,0,0,0,0,0,False,34,True,1.0,True,heuristic-high
figlang_twitter,twitter,train,1,"@USER like I don't like using people's appearance to insult , it's petty & distracts from the real evil they've done . But",@USER wow . I knew she was insane but this is just the cherry on top . What a psycho . || @USER I just think it's funny that she talks about attractive 🚺 ( as if that's all 🚺 have to offer ) when she is Voldemort in a cheap wig,2,"<USER> like I don't like using people's appearance to insult , it's petty & distracts from the real evil they've done . But",<USER> wow . I knew she was insane but this is just the cherry on top . What a psycho . || <USER> I just think it's funny that she talks about attractive 🚺 ( as if that's all 🚺 have to offer ) when she is Voldemort in a cheap wig,125,20,1,4.8,0,0,0,0,1,0.05,0,0,0,0,0,0,0,False,44,True,0.95625,True,heuristic-high
figlang_twitter,twitter,train,1,@USER @USER @USER can't wait until they have to petition the European court of justice,I now fear every attempt will be made to block or delay triggering Article 50 . They have no idea level of public anger they will provoke . || @USER It is a british court applying british law serving justice to british people . Isnt that right up your alley ?,2,<USER> <USER> <USER> can't wait until they have to petition the European court of justice,I now fear every attempt will be made to block or delay triggering Article 50 . They have no idea level of public anger they will provoke . || <USER> It is a british court applying british law serving justice to british people . Isnt that right up your alley ?,95,15,1,4.6,0,0,0,0,3,0.2,0,0,0,0,0,0,0,False,45,True,0.9416666666666667,True,heuristic-high
figlang_twitter,twitter,train,1,@USER I tried to submit for a refund while on the flight but the wifi wasn't good enough to let me,@USER charged me $ 16 for wifi that takes longer than the duration of the flight to send / receive my inbox ... #epicfail #givememymoneyback || @USER You can submit for a refund of your Wi-Fi fee here : <URL> . ^ CC,2,<USER> I tried to submit for a refund while on the flight but the wifi wasn't good enough to let me,<USER> charged me $ 16 for wifi that takes longer than the duration of the flight to send / receive my inbox ... epicfail givememymoneyback || <USER> You can submit for a refund of your Wi-Fi fee here : <URL> . CC,101,21,1,3.6666666666666665,0,0,0,0,1,0.047619047619047616,0,0,0,0,0,0,0,False,36,True,1.0,True,heuristic-high
figlang_twitter,twitter,train,1,@USER Paciorrety has to hone his defensive play before getting promoted .,"The Pacioretty-Desharnais-Shaw line is not doing great . 27 shots for , 28 against . They've controlled 41 % of the scoring chances . || It's not a terrible line , but I'm not sure it's the right one to maximize Pacioretty's value as a goal scorer .",2,<USER> Paciorrety has to hone his defensive play before getting promoted .,"The Pacioretty-Desharnais-Shaw line is not doing great . 27 shots for , 28 against . They've controlled 41 % of the scoring chances . || It's not a terrible line , but I'm not sure it's the right one to maximize Pacioretty's value as a goal scorer .",76,11,1,5.454545454545454,0,0,0,0,1,0.09090909090909091,0,0,0,0,0,0,0,False,39,True,0.8886363636363637,True,heuristic-high
figlang_twitter,twitter,train,1,@USER @USER This is one of those tweets that didn't come across as intended isn't it ? Where you needed the ... ;),@USER < hey Dom ... may be Love Social could give this moron a job * sniggers * @USER || @USER @USER Do I need to learn what irony is for the role ?,2,<USER> <USER> This is one of those tweets that didn't come across as intended isn't it ? Where you needed the ... ;),<USER> < hey Dom ... may be Love Social could give this moron a job * sniggers * <USER> || <USER> <USER> Do I need to learn what irony is for the role ?,120,20,2,4.2,0,1,1,1,2,0.1,0,0,0,0,0,0,0,False,28,True,1.0,True,heuristic-high
figlang_twitter,twitter,train,1,"@USER @USER I'm 49 and I've just asked working class people do they know PoshPainter , they said only via Owen Jones",How Brexit unleashed demons only Labour can slay - if it gets its act together . Here's my column for the @USER : … <URL> || @USER @USER I'm 53 and I've never met any working class person or worker who has ever hear of you and your opinions . Just saying .,2,"<USER> <USER> I'm 49 and I've just asked working class people do they know PoshPainter , they said only via Owen Jones",How Brexit unleashed demons only Labour can slay - if it gets its act together . Here's my column for the <USER> : ... <URL> || <USER> <USER> I'm 53 and I've never met any working class person or worker who has ever hear of you and your opinions . Just saying .,122,20,1,4.5,0,0,0,0,2,0.1,0,0,0,0,0,0,0,False,45,True,1.0,True,heuristic-high
figlang_twitter,twitter,train,1,Perhaps I should have added . I really didn't think it was necessary . @USER,"I wish people would stop calling #SJW "" liberal "" . Real #liberals like me get triggered . You wouldn't like me when I … <URL> || @USER When you use the word "" triggered , "" it kinda proves my point that you're an SJW . And liberal ...",2,Perhaps I should have added . I really didn't think it was necessary . <USER>,"I wish people would stop calling SJW "" liberal "" . Real liberals like me get triggered . You wouldn't like me when I ... <URL> || <USER> When you use the word "" triggered , "" it kinda proves my point that you're an SJW . And liberal ...",79,13,2,4.538461538461538,0,0,0,0,1,0.07692307692307693,0,0,0,0,0,0,0,False,39,True,1.0,True,heuristic-high
figlang_twitter,twitter,train,1,"@USER @USER should be : I guess that it is you WHO not that , ...","The way Livingston looked at the bench told us every guard whose been on the roster for at least 2 seasons has blocked Mo's shot in practice || @USER , I guess that it is you that made a solecism and intended to write “ guard [ who's ] been on ” instead .",2,"<USER> <USER> should be : I guess that it is you WHO not that , ...","The way Livingston looked at the bench told us every guard whose been on the roster for at least 2 seasons has blocked Mo's shot in practice || <USER> , I guess that it is you that made a solecism and intended to write "" guard [ who's ] been on "" instead .",71,13,1,3.3076923076923075,0,0,1,1,3,0.23076923076923078,0,0,0,0,0,0,0,False,46,True,1.0,True,heuristic-high
figlang_twitter,twitter,train,1,"@USER @USER @USER On the other hand , Bloomberg obviously is concerned ... Michael Bloomberg owns 3 planes , 2 helicopters , 6 boats , 11 houses , 42 cars .. yet suggests we should all take the bus to help fight climate change . 😉","Wow . Do you agree w this ? Seems naive . @USER @USER <URL> || @USER @USER @USER I get ’ s point as the economy & to which the speed in which change happens .. but doubt #ClimateChange or “ what the people want ” are top priority for the leaders in China ’ s Communist Party . Yes , naive .",2,"<USER> <USER> <USER> On the other hand , Bloomberg obviously is concerned ... Michael Bloomberg owns 3 planes , 2 helicopters , 6 boats , 11 houses , 42 cars .. yet suggests we should all take the bus to help fight climate change . 😉","Wow . Do you agree w this ? Seems naive . <USER> <USER> <URL> || <USER> <USER> <USER> I get ' s point as the economy & to which the speed in which change happens .. but doubt ClimateChange or "" what the people want "" are top priority for the leaders in China ' s Communist Party . Yes , naive .",239,32,3,5.09375,0,0,2,2,3,0.09375,1,0,0,0,0,0,1,False,52,True,0.89609375,True,heuristic-high
figlang_twitter,twitter,train,1,@USER @USER disgusting .. and ur tweet is actually what scum would write .,"#JunaidJamshed took problematic positions in recent years , including women shouldnt be allowed to drive or leave home without a male guardian || @USER not bad that such a scum is dead . He was no more than a scary zombie anyway",2,<USER> <USER> disgusting .. and ur tweet is actually what scum would write .,"JunaidJamshed took problematic positions in recent years , including women shouldnt be allowed to drive or leave home without a male guardian || <USER> not bad that such a scum is dead . He was no more than a scary zombie anyway",80,12,2,4.666666666666667,0,0,1,1,2,0.16666666666666666,0,0,0,0,0,0,0,False,39,True,0.9416666666666667,True,heuristic-high
figlang_twitter,twitter,train,1,"@USER @USER It ’ s “ etc . ” , short for “ et cetera ” , meaning “ and the rest ” . Don ’ t worry about Latin anyway , “ legaltips ” . It ’ s a dead language . #DemocratsAreDullWitted","Biden says he would not comply with a Senate subpoena in Trump's impeachment trial <URL> <URL> || @USER Subpoena the president as well . Then we can get to the bottom of what has happened . Subpoena Emails , phone records ect ...",2,"<USER> <USER> It ' s "" etc . "" , short for "" et cetera "" , meaning "" and the rest "" . Don ' t worry about Latin anyway , "" legaltips "" . It ' s a dead language . DemocratsAreDullWitted","Biden says he would not comply with a Senate subpoena in Trump's impeachment trial <URL> <URL> || <USER> Subpoena the president as well . Then we can get to the bottom of what has happened . Subpoena Emails , phone records ect ...",190,29,4,4.206896551724138,0,0,0,0,2,0.06896551724137931,0,0,4,0,0,0,0,False,38,True,0.8612068965517241,True,heuristic-high
figlang_twitter,twitter,train,1,"@USER @USER Saddam was more evil , more powerful and more dangerous . Removing him with any kind of strategy must be beneficial to America and saving American lives","This clip is from 6 months ago . Pay attention . The Trump admin has been chomping at the bit to pursue conflict with Iran for months . We must act now to save lives , protect the innocent , and limit the immense damage that has been done . War isn ’ t “ smart ” - it ’ s barbaric . <URL> || @USER How do you suggest keeping this evil from killing Americans ? Serious question . I ’ m waiting ...",2,"<USER> <USER> Saddam was more evil , more powerful and more dangerous . Removing him with any kind of strategy must be beneficial to America and saving American lives","This clip is from 6 months ago . Pay attention . The Trump admin has been chomping at the bit to pursue conflict with Iran for months . We must act now to save lives , protect the innocent , and limit the immense damage that has been done . War isn ' t "" smart "" - it ' s barbaric . <URL> || <USER> How do you suggest keeping this evil from killing Americans ? Serious question . I ' m waiting ...",170,27,1,4.888888888888889,0,0,0,0,2,0.07407407407407407,0,0,0,0,0,0,0,False,70,True,0.9416666666666667,True,heuristic-high
figlang_twitter,twitter,train,1,"@USER Saw something like that , finally ; misspelled Du Bois as "" De Bois "" . ( Just after one on signs of bullying . )","@USER What was that ? I'm getting "" You're not authorized to view these tweets . "" 😳 || @USER a deleted tweet from @USER saying "" our deepest apologizes for the earlier typo """,2,"<USER> Saw something like that , finally ; misspelled Du Bois as "" De Bois "" . ( Just after one on signs of bullying . )","<USER> What was that ? I'm getting "" You're not authorized to view these tweets . "" 😳 || <USER> a deleted tweet from <USER> saying "" our deepest apologizes for the earlier typo """,122,19,2,4.421052631578948,0,0,0,0,1,0.05263157894736842,0,0,1,0,0,0,0,False,27,True,1.0,True,heuristic-high
figlang_twitter,twitter,train,1,@USER I forgot to add in there . That's what I get for typing on my phone .,"I'm not getting dragged into the ThunderCats drama . I'm not watching it , so I won't have an opinion on its quality or lack thereof . Ha , take that Internet . || @USER There's a what now ? I'm busy , get back to me later .",2,<USER> I forgot to add in there . That's what I get for typing on my phone .,"I'm not getting dragged into the ThunderCats drama . I'm not watching it , so I won't have an opinion on its quality or lack thereof . Ha , take that Internet . || <USER> There's a what now ? I'm busy , get back to me later .",78,16,2,3.4375,0,0,0,0,1,0.0625,0,0,0,0,0,0,0,False,40,True,1.0,True,heuristic-high
figlang_twitter,twitter,train,1,@USER @USER you say he's a simpleton yet your grammar suggests you're a bigger simpleton ? ? #salty,"What an amazing achievement by @USER The man will no doubt go down as a legend , some player ! 👏 <URL> || @USER @USER granny shaging simpleton who's wears that ugly tramp he calls a wife's minge hair on his head",2,<USER> <USER> you say he's a simpleton yet your grammar suggests you're a bigger simpleton ? ? salty,"What an amazing achievement by <USER> The man will no doubt go down as a legend , some player ! 👏 <URL> || <USER> <USER> granny shaging simpleton who's wears that ugly tramp he calls a wife's minge hair on his head",106,16,2,4.8125,0,2,0,0,2,0.125,0,0,0,0,0,0,0,False,38,True,0.9234375,True,heuristic-high
figlang_twitter,twitter,train,1,@USER The fact that the one person who could have ensured a fair trial with witnesses and evidence is complaining about fairness after he ordered witnesses to not testify .,"Why should Crazy Nancy Pelosi , just because she has a slight majority in the House , be allowed to Impeach the President of the United States ? Got ZERO Republican votes , there was no crime , the call with Ukraine was perfect , with “ no pressure . ” She said it must be “ bipartisan ... || ... & overwhelming , ” but this Scam Impeachment was neither . Also , very unfair with no Due Process , proper representation , or witnesses . Now Pelosi is demanding everything the Republicans weren ’ t allowed to have in the House . Dems want to run majority Republican Senate . Hypocrites !",2,<USER> The fact that the one person who could have ensured a fair trial with witnesses and evidence is complaining about fairness after he ordered witnesses to not testify .,"Why should Crazy Nancy Pelosi , just because she has a slight majority in the House , be allowed to Impeach the President of the United States ? Got ZERO Republican votes , there was no crime , the call with Ukraine was perfect , with "" no pressure . "" She said it must be "" bipartisan ... || ... & overwhelming , "" but this Scam Impeachment was neither . Also , very unfair with no Due Process , proper representation , or witnesses . Now Pelosi is demanding everything the Republicans weren ' t allowed to have in the House . Dems want to run majority Republican Senate . Hypocrites !",175,29,1,4.862068965517241,0,0,0,0,1,0.034482758620689655,0,0,0,0,0,0,0,False,90,True,1.0,True,heuristic-high
figlang_twitter,twitter,train,1,"@USER Uh-oh , was @USER too "" un-PC "" for you ? Do you need a pro - @USER safe space to protect your feelings ? _","Happy New Year to all , including to my many enemies and those who have fought me and lost so badly they just don't know what to do . Love ! || . @USER HOW ARE YOU GOING TO BE PRESIDENT i heard your dick's not big enough for the job",2,"<USER> Uh-oh , was <USER> too "" un-PC "" for you ? Do you need a pro - <USER> safe space to protect your feelings ? _","Happy New Year to all , including to my many enemies and those who have fought me and lost so badly they just don't know what to do . Love ! || . <USER> HOW ARE YOU GOING TO BE PRESIDENT i heard your dick's not big enough for the job",122,22,2,3.409090909090909,0,2,0,0,4,0.18181818181818182,0,0,1,0,0,0,1,False,46,True,1.0,True,heuristic-high
figlang_twitter,twitter,train,1,@USER u idiot .. @USER doesn't care about Hispanics . He'll call u an anchor baby but by all means support him,"Busy day planned in New York . Will soon be making some very important decisions on the people who will be running our government ! || @USER As a Mexican-American , I'm with you ! You're for America and its people ! You'll do a great job in bringing America forward !",2,<USER> u idiot .. <USER> doesn't care about Hispanics . He'll call u an anchor baby but by all means support him,"Busy day planned in New York . Will soon be making some very important decisions on the people who will be running our government ! || <USER> As a Mexican-American , I'm with you ! You're for America and its people ! You'll do a great job in bringing America forward !",116,20,2,4.2,0,0,1,1,2,0.1,0,0,0,0,0,0,0,False,46,True,0.9125,True,heuristic-high
figlang_twitter,twitter,train,1,"@USER @USER Funny you should mention fear , she is known for the poem Our Greatest Fear about acting from power instead of fear .","Trump says “ We took action last night to stop a war . ” That ’ s clearly absurd . What he did last night is more likely to start a war . Hard to imagine who was advising him ; maybe he acted unilaterally & impulsively . Whichever it was , may the world be protected from his recklessness . || @USER Not to me . Sometimes a bloody nose is very effective . And this wasn't even a bloody nose . Maybe this isn't the best job choice for you . If you're going to live in fear .",2,"<USER> <USER> Funny you should mention fear , she is known for the poem Our Greatest Fear about acting from power instead of fear .","Trump says "" We took action last night to stop a war . "" That ' s clearly absurd . What he did last night is more likely to start a war . Hard to imagine who was advising him ; maybe he acted unilaterally & impulsively . Whichever it was , may the world be protected from his recklessness . || <USER> Not to me . Sometimes a bloody nose is very effective . And this wasn't even a bloody nose . Maybe this isn't the best job choice for you . If you're going to live in fear .",135,23,1,4.391304347826087,0,0,0,0,2,0.08695652173913043,0,0,0,0,0,0,0,False,85,True,0.9923913043478261,True,heuristic-high
figlang_twitter,twitter,train,1,"@USER @USER If the Crusades were "" so long ago "" than don't bring up Jesus since we're talking shelf life .","I'm about to lose my damn mind . Trump's education pick says reform can ' advance God's Kingdom ' <URL> || . @USER Funny how the people who say ' Oh , the Crusades were so long ago ' seem pretty keen to ' advance gods kingdom ' again ...",2,"<USER> <USER> If the Crusades were "" so long ago "" than don't bring up Jesus since we're talking shelf life .","I'm about to lose my damn mind . Trump's education pick says reform can ' advance God's Kingdom ' <URL> || . <USER> Funny how the people who say ' Oh , the Crusades were so long ago ' seem pretty keen to ' advance gods kingdom ' again ...",113,19,1,4.2631578947368425,0,0,0,0,2,0.10526315789473684,0,0,1,0,0,0,0,False,45,True,0.9263157894736842,True,heuristic-high
figlang_twitter,twitter,train,1,@USER @USER @USER note to myself : when trying to be funny add an hashtag,"I get the impression that people should perhaps pay very close attention to installing tomorrow's Microsoft Patch Tuesday updates in a timely manner . Even more so than others . I don't know ... just call it a hunch ? ¯ \ _ ( ツ ) _ / ¯ || @USER @USER @USER every version of windows since NT is impacted , not all will have support , and therefore patches , but they will all be vulnerable ..",2,<USER> <USER> <USER> note to myself : when trying to be funny add an hashtag,"I get the impression that people should perhaps pay very close attention to installing tomorrow's Microsoft Patch Tuesday updates in a timely manner . Even more so than others . I don't know ... just call it a hunch ? ̄ \ _ ( ツ ) _ / ̄ || <USER> <USER> <USER> every version of windows since NT is impacted , not all will have support , and therefore patches , but they will all be vulnerable ..",82,14,1,3.9285714285714284,0,0,0,0,3,0.21428571428571427,0,0,0,0,0,0,0,False,61,True,0.9625,True,heuristic-high
figlang_twitter,twitter,train,1,@USER @USER @USER You ’ re right . Corruption started in January of 2017 . My bad .,@USER @USER None of them guilty for anything related to Russian election interference . But way to fall for easily disproven BS ! Way to go ! || @USER @USER @USER It's called draining the swamp of trump and his corrupt buddies !,2,<USER> <USER> <USER> You ' re right . Corruption started in January of 2017 . My bad .,<USER> <USER> None of them guilty for anything related to Russian election interference . But way to fall for easily disproven BS ! Way to go ! || <USER> <USER> <USER> It's called draining the swamp of trump and his corrupt buddies !,92,14,3,4.0,0,0,0,0,3,0.21428571428571427,0,0,0,0,0,0,1,False,38,True,0.8999999999999999,True,heuristic-high
figlang_twitter,twitter,train,1,@USER Where's the empirical evidence that they did ? ( Even if u produce some there r ppl that will deny it ) #MRobertsisaLoony,Media : Why give column inches to this man's crazy views ? <URL> || @USER Damned if I know how NASA got to the moon without Roberts .,2,<USER> Where's the empirical evidence that they did ? ( Even if u produce some there r ppl that will deny it ) MRobertsisaLoony,Media : Why give column inches to this man's crazy views ? <URL> || <USER> Damned if I know how NASA got to the moon without Roberts .,131,21,1,4.714285714285714,0,1,0,0,1,0.047619047619047616,0,0,0,0,0,0,0,False,24,True,1.0,True,heuristic-high
figlang_twitter,twitter,train,1,@USER @USER @USER she forgets how Trumble hung off Packers coat tails ..,Make no mistake . If PM is finally finding his grasp this is a devastating attack on Shorten . <URL> || @USER You are such a Liberal stooge Latika . How can you actually call yourself a journalist ? Heading for the Daily Mail soon ?,2,<USER> <USER> <USER> she forgets how Trumble hung off Packers coat tails ..,Make no mistake . If PM is finally finding his grasp this is a devastating attack on Shorten . <URL> || <USER> You are such a Liberal stooge Latika . How can you actually call yourself a journalist ? Heading for the Daily Mail soon ?,81,12,1,4.583333333333333,0,0,1,1,3,0.25,0,0,0,0,0,0,0,False,40,True,0.7958333333333334,True,heuristic-high
figlang_twitter,twitter,train,1,"@USER thanks sweetie ! 💖 I'm from Salem area , you ? You were SO funny , we have similar personalities gotta love it ! 😜 😘",@USER Hi Sheri fan of the show frm 1st season loved that a fellow OR girl was on 2nd ! U look really familiar do we know each other ? || @USER I am not sure I feel we know each other . Any ideas how ? Your absolutely adorable by the way 💕 ❤ ️ ️ ❤ ️ ️ 💕,2,"<USER> thanks sweetie ! 💖 I'm from Salem area , you ? You were SO funny , we have similar personalities gotta love it ! 😜 😘",<USER> Hi Sheri fan of the show frm 1st season loved that a fellow OR girl was on 2nd ! U look really familiar do we know each other ? || <USER> I am not sure I feel we know each other . Any ideas how ? Your absolutely adorable by the way 💕 ❤ ️ ️ ❤ ️ ️ 💕,125,19,3,4.578947368421052,2,1,0,0,2,0.10526315789473684,3,0,0,0,0,0,0,False,48,True,1.0,True,heuristic-high
figlang_twitter,twitter,train,1,@USER @USER Enjoying the of this #citation : paywall exclusion has always been a major hindrance to tackling climate change denial #agnotology #ClimateEmergency,"I get a lot of questions about "" are we at a tipping point with climate change ? "" ( 98 % of the questions are from my father ) . I normally say "" there's no evidence that we are "" and "" we won't know for sure until a while after we pass it "" . || @USER You might like this paper about detecting big transitions before they happen <URL>",2,<USER> <USER> Enjoying the of this citation : paywall exclusion has always been a major hindrance to tackling climate change denial agnotology ClimateEmergency,"I get a lot of questions about "" are we at a tipping point with climate change ? "" ( 98 % of the questions are from my father ) . I normally say "" there's no evidence that we are "" and "" we won't know for sure until a while after we pass it "" . || <USER> You might like this paper about detecting big transitions before they happen <URL>",169,22,1,6.0,0,0,0,0,2,0.09090909090909091,0,0,0,0,0,0,0,False,59,True,0.9681818181818183,True,heuristic-high
figlang_twitter,twitter,train,1,@USER @USER @USER For that you would get serious jail time .,There are starving children in the world who could use the help but yeah donate to the giant abortion conglomerate … <URL> || @USER @USER it's the upside down ... loveathon for killing unborn kids ... should I love some dogs by running them over ?,2,<USER> <USER> <USER> For that you would get serious jail time .,There are starving children in the world who could use the help but yeah donate to the giant abortion conglomerate ... <URL> || <USER> <USER> it's the upside down ... loveathon for killing unborn kids ... should I love some dogs by running them over ?,69,11,1,4.090909090909091,0,0,0,0,3,0.2727272727272727,0,0,0,0,0,0,0,False,41,True,1.0,True,heuristic-high
figlang_twitter,twitter,train,1,@USER @USER @USER Shows how much the poor bloke needed a holiday : he wasn't even thinking straight,"@USER Can you please have your press office call me , or call me yourself ? Naomirwolf on Skype . I ’ d like to ask why the PM did not accept offered help w fires from France , Canada , US , NZ or Micronesia . I ’ m available all day tomorrow . Thank you . || @USER @USER @USER Did you know help was first offered in November , & scornfully dismissed as unnecessary before #ScottyfromMarketing went on his Hawaiian holiday ?",2,<USER> <USER> <USER> Shows how much the poor bloke needed a holiday : he wasn't even thinking straight,"<USER> Can you please have your press office call me , or call me yourself ? Naomirwolf on Skype . I ' d like to ask why the PM did not accept offered help w fires from France , Canada , US , NZ or Micronesia . I ' m available all day tomorrow . Thank you . || <USER> <USER> <USER> Did you know help was first offered in November , & scornfully dismissed as unnecessary before ScottyfromMarketing went on his Hawaiian holiday ?",108,17,1,4.588235294117647,0,0,0,0,3,0.17647058823529413,0,0,0,0,0,0,0,False,72,True,0.9073529411764707,True,heuristic-high
figlang_twitter,twitter,train,1,"@USER @USER You mean like Melania did ? Worked here without the proper visa , then lies about it .",#Election2016 News : Trump : I ’ m Going To Deport Or Jail Three Million Undocumented Immigrants <URL> || @USER they shouldn't have come here illegally in the first place .,2,"<USER> <USER> You mean like Melania did ? Worked here without the proper visa , then lies about it .",Election2016 News : Trump : I ' m Going To Deport Or Jail Three Million Undocumented Immigrants <URL> || <USER> they shouldn't have come here illegally in the first place .,104,17,2,4.352941176470588,0,1,0,0,2,0.11764705882352941,0,0,0,0,0,0,0,False,27,True,1.0,True,heuristic-high
figlang_twitter,twitter,train,1,"@USER @USER No more than the words "" crooked "" , "" collaborate "" or #TraitorInChief","The "" Intelligence "" briefing on so-called "" Russian hacking "" was delayed until Friday , perhaps more time needed to build a case . Very strange ! || @USER What's "" strange "" is that you put "" intelligence "" in quotations ... like you don't understand the word "" intelligence "" .",2,"<USER> <USER> No more than the words "" crooked "" , "" collaborate "" or TraitorInChief","The "" Intelligence "" briefing on so-called "" Russian hacking "" was delayed until Friday , perhaps more time needed to build a case . Very strange ! || <USER> What's "" strange "" is that you put "" intelligence "" in quotations ... like you don't understand the word "" intelligence "" .",90,11,1,5.454545454545454,0,0,0,0,2,0.18181818181818182,0,0,2,0,0,0,0,False,39,True,0.9681818181818183,True,heuristic-high
figlang_twitter,twitter,train,1,@USER @USER @USER I can't believe they traded for that guy ! Gave up way too much .,I am old enough to remember when Kenny Vaccaro was a free agent last year and the Cowboys didn't think he was good enough to help them at safety . They claimed they liked their safeties better and he was just a box guy || @USER Have the Cowboys ever like a safety other than Heath and Woodson ?,2,<USER> <USER> <USER> I can't believe they traded for that guy ! Gave up way too much .,I am old enough to remember when Kenny Vaccaro was a free agent last year and the Cowboys didn't think he was good enough to help them at safety . They claimed they liked their safeties better and he was just a box guy || <USER> Have the Cowboys ever like a safety other than Heath and Woodson ?,92,16,2,3.8125,1,0,0,0,3,0.1875,0,0,0,0,0,0,0,False,56,True,1.0,True,heuristic-high
figlang_twitter,twitter,train,1,@USER @USER @USER of Mizzou fans worry about KU Football because they have nothing to speak about w / their team,The best part about the kU game today is how upset that Texas was that they lost to kU . Hilarious . || @USER my fav part is their fans hypocrisy . Goal post yea . Rush the court ? No . Losers .,2,<USER> <USER> <USER> of Mizzou fans worry about KU Football because they have nothing to speak about w / their team,The best part about the kU game today is how upset that Texas was that they lost to kU . Hilarious . || <USER> my fav part is their fans hypocrisy . Goal post yea . Rush the court ? No . Losers .,121,20,1,4.4,0,0,0,0,4,0.2,0,0,0,0,0,0,0,False,36,True,1.0,True,heuristic-high
figlang_twitter,twitter,train,1,"@USER @USER @USER says the guy who declared there's no evidence , then asked to peer review it .","@USER @USER @USER what he's saying is , "" Facts are silly . "" It's the new denial state . || @USER @USER @USER None have been presented here . Just a whole lot of confirmation bias .",2,"<USER> <USER> <USER> says the guy who declared there's no evidence , then asked to peer review it .","<USER> <USER> <USER> what he's saying is , "" Facts are silly . "" It's the new denial state . || <USER> <USER> <USER> None have been presented here . Just a whole lot of confirmation bias .",105,17,1,4.294117647058823,0,0,0,0,3,0.17647058823529413,0,0,0,0,0,0,0,False,30,True,0.9588235294117647,True,heuristic-high
figlang_twitter,twitter,train,1,@USER @USER A farewell address and the last scheduled conference are two different things :|,White House spokesman says U . S . President Barack Obama will hold his final news conference on Wednesday || @USER how many final speeches will this idiot give .,2,<USER> <USER> A farewell address and the last scheduled conference are two different things :|,White House spokesman says U . S . President Barack Obama will hold his final news conference on Wednesday || <USER> how many final speeches will this idiot give .,98,14,1,5.285714285714286,0,0,0,0,2,0.14285714285714285,0,0,0,0,0,0,0,False,26,True,0.9625,True,heuristic-high
figlang_twitter,twitter,train,1,@USER @USER Give every child a jar of jelly beans . The ones that horde them to themselves identify as Conservatives and they are NOT to be made fun of OK ! The ones that share with others are Liberals and they are fair game for teasing regardless of age !,“ Activist ” Greta Thunberg named TIME magazine “ person of the year . ” Anyone know what she did besides skip school and throw a tantrum ? || @USER Can I get a list . Which minors are we allowed to openly insult and which ones are we not even allowed to speak the names of ?,2,<USER> <USER> Give every child a jar of jelly beans . The ones that horde them to themselves identify as Conservatives and they are NOT to be made fun of OK ! The ones that share with others are Liberals and they are fair game for teasing regardless of age !,""" Activist "" Greta Thunberg named TIME magazine "" person of the year . "" Anyone know what she did besides skip school and throw a tantrum ? || <USER> Can I get a list . Which minors are we allowed to openly insult and which ones are we not even allowed to speak the names of ?",262,48,3,4.1875,2,0,0,0,4,0.08333333333333333,0,0,0,0,0,0,1,False,49,True,1.0,True,heuristic-high
figlang_twitter,twitter,train,1,@USER @USER @USER These women completely lack attractive feminine features . Why do most feminists resemble men ? _,"As our Canadian women poliiticians "" "" pander to Islamic principles ! LePen is showing her feminine side & saying no . … <URL> || @USER @USER Our women politicians definitely pandering for ethnic votes ! <URL>",2,<USER> <USER> <USER> These women completely lack attractive feminine features . Why do most feminists resemble men ? _,"As our Canadian women poliiticians "" "" pander to Islamic principles ! LePen is showing her feminine side & saying no . ... <URL> || <USER> <USER> Our women politicians definitely pandering for ethnic votes ! <URL>",124,16,2,5.6875,0,1,0,0,3,0.1875,0,0,0,0,0,0,0,False,29,True,0.8140625,True,heuristic-high
figlang_twitter,twitter,train,1,@USER @USER It was also checked to eliminate the same synonyms .,"Is there / Was there really a report in the first place ? Possibilities : 1 Nothing new at all 2 A few are state secrets 3 Couldn't risk alienating relatives or donors 4 There are no presscon venues available 5 We'd all be confused by the report 6 She's confused by her report <URL> || @USER The purported "" report , "" formerly touted as an "" exposé , "" must have been prepared and re-drafted too many times by her staff into a form that no longer makes sense . Thus , the earthquake-related postponement to make way for a new five-page draft she can digest on her own .",2,<USER> <USER> It was also checked to eliminate the same synonyms .,"Is there / Was there really a report in the first place ? Possibilities : 1 Nothing new at all 2 A few are state secrets 3 Couldn't risk alienating relatives or donors 4 There are no presscon venues available 5 We'd all be confused by the report 6 She's confused by her report <URL> || <USER> The purported "" report , "" formerly touted as an "" exposé , "" must have been prepared and re-drafted too many times by her staff into a form that no longer makes sense . Thus , the earthquake-related postponement to make way for a new five-page draft she can digest on her own .",70,11,1,4.545454545454546,0,0,0,0,2,0.18181818181818182,0,0,0,0,0,0,0,False,96,True,1.0,True,heuristic-high
figlang_twitter,twitter,train,1,@USER Nope :( Looks like I deleted Dropbox from my phone due to storage issues,Friends ! Is there any way I can recover deleted pictures from an Android ? ! || @USER if you have auto back up to Dropbox enabled they'll still be there,2,<USER> Nope :( Looks like I deleted Dropbox from my phone due to storage issues,Friends ! Is there any way I can recover deleted pictures from an Android ? ! || <USER> if you have auto back up to Dropbox enabled they'll still be there,81,14,1,4.357142857142857,0,0,0,0,1,0.07142857142857142,0,0,0,0,0,0,0,False,27,True,0.9625,True,heuristic-high
figlang_twitter,twitter,train,1,. @USER @USER I like to leave fragments lying about for others to find and identify !,"I now expect , as HRC moves past 2.1 million vote lead , that Donald will cede the Presidency to her , like the gracious gentleman he is . || @USER @USER Hi missjanet . Ho r u & Sir Garp ? I think guy forgot his",2,. <USER> <USER> I like to leave fragments lying about for others to find and identify !,"I now expect , as HRC moves past 2.1 million vote lead , that Donald will cede the Presidency to her , like the gracious gentleman he is . || <USER> <USER> Hi missjanet . Ho r u & Sir Garp ? I think guy forgot his",91,15,2,4.333333333333333,1,0,0,0,2,0.13333333333333333,0,0,0,0,0,0,0,False,38,True,1.0,True,heuristic-high
figlang_twitter,twitter,train,1,@USER @USER so now we just have the biggest elitist of all running the country ...,"First woman to run for President was more experienced , qualified , won 3 debates & 2 million more votes but was denied the job . #IronNotGlass || @USER I don't want the elites from California and NY running this country . That is why the Electoral College vote is in place .",2,<USER> <USER> so now we just have the biggest elitist of all running the country ...,"First woman to run for President was more experienced , qualified , won 3 debates & 2 million more votes but was denied the job . IronNotGlass || <USER> I don't want the elites from California and NY running this country . That is why the Electoral College vote is in place .",88,15,1,4.133333333333334,0,0,1,1,2,0.13333333333333333,0,0,0,0,0,0,0,False,44,True,1.0,True,heuristic-high
figlang_twitter,twitter,train,1,"Dudes dressed to the nine will cry "" gold-digger "" if women pursued / assumed they have big-money .",Once the human population grasps women enhancing their looks via outfit & makeup isn't to solely attract men / grounds … <URL> || Women are sexually objectified / harassed in burkas and sweatsuits . Is the struggle that real to find a woman attractive w / o doing the most ?,2,"Dudes dressed to the nine will cry "" gold-digger "" if women pursued / assumed they have big-money .",Once the human population grasps women enhancing their looks via outfit & makeup isn't to solely attract men / grounds ... <URL> || Women are sexually objectified / harassed in burkas and sweatsuits . Is the struggle that real to find a woman attractive w / o doing the most ?,99,17,1,4.411764705882353,0,0,0,0,0,0.0,0,0,1,0,0,0,0,False,43,True,0.9588235294117647,True,heuristic-high
figlang_twitter,twitter,train,1,@USER @USER @USER got a car ? using mobile phone and computer ? then whinging about coal ... your lifestyle is powered by petroleum mate ... yet you don't say no to computers ...,"Pity the poor #Australians , their country ablaze , and their rotten @USER saying , “ This is not the time to talk about Climate Change . We have to grow our economy . ” What an idiot . What good is an economy in an uninhabitable country ? Lead , you fuckwit ! ! || @USER @USER Thanks for the straight talk . Our PM ( #NotMyPM ) is trying to spin that this is normal fire behaviour so he can carry on selling coal . We have over 20 dead , many missing , 1000s of houses burnt . #AustraliaBushfires is what 1 degrees warming looks like . We're headed for 3 degrees <URL>",2,<USER> <USER> <USER> got a car ? using mobile phone and computer ? then whinging about coal ... your lifestyle is powered by petroleum mate ... yet you don't say no to computers ...,"Pity the poor Australians , their country ablaze , and their rotten <USER> saying , "" This is not the time to talk about Climate Change . We have to grow our economy . "" What an idiot . What good is an economy in an uninhabitable country ? Lead , you fuckwit ! ! || <USER> <USER> Thanks for the straight talk . Our PM ( NotMyPM ) is trying to spin that this is normal fire behaviour so he can carry on selling coal . We have over 20 dead , many missing , 1000s of houses burnt . AustraliaBushfires is what 1 degrees warming looks like . We're headed for 3 degrees <URL>",187,29,5,4.517241379310345,0,2,3,3,3,0.10344827586206896,0,0,0,0,0,0,0,False,92,True,0.9818965517241379,True,heuristic-high
figlang_twitter,twitter,train,1,@USER @USER there isn't any . He knows that . That was the point . Check out a man's life b4 assuming u know him ffs,My last tweet got many nice responses but too many had an anti-semitic tinge which is toxic for the health & esteem of our beloved country . || @USER Whats the Difference between Racism and Anti-Semitisim ? Please enlighten me ?,2,<USER> <USER> there isn't any . He knows that . That was the point . Check out a man's life b4 assuming u know him ffs,My last tweet got many nice responses but too many had an anti-semitic tinge which is toxic for the health & esteem of our beloved country . || <USER> Whats the Difference between Racism and Anti-Semitisim ? Please enlighten me ?,122,23,3,3.6956521739130435,0,0,0,0,2,0.08695652173913043,0,0,0,0,0,0,0,False,38,True,1.0,True,heuristic-high
figlang_twitter,twitter,train,1,@USER @USER some #TuamBabies maybe alive yet in its place #PPSellBabyParts instead which #repealthe8th support,"#TuamBabies My heart is beating out of my chest . || I took a lot of abuse from so-called "" pro-life "" people about #TuamBabies . They said I was "" peddling a lie . "" <URL>",2,<USER> <USER> some TuamBabies maybe alive yet in its place PPSellBabyParts instead which repealthe8th support,"TuamBabies My heart is beating out of my chest . || I took a lot of abuse from so-called "" pro-life "" people about TuamBabies . They said I was "" peddling a lie . "" <URL>",119,16,1,5.625,0,0,0,0,2,0.125,0,0,0,0,0,0,0,False,31,True,0.86875,True,heuristic-high
figlang_twitter,twitter,train,1,"@USER @USER Lucky you got that citizenship sorted out , next offense they might throw you out","No but the idea that the racist Dixiecrats became Republicans totally has <URL> || @USER Irrelevant since Nixon . Southern strategy is real . You've only been in US since college , managed to get indicted though . sad !",2,"<USER> <USER> Lucky you got that citizenship sorted out , next offense they might throw you out","No but the idea that the racist Dixiecrats became Republicans totally has <URL> || <USER> Irrelevant since Nixon . Southern strategy is real . You've only been in US since college , managed to get indicted though . sad !",99,16,1,4.625,0,0,0,0,2,0.125,0,0,0,0,0,0,0,False,34,True,0.978125,True,heuristic-high
figlang_twitter,twitter,train,1,"@USER @USER It always amuses me greatly how trans want people to accept them for who they are , yet can ’ t even accept themselves for who they are ! #hypocrites #stunningandbrave","Men are always a threat to women . Especially white men ... unless they identify as women , of course . Then the whole thing becomes woke AF and women need to STFU and stop being so bloody transphobic . <URL> || As a man , I recognised I was a constant threat to women . Now that I self ID as a woman , I am no threat at all . In fact the roles have reversed and it is bigoted TERFs who are the danger to me . What if I end my life due to transphobic lesbians rejecting me ? My struggle is real .",2,"<USER> <USER> It always amuses me greatly how trans want people to accept them for who they are , yet can ' t even accept themselves for who they are ! hypocrites stunningandbrave","Men are always a threat to women . Especially white men ... unless they identify as women , of course . Then the whole thing becomes woke AF and women need to STFU and stop being so bloody transphobic . <URL> || As a man , I recognised I was a constant threat to women . Now that I self ID as a woman , I am no threat at all . In fact the roles have reversed and it is bigoted TERFs who are the danger to me . What if I end my life due to transphobic lesbians rejecting me ? My struggle is real .",187,31,1,4.548387096774194,1,0,0,0,2,0.06451612903225806,0,0,0,0,0,0,0,False,95,True,1.0,True,heuristic-high
figlang_twitter,twitter,train,1,@USER @USER @USER But but ... they also Rx Sglt 2i and or Dpp 4i So high carb ok .,This is how a typical South Indian High Carb meals spikes . Had to attend a family function & had to take high carb breakfast + Lunch . This is how most diagnosed / undiagnosed T2d will suffer without knowing . Traditional foods only . Freestyle Libre with Glimp for the reading <URL> || @USER @USER @USER Just about shows - meter NEVER LIES . To all those doctors / dieticians who shout their lungs out favouring traditional breakfast is wholesome and ideal - HACE YOU TESTED ? Or do you blindly follow your mugged up recitation that you did to pass your medical exams .,2,<USER> <USER> <USER> But but ... they also Rx Sglt 2i and or Dpp 4i So high carb ok .,This is how a typical South Indian High Carb meals spikes . Had to attend a family function & had to take high carb breakfast + Lunch . This is how most diagnosed / undiagnosed T2d will suffer without knowing . Traditional foods only . Freestyle Libre with Glimp for the reading <URL> || <USER> <USER> <USER> Just about shows - meter NEVER LIES . To all those doctors / dieticians who shout their lungs out favouring traditional breakfast is wholesome and ideal - HACE YOU TESTED ? Or do you blindly follow your mugged up recitation that you did to pass your medical exams .,91,18,2,3.0,0,0,1,1,3,0.16666666666666666,0,0,0,0,0,0,1,False,93,True,1.0,True,heuristic-high
figlang_twitter,twitter,train,1,@USER Fan fact : The station is on the Isle of Dogs . #ironic #alanismorrisettemoment,I have now been publicly dissed by Lord Black . My work on this good earth is done . <URL> || @USER You mean Lord Black of a moderately used LRT stop - er I mean Crossharbour .,2,<USER> Fan fact : The station is on the Isle of Dogs . alanismorrisettemoment,I have now been publicly dissed by Lord Black . My work on this good earth is done . <URL> || <USER> You mean Lord Black of a moderately used LRT stop - er I mean Crossharbour .,83,12,1,5.0,0,0,0,0,1,0.08333333333333333,0,0,0,0,0,0,0,False,33,True,1.0,True,heuristic-high
figlang_twitter,twitter,train,1,"When the Girls who worship Ravana & propagate anarchy saw Ravana in real life , forgot their revolution for anarchy went to police",Moral policing commies turned to their own ilks . alt leftist girl named as ' Janaki Ravan ' in FB got the taste of the commie moral policing . || RW is sympathising with the alt left as SFI beat them . Did any of the alt left ( liberals ) condemn the brutal killings of Hindus in Kerala ?,2,"When the Girls who worship Ravana & propagate anarchy saw Ravana in real life , forgot their revolution for anarchy went to police",Moral policing commies turned to their own ilks . alt leftist girl named as ' Janaki Ravan ' in FB got the taste of the commie moral policing . || RW is sympathising with the alt left as SFI beat them . Did any of the alt left ( liberals ) condemn the brutal killings of Hindus in Kerala ?,130,21,1,5.0476190476190474,0,0,0,0,0,0.0,0,0,0,0,0,0,0,False,53,True,0.9416666666666667,True,heuristic-high
figlang_twitter,twitter,train,1,"@USER @USER Yup . If that happened in Game 6 , this conversation wouldn't be happening .",29 points in the first half for Kevin Durant . His most since he scored 30 in Oracle a few years back as a member of the Thunder . Weird . || @USER Wish the dude had played with this much gumption in the final moments of Game 6 in the Western Conference finals .,2,"<USER> <USER> Yup . If that happened in Game 6 , this conversation wouldn't be happening .",29 points in the first half for Kevin Durant . His most since he scored 30 in Oracle a few years back as a member of the Thunder . Weird . || <USER> Wish the dude had played with this much gumption in the final moments of Game 6 in the Western Conference finals .,94,13,2,5.076923076923077,0,0,0,0,2,0.15384615384615385,0,0,0,0,0,0,0,False,47,True,0.9865384615384616,True,heuristic-high
figlang_twitter,twitter,train,1,@USER @USER I dont know guys . The guy with 2000 atbats hasn't had enough time in the show to reveal his true colors !,"Watch the people that try to spin this Mazara deal as a good one for the #WhiteSox . These people aren ’ t your friends , Sox fans . This is a typical , sh * tty , bottom-basement Sox move || @USER He is the EPITOME of an avg player in EVERY way ! ! ! No upside ! No downside ! 1.8 career WAR in FOUR seasons ! ! ! A nothing burger !",2,<USER> <USER> I dont know guys . The guy with 2000 atbats hasn't had enough time in the show to reveal his true colors !,"Watch the people that try to spin this Mazara deal as a good one for the WhiteSox . These people aren ' t your friends , Sox fans . This is a typical , sh * tty , bottom-basement Sox move || <USER> He is the EPITOME of an avg player in EVERY way ! ! ! No upside ! No downside ! 1.8 career WAR in FOUR seasons ! ! ! A nothing burger !",124,22,2,3.909090909090909,1,0,0,0,2,0.09090909090909091,0,0,0,0,0,0,0,False,60,True,1.0,True,heuristic-high
figlang_twitter,twitter,train,1,@USER @USER @USER And coons are brown & black & wear a mask ... You ppl are idiots no able to see the of this,"When an actor who has probably suffered discrimination for skin color decides to belittle others because of skin co … <URL> || @USER @USER @USER Lol , Neither is Red but racist idiots call Natives "" RedSkins "" ! Chinese are call Yellow ... Hmmmm !",2,<USER> <USER> <USER> And coons are brown & black & wear a mask ... You ppl are idiots no able to see the of this,"When an actor who has probably suffered discrimination for skin color decides to belittle others because of skin co ... <URL> || <USER> <USER> <USER> Lol , Neither is Red but racist idiots call Natives "" RedSkins "" ! Chinese are call Yellow ... Hmmmm !",118,22,1,3.5,0,0,1,1,3,0.13636363636363635,0,0,0,0,0,0,0,False,38,True,1.0,True,heuristic-high
figlang_twitter,twitter,train,1,@USER Who uses stops ? Well at least no one here on Twitter ... Lol 😂 🤣 😉,"I'm always wondering the same thing about so many people who post purely about trading psychology & trading quotes ... 😉 I love you Peter , you're a good buddy 👍 <URL> || @USER Don ’ t need a stop loss with little clever regurgitated quotes and the monthly subscriber fees roll in either way - even if you tweet typos constantly .",2,<USER> Who uses stops ? Well at least no one here on Twitter ... Lol 😂 🤣 😉,"I'm always wondering the same thing about so many people who post purely about trading psychology & trading quotes ... 😉 I love you Peter , you're a good buddy 👍 <URL> || <USER> Don ' t need a stop loss with little clever regurgitated quotes and the monthly subscriber fees roll in either way - even if you tweet typos constantly .",76,13,2,3.6923076923076925,0,1,1,1,1,0.07692307692307693,3,0,0,0,0,0,2,False,55,True,1.0,True,heuristic-high
figlang_twitter,twitter,train,1,@USER @USER I liked that he covered his face with a scarf on way out of court _,Man admits pulling niqab off Muslim woman in Sunderland <URL> || @USER With a facial expression like that he should be forced to wear a burka .,2,<USER> <USER> I liked that he covered his face with a scarf on way out of court _,Man admits pulling niqab off Muslim woman in Sunderland <URL> || <USER> With a facial expression like that he should be forced to wear a burka .,85,17,1,3.4705882352941178,0,0,0,0,2,0.11764705882352941,0,0,0,0,0,0,0,False,25,True,1.0,True,heuristic-high
figlang_twitter,twitter,train,1,@USER @USER @USER Naive opinion of what the campaign ran . ran on Hope and Change then screwed us,"⚠ RETWEET ⚠ if you agree Rudy Giuliani should be Secretary of State over Mitt Romney ; public apology or not . #tcot … <URL> || @USER @USER Both of them are not what @USER campaigned on , both career politicians . Why are either acceptable ?",2,<USER> <USER> <USER> Naive opinion of what the campaign ran . ran on Hope and Change then screwed us,"⚠ RETWEET ⚠ if you agree Rudy Giuliani should be Secretary of State over Mitt Romney ; public apology or not . tcot ... <URL> || <USER> <USER> Both of them are not what <USER> campaigned on , both career politicians . Why are either acceptable ?",106,18,1,4.166666666666667,0,0,0,0,3,0.16666666666666666,0,0,0,0,0,0,0,False,38,True,0.9902777777777778,True,heuristic-high
figlang_twitter,twitter,train,1,@USER @USER women strive 2B treated as equals not just housewives & y'all counter w shopping boycott - dumbasses,Thank you @USER happy to b a part of #GrabYourWallet just sent 4 emails 2 online stores including … <URL> || @USER @USER you GO girls - the great tank top boycott of 2016 - affecting exactly 0 change on every level #grababrain,2,<USER> <USER> women strive 2B treated as equals not just housewives & y'all counter w shopping boycott - dumbasses,Thank you <USER> happy to b a part of GrabYourWallet just sent 4 emails 2 online stores including ... <URL> || <USER> <USER> you GO girls - the great tank top boycott of 2016 - affecting exactly 0 change on every level grababrain,118,17,1,5.235294117647059,0,0,0,0,2,0.11764705882352941,0,0,0,0,0,0,0,False,35,True,0.8044117647058824,True,heuristic-high
figlang_twitter,twitter,train,1,"@USER @USER Big fan of asset sales management , but you should keep your sporting / political allegiances to yourself .","I wouldn't normally say anything on this but tomorrow feels unique . It always matters . But it matters more tomorrow . I genuinely think that If you believe in hope , and you believe in a system that is fairer - then , like mine , the "" X "" will be next to Labour tomorrow . 🌹 || @USER Big Courteeners fan but you should keep your political allegiances private .",2,"<USER> <USER> Big fan of asset sales management , but you should keep your sporting / political allegiances to yourself .","I wouldn't normally say anything on this but tomorrow feels unique . It always matters . But it matters more tomorrow . I genuinely think that If you believe in hope , and you believe in a system that is fairer - then , like mine , the "" X "" will be next to Labour tomorrow . 🌹 || <USER> Big Courteeners fan but you should keep your political allegiances private .",125,18,1,5.222222222222222,0,0,0,0,2,0.1111111111111111,0,0,0,0,0,0,0,False,60,True,0.8930555555555555,True,heuristic-high
figlang_twitter,twitter,train,1,The She is afraid to go to #Saudi cos she's anti HEJAB And ( a lot ) of #Moslem_woman #afraid to go to the cos of anti HEJAB @USER,These Saudi women are afraid to go home <URL> <URL> || The irony She is afraid to go to Saudi cos she's anti HEJAB And ( a lot ) of Moslem woman afraid to go to the US cos of anti HEJAB @USER,2,The She is afraid to go to Saudi cos she's anti HEJAB And ( a lot ) of Moslem_woman afraid to go to the cos of anti HEJAB <USER>,These Saudi women are afraid to go home <URL> <URL> || The irony She is afraid to go to Saudi cos she's anti HEJAB And ( a lot ) of Moslem woman afraid to go to the US cos of anti HEJAB <USER>,136,28,1,3.392857142857143,0,0,0,0,3,0.10714285714285714,0,0,0,0,0,0,0,False,40,True,1.0,True,heuristic-high
figlang_twitter,twitter,train,1,@USER Hey I really think ( not ) that because season 1 is the best thing ever so that he got something better to do .,* BREAKING NEWS * STAR TREK PICARD HAS BEEN RENEWED FOR A SECOND SEASON BEFORE AIRING THE FIRST SEASON . CBS DECLINED TO COMMENT 😂 THIS IS GOING TO BE A SHITSHOW . #STARTREK #STARTREKPICARD <URL> || MICHAEL CHABON WILL NOT BE SHOWRUNNER OF SEASON 2 . 😂,2,<USER> Hey I really think ( not ) that because season 1 is the best thing ever so that he got something better to do .,* BREAKING NEWS * STAR TREK PICARD HAS BEEN RENEWED FOR A SECOND SEASON BEFORE AIRING THE FIRST SEASON . CBS DECLINED TO COMMENT 😂 THIS IS GOING TO BE A SHITSHOW . STARTREK STARTREKPICARD <URL> || MICHAEL CHABON WILL NOT BE SHOWRUNNER OF SEASON 2 . 😂,120,22,1,3.9545454545454546,0,0,0,0,1,0.045454545454545456,0,0,0,0,0,0,0,False,39,True,1.0,True,heuristic-high
figlang_twitter,twitter,train,1,@USER I forgot the cake and now I'm in the dog house _ _,Family stuff all done . On train from Brum back to the Big Smoke . || @USER yay ! Will have to catch up in the new year . In the mean time I'm off to buy a birthday cake for a dog 😐,2,<USER> I forgot the cake and now I'm in the dog house _ _,Family stuff all done . On train from Brum back to the Big Smoke . || <USER> yay ! Will have to catch up in the new year . In the mean time I'm off to buy a birthday cake for a dog 😐,59,12,1,3.3333333333333335,0,0,0,0,1,0.08333333333333333,0,0,0,0,0,0,0,False,38,True,1.0,True,heuristic-high
figlang_twitter,twitter,train,1,"@USER @USER "" are persons with autism even sentient at all "" :(","Autism research : "" The studies on subjective QoL are mainly focusing on the subjective QoL in family members of someone with ASD . "" || @USER @USER I mean , who cares about the autistic person's QoL ? It's not like autistic people can express opinions .",2,"<USER> <USER> "" are persons with autism even sentient at all "" :(","Autism research : "" The studies on subjective QoL are mainly focusing on the subjective QoL in family members of someone with ASD . "" || <USER> <USER> I mean , who cares about the autistic person's QoL ? It's not like autistic people can express opinions .",69,10,1,4.5,0,0,0,0,2,0.2,0,0,0,0,0,0,0,False,40,True,1.0,True,heuristic-high
figlang_twitter,twitter,train,1,@USER @USER @USER Except he didn ’ t say a death wish did he ?,"Brave Ray , an Englishman in Glasgow , seems to have deleted this tweet . Sadly for him he ’ s a designer and I know lots of people that do business with him . Oh dear Ray ... silly boy <URL> || @USER @USER Ray , if you get this Tweet , know that everyone who sees what you wrote about Mike now understands that you are a weak and pathetic man . Why resort to a death wish on someone just because you don't have the moral intelligence or proper arguments to debate him ? #Plank",2,<USER> <USER> <USER> Except he didn ' t say a death wish did he ?,"Brave Ray , an Englishman in Glasgow , seems to have deleted this tweet . Sadly for him he ' s a designer and I know lots of people that do business with him . Oh dear Ray ... silly boy <URL> || <USER> <USER> Ray , if you get this Tweet , know that everyone who sees what you wrote about Mike now understands that you are a weak and pathetic man . Why resort to a death wish on someone just because you don't have the moral intelligence or proper arguments to debate him ? Plank",71,14,1,3.142857142857143,0,1,0,0,3,0.21428571428571427,0,0,0,0,0,0,0,False,88,True,0.9625,True,heuristic-high
figlang_twitter,twitter,train,1,yeah obviously I had to cushion my laudatory Oasis take in not one but two your da jokes,"when it comes to rock , your da respects the critical orthodoxy || your da loves the first 2 Oasis albums but pretends not to like Be Here Now even though it's obviously great fun",2,yeah obviously I had to cushion my laudatory Oasis take in not one but two your da jokes,"when it comes to rock , your da respects the critical orthodoxy || your da loves the first 2 Oasis albums but pretends not to like Be Here Now even though it's obviously great fun",88,18,1,3.9444444444444446,0,0,0,0,0,0.0,0,0,0,0,0,0,2,True,32,True,1.0,True,heuristic-high
figlang_twitter,twitter,train,1,@USER @USER when lit all trump products are made there ?,"Chinese state tabloid warns Trump , end one China policy and China will take revenge : <URL> <URL> || @USER trump will put them in there place . no worries . make america better . no chinese junk in usa",2,<USER> <USER> when lit all trump products are made there ?,"Chinese state tabloid warns Trump , end one China policy and China will take revenge : <URL> <URL> || <USER> trump will put them in there place . no worries . make america better . no chinese junk in usa",62,10,1,4.3,0,1,0,0,2,0.2,0,0,0,0,0,0,0,False,34,True,1.0,True,heuristic-high
figlang_twitter,twitter,train,1,"@USER @USER So ... he refers to her as angry , c * nty , and stupid while simultaneously accusing others of being hate-filled .",@USER She's dumb AF . Watch me effortlessly pick apart this horrible person . <URL> || . @USER #TessRafferty is actually my dear friend . She has more intellect & class than you & your entire family line has ever known .,2,"<USER> <USER> So ... he refers to her as angry , c * nty , and stupid while simultaneously accusing others of being hate-filled .",<USER> She's dumb AF . Watch me effortlessly pick apart this horrible person . <URL> || . <USER> TessRafferty is actually my dear friend . She has more intellect & class than you & your entire family line has ever known .,133,21,2,4.428571428571429,0,0,1,1,2,0.09523809523809523,0,0,0,0,0,0,0,False,34,True,0.9416666666666667,True,heuristic-high
figlang_twitter,twitter,train,1,"@USER @USER @USER Says the "" person "" singlehandedly defending Ben on EVERY tweet .","And then this happened ! When Momma tells you to put the matching pjs on – you put them on , even the dogs ! #MerryChristmas to everyone out there from the matching Roethlisberger family ! Hope you have a blessed day & remember the real reason for today is because Jesus was born ! <URL> || @USER @USER You must have such a great life to spend your time on Twitter .",2,"<USER> <USER> <USER> Says the "" person "" singlehandedly defending Ben on EVERY tweet .","And then this happened ! When Momma tells you to put the matching pjs on - you put them on , even the dogs ! MerryChristmas to everyone out there from the matching Roethlisberger family ! Hope you have a blessed day & remember the real reason for today is because Jesus was born ! <URL> || <USER> <USER> You must have such a great life to spend your time on Twitter .",92,12,1,5.25,0,0,0,0,4,0.3333333333333333,0,0,1,0,0,0,0,False,64,True,0.7958333333333334,True,heuristic-high
figlang_twitter,twitter,train,1,@USER @USER @USER Remainers were even more clear about what leave meant,@USER @USER @USER There needs to be a vote on any final deal . || @USER @USER @USER we already had it The objective of VoteLeave we're very clear,2,<USER> <USER> <USER> Remainers were even more clear about what leave meant,<USER> <USER> <USER> There needs to be a vote on any final deal . || <USER> <USER> <USER> we already had it The objective of VoteLeave we're very clear,80,12,1,4.75,0,0,0,0,3,0.25,0,0,0,0,0,0,0,False,27,True,0.9416666666666667,True,heuristic-high
figlang_twitter,twitter,train,1,@USER @USER As a 100 % Brexiteer I've been won over with your eloquent and sophisticated campaign .,"They can take away my EU passport , my rights as an EUcitizen & our opportunities to live , work , study & travel in the EU28 ... But they can't take Europe out of my heart ! & they won't stop me continuing my fight for European values 💙 🇪 🇺 ✊ 🏻 #TheFutureisEurope <URL> <URL> || @USER My Car will continue having EU flagged number plates with extra EU falgs at the other end . My Bollock to Brexit - Bollocks to Boris stickers will stay on as will by I demand a people's Vote stickers . My passport will stay festooned with remain stickers . ALWAYS EUROPEAN",2,<USER> <USER> As a 100 % Brexiteer I've been won over with your eloquent and sophisticated campaign .,"They can take away my EU passport , my rights as an EUcitizen & our opportunities to live , work , study & travel in the EU28 ... But they can't take Europe out of my heart ! & they won't stop me continuing my fight for European values 💙 🇪 🇺 ✊ 🏻 TheFutureisEurope <URL> <URL> || <USER> My Car will continue having EU flagged number plates with extra EU falgs at the other end . My Bollock to Brexit - Bollocks to Boris stickers will stay on as will by I demand a people's Vote stickers . My passport will stay festooned with remain stickers . ALWAYS EUROPEAN",105,15,1,5.0,0,0,0,0,2,0.13333333333333333,0,0,0,0,0,0,0,False,92,True,1.0,True,heuristic-high
figlang_twitter,twitter,train,1,@USER @USER @USER What a sicko . actually asking for a kiss instead of just getting it over with and kissing .,"Former Fox News reporter Courtney Friel says Trump asked her over to “ kiss . ” <URL> || @USER @USER It's no wonder that the Trumper evangelicals that are part of the #Cult45 deny that Trump is a sexual predator . They were taught to reject evidence and instead accept their fundamentalist preacher's interpretation of the scriptures , and brainwashed not to think for themselves .",2,<USER> <USER> <USER> What a sicko . actually asking for a kiss instead of just getting it over with and kissing .,"Former Fox News reporter Courtney Friel says Trump asked her over to "" kiss . "" <URL> || <USER> <USER> It's no wonder that the Trumper evangelicals that are part of the Cult45 deny that Trump is a sexual predator . They were taught to reject evidence and instead accept their fundamentalist preacher's interpretation of the scriptures , and brainwashed not to think for themselves .",119,20,2,4.2,0,0,0,0,3,0.15,0,0,0,0,0,0,0,False,59,True,1.0,True,heuristic-high
figlang_twitter,twitter,train,1,"@USER @USER @USER I commented , you continue with #hate and Speaking of bubbles #Hillarys is about to pop",Look everyone ! My first Twitter stalker ! ! ! How talented ... a meme maker too ! #NeverHillary #Stop our country from be … <URL> || @USER @USER @USER HA ! The stalking started wth you . Twitter posts proof . Stay in your bubble .,2,"<USER> <USER> <USER> I commented , you continue with hate and Speaking of bubbles Hillarys is about to pop",Look everyone ! My first Twitter stalker ! ! ! How talented ... a meme maker too ! NeverHillary Stop our country from be ... <URL> || <USER> <USER> <USER> HA ! The stalking started wth you . Twitter posts proof . Stay in your bubble .,116,18,1,4.5,0,0,0,0,3,0.16666666666666666,0,0,0,0,0,0,0,False,35,True,1.0,True,heuristic-high
figlang_twitter,twitter,train,1,@USER @USER says the woman who isn't white and her last name isn't Smith . #immigrant,"ACLU on US ( il ) liberalism which now celebrates when mega corps tear up writers contracts in response to controversy <URL> || . @USER The #ACLU needs to be shut down . They pander to illegal immigrants and refugees , which is not in best interest of #USA .",2,<USER> <USER> says the woman who isn't white and her last name isn't Smith . immigrant,"ACLU on US ( il ) liberalism which now celebrates when mega corps tear up writers contracts in response to controversy <URL> || . <USER> The ACLU needs to be shut down . They pander to illegal immigrants and refugees , which is not in best interest of USA .",92,15,1,4.4,0,0,0,0,2,0.13333333333333333,0,0,0,0,0,0,0,False,43,True,0.8833333333333333,True,heuristic-high
figlang_twitter,twitter,train,1,@USER @USER Yeah ... so self destructive ... multi billionaire President Elect ... #ElectionHangover,"world will never be the same . I feel Sad for the young . 🚽 will never be more than the toilet , I ’ ve used as a symbol 4 Him . U Can ’ t Polish 💩 || @USER Trump is self destructive , he will flush himself into the sewer . #ElectionHangover #ElectionResults",2,<USER> <USER> Yeah ... so self destructive ... multi billionaire President Elect ... ElectionHangover,"world will never be the same . I feel Sad for the young . 🚽 will never be more than the toilet , I ' ve used as a symbol 4 Him . U Can ' t Polish 💩 || <USER> Trump is self destructive , he will flush himself into the sewer . ElectionHangover ElectionResults",107,11,3,6.818181818181818,0,0,3,3,2,0.18181818181818182,0,0,0,0,0,0,1,False,46,True,0.7295454545454546,True,heuristic-high
figlang_twitter,twitter,train,1,"@USER @USER When DGSE collapses , everyone will assume it's due to an exogenous shock , not its own inherent failings .","These trends in.econ research are not really "" fashions "" - they take advantage of new technology , and will endure . <URL> || . @USER Trends in econ driven by tech capacity , except for DSGE , which is a fashion due for demise .",2,"<USER> <USER> When DGSE collapses , everyone will assume it's due to an exogenous shock , not its own inherent failings .","These trends in.econ research are not really "" fashions "" - they take advantage of new technology , and will endure . <URL> || . <USER> Trends in econ driven by tech capacity , except for DSGE , which is a fashion due for demise .",125,19,1,4.894736842105263,0,0,0,0,3,0.15789473684210525,0,0,0,0,0,0,0,False,37,True,0.9263157894736842,True,heuristic-high
figlang_twitter,twitter,train,1,"@USER , good observation , but this #MadeInAmerica social channel will allow the #boycottUSA to gain strength .",Hey #Canada let's join our #Mexican brothers and sisters and #boycottUSA and anything || @USER except that you're broadcasting this message on a platform that was Made in America ...,2,"<USER> , good observation , but this MadeInAmerica social channel will allow the boycottUSA to gain strength .",Hey Canada let's join our Mexican brothers and sisters and boycottUSA and anything || <USER> except that you're broadcasting this message on a platform that was Made in America ...,116,15,1,5.866666666666666,0,0,0,0,1,0.06666666666666667,0,0,0,0,0,0,0,False,28,True,1.0,True,heuristic-high
figlang_twitter,twitter,train,1,@USER @USER @USER Oh no you ’ re right . I mean the ABC has not been providing services to people living in the bushfire areas have they ?,"Will the ABC match the Murdochs & News Corp's $ 9M donation to bushfire relief <URL> || @USER THAT WOULD BE A SOLID NO ! @USER & @USER ARE PURELY LEECHES ON THE AUSSIE TAX PAYER AND HAVE DONE NOTHING TO HELP #FARMERS IN DROUGHT , BUSHFIRE VICTIMS OR THE HORSE INDUSTRY ! #ABC HATE AUSTRALIA & ARE JUST AN ACTIVIST THEFT CLUB PUSHING #RACISM , & VITRIOL <URL>",2,<USER> <USER> <USER> Oh no you ' re right . I mean the ABC has not been providing services to people living in the bushfire areas have they ?,"Will the ABC match the Murdochs & News Corp's $ 9M donation to bushfire relief <URL> || <USER> THAT WOULD BE A SOLID NO ! <USER> & <USER> ARE PURELY LEECHES ON THE AUSSIE TAX PAYER AND HAVE DONE NOTHING TO HELP FARMERS IN DROUGHT , BUSHFIRE VICTIMS OR THE HORSE INDUSTRY ! ABC HATE AUSTRALIA & ARE JUST AN ACTIVIST THEFT CLUB PUSHING RACISM , & VITRIOL <URL>",147,27,2,3.888888888888889,0,1,0,0,4,0.14814814814814814,0,0,0,0,0,0,2,False,59,True,1.0,True,heuristic-high
figlang_twitter,twitter,train,1,@USER @USER no . we must only think one way . anyone who disagrees with me is worse than pond scum and should be launched into the sun .,Maybe she ’ s born with it Maybe it ’ s gender dysphoria ™ <URL> || @USER I believe people can live how they want but I also believe people have the right to disagree . Both should be able to live in peace .,2,<USER> <USER> no . we must only think one way . anyone who disagrees with me is worse than pond scum and should be launched into the sun .,Maybe she ' s born with it Maybe it ' s gender dysphoria TM <URL> || <USER> I believe people can live how they want but I also believe people have the right to disagree . Both should be able to live in peace .,142,26,3,3.9615384615384617,0,0,0,0,2,0.07692307692307693,0,0,0,0,0,0,0,False,42,True,1.0,True,heuristic-high
figlang_twitter,twitter,train,1,@USER You've embraced Trumpism but it's @USER who fell for the con ? ... now that's,"I'm shocked you'd charge Ana w / racism . You've embraced Trumpism , ok ; but to lie about Ana , who's been fighting raci … <URL> || She fell for the con , @USER . I didn't . But you can continue to see things through your prism as you see fit . @USER",2,<USER> You've embraced Trumpism but it's <USER> who fell for the con ? ... now that's,"I'm shocked you'd charge Ana w / racism . You've embraced Trumpism , ok ; but to lie about Ana , who's been fighting raci ... <URL> || She fell for the con , <USER> . I didn't . But you can continue to see things through your prism as you see fit . <USER>",89,14,2,4.428571428571429,0,1,1,1,2,0.14285714285714285,0,0,0,0,0,0,0,False,44,True,0.9625,True,heuristic-high
figlang_twitter,twitter,train,1,@USER cause you probably won't be able to see these tweets 🤣 😂,"interesting , on my feed . likes and retweets get updated only if i like or retweet ... also interesting seeing large accounts that i hv retweeted scroll by showing i didn ’ t retweet them , suppressing the counts / popularity of opinions that are unpopular to the establs narrative . || @USER Apparently they added it to their terms and conditions this year . The joys of free speech 😷 <URL>",2,<USER> cause you probably won't be able to see these tweets 🤣 😂,"interesting , on my feed . likes and retweets get updated only if i like or retweet ... also interesting seeing large accounts that i hv retweeted scroll by showing i didn ' t retweet them , suppressing the counts / popularity of opinions that are unpopular to the establs narrative . || <USER> Apparently they added it to their terms and conditions this year . The joys of free speech 😷 <URL>",65,11,1,4.2727272727272725,0,0,0,0,1,0.09090909090909091,2,0,0,0,0,0,0,False,64,True,1.0,True,heuristic-high
figlang_twitter,twitter,train,1,@USER @USER most of my guys in the builiding trade are non-UK nationals ...,Unprecedented levels of EU migration following the referendum has driven immigration levels to an ll time high ! <URL> || @USER @USER @USER OMG.No wonder our Kids can't get HOMES or JOBS . BRANSON doesn't have to worry about that,2,<USER> <USER> most of my guys in the builiding trade are non-UK nationals ...,Unprecedented levels of EU migration following the referendum has driven immigration levels to an ll time high ! <URL> || <USER> <USER> <USER> OMG.No wonder our Kids can't get HOMES or JOBS . BRANSON doesn't have to worry about that,81,14,1,4.0,0,0,1,1,3,0.21428571428571427,0,0,0,0,0,0,0,False,38,True,1.0,True,heuristic-high
figlang_twitter,twitter,train,1,@USER @USER @USER what a bullshit argument #smh You claim to be about no bullshit too,"I look very much forward to meeting Prime Minister Theresa May in Washington in the Spring . Britain , a longtime U . S . ally , is very special ! || @USER @USER You realise that map only matters if livestock can vote , right ?",2,<USER> <USER> <USER> what a bullshit argument smh You claim to be about no bullshit too,"I look very much forward to meeting Prime Minister Theresa May in Washington in the Spring . Britain , a longtime U . S . ally , is very special ! || <USER> <USER> You realise that map only matters if livestock can vote , right ?",95,16,1,4.125,0,0,0,0,3,0.1875,0,0,0,0,0,0,0,False,38,True,1.0,True,heuristic-high
figlang_twitter,twitter,train,1,@USER @USER notice the rioters never riot in the suburbs . They riot in the democratically controlled urban areas .,"A few weeks ago Obama passionately stated that it would be a personal insult to him , if his supporters didn't vote for Hillary ... || ... so why doesn't he use that same rhetoric now to demand these rioters pack up , go home , and accept election results ?",2,<USER> <USER> notice the rioters never riot in the suburbs . They riot in the democratically controlled urban areas .,"A few weeks ago Obama passionately stated that it would be a personal insult to him , if his supporters didn't vote for Hillary ... || ... so why doesn't he use that same rhetoric now to demand these rioters pack up , go home , and accept election results ?",121,18,2,5.111111111111111,0,0,0,0,2,0.1111111111111111,0,0,0,0,0,0,0,False,44,True,0.9902777777777778,True,heuristic-high
