dataset,platform,split,label,text,context,n_context_turns,text_clean,context_clean,n_chars,n_words,n_sentences,avg_word_len,n_exclam,n_question,n_ellipsis,n_repeat_punct,n_allcaps_words,allcaps_ratio,n_emoji,n_elongation,n_scare_quotes,n_urls,n_mentions,n_hashtags,n_interjections,starts_with_interjection,context_n_words,has_context,en_score,is_english,lang_method
figlang_reddit,reddit,train,1,"Yeah I mean there's only one gender anyways, women are objects","LPT: If you're worried about hurting someone's feelings by using the incorrect gender pronoun, play it safe and spare them any unnecessary pain by using the neutral word ""it"" || When gender is unknown he/him is default.",2,"Yeah I mean there's only one gender anyways, women are objects","LPT: If you're worried about hurting someone's feelings by using the incorrect gender pronoun, play it safe and spare them any unnecessary pain by using the neutral word ""it"" || When gender is unknown he/him is default.",62,11,1,4.636363636363637,0,0,0,0,0,0.0,0,0,0,0,0,0,1,True,37,True,0.9681818181818183,True,heuristic-high
figlang_reddit,reddit,train,1,"Sounds like you don't like science, you theist sheep",Promotional images for some guy's Facebook page || I wouldn't let that robot near me.,2,"Sounds like you don't like science, you theist sheep",Promotional images for some guy's Facebook page || I wouldn't let that robot near me.,52,9,1,4.777777777777778,0,0,0,0,0,0.0,0,0,0,0,0,0,0,False,14,True,1.0,True,heuristic-high
figlang_reddit,reddit,train,1,"Ofc play them in try mode, Blizzard were so generous and they gave you 1 lane bot 1v1 with creeps to play your favourite heroes all day!",My friends won't play Dota2; I won't play LoL; is like playing solitare with friends to me. || And if i want to play a chimp that isn't on free rotation?,2,"Ofc play them in try mode, Blizzard were so generous and they gave you 1 lane bot 1v1 with creeps to play your favourite heroes all day!",My friends won't play Dota2; I won't play LoL; is like playing solitare with friends to me. || And if i want to play a chimp that isn't on free rotation?,136,26,1,4.038461538461538,1,0,0,0,0,0.0,0,0,0,0,0,0,0,False,30,True,1.0,True,heuristic-high
figlang_reddit,reddit,train,1,"I don't understand, Reddit told me that Hillary got a negative convention bump and that Trump had nowhere to go but up.",Poll: Convention boosts Clinton to 11-point lead over Trump in Pa. || +11 in PA +3 in AZ +15 in NH +9 in MI +1 in MO +1 in NV,2,"I don't understand, Reddit told me that Hillary got a negative convention bump and that Trump had nowhere to go but up.",Poll: Convention boosts Clinton to 11-point lead over Trump in Pa. || +11 in PA +3 in AZ +15 in NH +9 in MI +1 in MO +1 in NV,119,22,1,4.363636363636363,0,0,0,0,0,0.0,0,0,0,0,0,0,0,False,23,True,1.0,True,heuristic-high
figlang_reddit,reddit,train,1,"yeh, they're the reigning triple premiers, why bring up 2008?","Wayne Ludbey: Jordan Lewis has the ultimate comeback to a swans player (last minute) || Live in the moment mate, it's not healthy to dwell on the past.",2,"yeh, they're the reigning triple premiers, why bring up 2008?","Wayne Ludbey: Jordan Lewis has the ultimate comeback to a swans player (last minute) || Live in the moment mate, it's not healthy to dwell on the past.",61,9,1,5.0,0,1,0,0,0,0.0,0,0,0,0,0,0,0,False,27,True,0.8444444444444444,True,heuristic-high
figlang_reddit,reddit,train,1,It's because we are better now without Bo.,"AP Top 25 - Week 15 (11/30/14) || Lol Nebraska in over us, despite us beating them, blowing out Iowa vs their ugly win and playing Wisconsin actually close?",2,It's because we are better now without Bo.,"AP Top 25 - Week 15 (11/30/14) || Lol Nebraska in over us, despite us beating them, blowing out Iowa vs their ugly win and playing Wisconsin actually close?",42,8,1,4.25,0,0,0,0,0,0.0,0,0,0,0,0,0,0,False,24,True,1.0,True,heuristic-high
figlang_reddit,reddit,train,1,You just had to say that about the only white person there you racist pig,"Kyrie, Draymond, Towns + more reppin their Colleges || Olynyk looks so amazingly out of place",2,You just had to say that about the only white person there you racist pig,"Kyrie, Draymond, Towns + more reppin their Colleges || Olynyk looks so amazingly out of place",73,15,1,3.933333333333333,0,0,0,0,0,0.0,0,0,0,0,0,0,0,False,14,True,1.0,True,heuristic-high
figlang_reddit,reddit,train,1,Ah... finally someone to set these damn vegans straight!,How to get vegans to leave you alone || Way to perpetuate the stereotype of the annoying vegan.,2,Ah... finally someone to set these damn vegans straight!,How to get vegans to leave you alone || Way to perpetuate the stereotype of the annoying vegan.,56,9,2,4.888888888888889,1,0,1,1,0,0.0,0,0,0,0,0,0,1,True,17,True,0.8444444444444444,True,heuristic-high
figlang_reddit,reddit,train,1,"If you kindly ask Bitmain, they'll sell you some hardware, so you could start mining against them with it :-).","Bitcoin economic majority must stand up against the miners and say, ""do your job, or you wont get paid"". || I'd love to mine, Now sell me a decent miner from a reliable source at a reasonable price.",2,"If you kindly ask Bitmain, they'll sell you some hardware, so you could start mining against them with it :-).","Bitcoin economic majority must stand up against the miners and say, ""do your job, or you wont get paid"". || I'd love to mine, Now sell me a decent miner from a reliable source at a reasonable price.",110,19,1,4.473684210526316,0,0,0,0,0,0.0,0,0,0,0,0,0,0,False,37,True,1.0,True,heuristic-high
figlang_reddit,reddit,train,1,Why not say he's too sensitive about MLKjr?,Press Briefing with Press Secretary Sean Spicer 1:30PM ET || The media will use this to say that Trump is too sensitive about his crowd size.,2,Why not say he's too sensitive about MLKjr?,Press Briefing with Press Secretary Sean Spicer 1:30PM ET || The media will use this to say that Trump is too sensitive about his crowd size.,43,8,1,4.375,0,1,0,0,0,0.0,0,0,0,0,0,0,0,False,25,True,1.0,True,heuristic-high
figlang_reddit,reddit,train,1,yeah it's super simple because of all the old code apoc runs on,"stop whining at gus for not fixing hacks || actually...he can work to patch the hacks... rather than waiting for roblox to fix HIS GAME, he could fix it",2,yeah it's super simple because of all the old code apoc runs on,"stop whining at gus for not fixing hacks || actually...he can work to patch the hacks... rather than waiting for roblox to fix HIS GAME, he could fix it",63,13,1,3.923076923076923,0,0,0,0,0,0.0,0,0,0,0,0,0,1,True,29,True,0.9865384615384616,True,heuristic-high
figlang_reddit,reddit,train,1,I was mainly going for that draculacore look tho,Can peacoat a be used in streetwear fits like this? || Sort of yeah but ideally you want something with a smaller collar so you look less like Count Dracula.,2,I was mainly going for that draculacore look tho,Can peacoat a be used in streetwear fits like this? || Sort of yeah but ideally you want something with a smaller collar so you look less like Count Dracula.,48,9,1,4.444444444444445,0,0,0,0,0,0.0,0,0,0,0,0,0,0,False,29,True,1.0,True,heuristic-high
figlang_reddit,reddit,train,1,Um sorry I don't listen to paid shills who spout out obviously fake news,"If Trump Is Innocent, Why Is He Acting So Guilty? || If Trump is so innocent, then why is literally everyone he's surrounding himself with linked back to Russia?",2,Um sorry I don't listen to paid shills who spout out obviously fake news,"If Trump Is Innocent, Why Is He Acting So Guilty? || If Trump is so innocent, then why is literally everyone he's surrounding himself with linked back to Russia?",72,14,1,4.214285714285714,0,0,0,0,0,0.0,0,0,0,0,0,0,1,False,28,True,0.8999999999999999,True,heuristic-high
figlang_reddit,reddit,train,1,This comment is just the type of hetero-normative blither that makes me cringe.,These two hustling memers showed up in my Instagram. || She just can't quite hold him with the poise and grace he can.,2,This comment is just the type of hetero-normative blither that makes me cringe.,These two hustling memers showed up in my Instagram. || She just can't quite hold him with the poise and grace he can.,79,14,1,4.642857142857143,0,0,0,0,0,0.0,0,0,0,0,0,0,0,False,22,True,1.0,True,heuristic-high
figlang_reddit,reddit,train,1,safe space = comfort + power white people can't feel unsafe,"Yale SJWs screaming at professor yesterday because he isn't making the university enough of a ""safe space"" by denouncing offensive Halloween costumes. || Because having a woman scream in your face, remove her backpack, and move closer to you is creating a safe space too.",2,safe space = comfort + power white people can't feel unsafe,"Yale SJWs screaming at professor yesterday because he isn't making the university enough of a ""safe space"" by denouncing offensive Halloween costumes. || Because having a woman scream in your face, remove her backpack, and move closer to you is creating a safe space too.",59,9,1,5.222222222222222,0,0,0,0,0,0.0,0,0,0,0,0,0,0,False,44,True,0.7472222222222222,True,heuristic-high
figlang_reddit,reddit,train,1,(The oppressive costume being any outfit showing even an inch of your **shameful** white skin),"White males of reddit, how have you oppressed minorities this week? || *puts on oppressive costume, hits the streets*",2,(The oppressive costume being any outfit showing even an inch of your shameful white skin),"White males of reddit, how have you oppressed minorities this week? || puts on oppressive costume, hits the streets",90,15,1,4.933333333333334,0,0,0,0,0,0.0,0,0,0,0,0,0,0,False,18,True,1.0,True,heuristic-high
figlang_reddit,reddit,train,1,because you weren't smart enough to read the rest right?,"I'm usually pretty good at getting people to smile, and I like doing it. || i could not finish it, made it to ""thats because im smarter than...""",2,because you weren't smart enough to read the rest right?,"I'm usually pretty good at getting people to smile, and I like doing it. || i could not finish it, made it to ""thats because im smarter than...""",56,10,1,4.6,0,1,0,0,0,0.0,0,0,0,0,0,0,1,False,27,True,1.0,True,heuristic-high
figlang_reddit,reddit,train,1,Thanks for endorsing their business practices and rewarding them with loyalty and more $,Apple Faces $5 Million Lawsuit Over Allegedly Slowing the iPhone 4S With iOS 9 || My wife upgraded to a 6s for this exact reason.,2,Thanks for endorsing their business practices and rewarding them with loyalty and more $,Apple Faces $5 Million Lawsuit Over Allegedly Slowing the iPhone 4S With iOS 9 || My wife upgraded to a 6s for this exact reason.,88,13,1,5.6923076923076925,0,0,0,0,0,0.0,0,0,0,0,0,0,0,False,22,True,1.0,True,heuristic-high
figlang_reddit,reddit,train,1,She was *yelling* at him and he pulled out a gun.. I don't think that's terribly unreasonable.. what if the yelling gave him a heart attack or something?,"BREAKING: George Zimmerman has been taken into custody after an altercation involving a gun. || Hey, guys, I bet it was self defense!",2,She was yelling at him and he pulled out a gun.. I don't think that's terribly unreasonable.. what if the yelling gave him a heart attack or something?,"BREAKING: George Zimmerman has been taken into custody after an altercation involving a gun. || Hey, guys, I bet it was self defense!",151,28,3,4.25,0,1,2,2,0,0.0,0,0,0,0,0,0,0,False,22,True,1.0,True,heuristic-high
figlang_reddit,reddit,train,1,Scott is NOT a human He is God,Can we acknowledge Chica's left arm (your right) flipping out at the end of her jumpscare in FNaF 3? || Can we acknowledge Scott is human and makes mistakes?,2,Scott is NOT a human He is God,Can we acknowledge Chica's left arm (your right) flipping out at the end of her jumpscare in FNaF 3? || Can we acknowledge Scott is human and makes mistakes?,30,8,1,2.875,0,0,0,0,1,0.125,0,0,0,0,0,0,0,False,27,True,1.0,True,heuristic-high
figlang_reddit,reddit,train,1,"Damn you Kibler, you're no longer my favorite.","Kibler Uses Crush in Curse Trials, A banned card || I should have at least used Dr Boom.",2,"Damn you Kibler, you're no longer my favorite.","Kibler Uses Crush in Curse Trials, A banned card || I should have at least used Dr Boom.",46,8,1,4.625,0,0,0,0,0,0.0,0,0,0,0,0,0,0,False,17,True,0.978125,True,heuristic-high
figlang_reddit,reddit,train,1,The suspects were illegal immigrants so based on that one instance all illegal immigrants need to go!,AP: Manafort's plan to 'greatly benefit the Putin Government' || Why have all three major news networks not covered the Rockville rape case?,2,The suspects were illegal immigrants so based on that one instance all illegal immigrants need to go!,AP: Manafort's plan to 'greatly benefit the Putin Government' || Why have all three major news networks not covered the Rockville rape case?,101,17,1,4.9411764705882355,1,0,0,0,0,0.0,0,0,0,0,0,0,0,False,22,True,1.0,True,heuristic-high
figlang_reddit,reddit,train,1,And people on terrorist watch list should also be allowed to carry their guns in airplanes.,Rand Paul Wants to Allow Every Airline Pilot to Carry a Gun || There wouldn't be a need for pilots to pack heat if every passenger also had a gun like the Founders envisioned.,2,And people on terrorist watch list should also be allowed to carry their guns in airplanes.,Rand Paul Wants to Allow Every Airline Pilot to Carry a Gun || There wouldn't be a need for pilots to pack heat if every passenger also had a gun like the Founders envisioned.,91,16,1,4.6875,0,0,0,0,0,0.0,0,0,0,0,0,0,0,False,33,True,1.0,True,heuristic-high
figlang_reddit,reddit,train,1,Nah but Melo is a ballhog dand doesn't pass tho,"""Melo is 1 of just 5 players currently averaging at least 21 points, 7 rebs & 3 assists (other 4 are Durant, LeBron, Paul George & B Griffin)"" || Four players have played at least 500 minutes, and a 20.2% assist rate, and 12.1% rebound rate; Blake Griffin, Draymond Green, Joakim Noah, and Carmelo Anthony.",2,Nah but Melo is a ballhog dand doesn't pass tho,"""Melo is 1 of just 5 players currently averaging at least 21 points, 7 rebs & 3 assists (other 4 are Durant, LeBron, Paul George & B Griffin)"" || Four players have played at least 500 minutes, and a 20.2% assist rate, and 12.1% rebound rate; Blake Griffin, Draymond Green, Joakim Noah, and Carmelo Anthony.",47,10,1,3.8,0,0,0,0,0,0.0,0,0,0,0,0,0,0,False,43,True,0.9125,True,heuristic-high
figlang_reddit,reddit,train,1,"Ya OP, have you tried, like, not being poor?",You people act like going to the doctor is the easiest decision in the world. || Budgeting will help so it doesn't become so extreme.,2,"Ya OP, have you tried, like, not being poor?",You people act like going to the doctor is the easiest decision in the world. || Budgeting will help so it doesn't become so extreme.,44,9,1,3.5555555555555554,0,1,0,0,1,0.1111111111111111,0,0,0,0,0,0,0,False,24,True,1.0,True,heuristic-high
figlang_reddit,reddit,train,1,Because of VdB posting with a dog in the Alps!,Austrian Election Map adjusted for Population Density || Somewhat ironic that Braunau of all places voted VDB.,2,Because of VdB posting with a dog in the Alps!,Austrian Election Map adjusted for Population Density || Somewhat ironic that Braunau of all places voted VDB.,46,10,1,3.6,1,0,0,0,0,0.0,0,0,0,0,0,0,0,False,16,True,1.0,True,heuristic-high
figlang_reddit,reddit,train,1,"Because everything outside of Western media is untrustworthy, right?","Reports: Israel made & exploded bombs laced with nuclear materials || Youtube is always such a good source of news, especially videos from an Iranian news source.",2,"Because everything outside of Western media is untrustworthy, right?","Reports: Israel made & exploded bombs laced with nuclear materials || Youtube is always such a good source of news, especially videos from an Iranian news source.",68,9,1,6.444444444444445,0,1,0,0,0,0.0,0,0,0,0,0,0,1,False,25,True,0.9416666666666667,True,heuristic-high
figlang_reddit,reddit,train,1,I think the solution is thatcthey need more refs and definitely not video replays,Costa pushes marquinhos ( no yellow ) || Why didn't the goal-line ref or assistant spot this?,2,I think the solution is thatcthey need more refs and definitely not video replays,Costa pushes marquinhos ( no yellow ) || Why didn't the goal-line ref or assistant spot this?,81,14,1,4.857142857142857,0,0,0,0,0,0.0,0,0,0,0,0,0,1,False,15,True,1.0,True,heuristic-high
figlang_reddit,reddit,train,1,But obama's not done stimulating the economy yet,Assault Weapons Ban Likely To Die So That Broader Gun Policy Legislation Can Live || Can ar-15 prices go back to normal now?,2,But obama's not done stimulating the economy yet,Assault Weapons Ban Likely To Die So That Broader Gun Policy Legislation Can Live || Can ar-15 prices go back to normal now?,48,8,1,5.125,0,0,0,0,0,0.0,0,0,0,0,0,0,0,False,22,True,0.978125,True,heuristic-high
figlang_reddit,reddit,train,1,because bernies terrible secret is going be revealed and leave his campaign in tatters.,"Bernie Sanders Leads Hillary Clinton By 9 in N.H., Gains in Iowa: Poll || Remember it is still 6 months until the Iowa caucus",2,because bernies terrible secret is going be revealed and leave his campaign in tatters.,"Bernie Sanders Leads Hillary Clinton By 9 in N.H., Gains in Iowa: Poll || Remember it is still 6 months until the Iowa caucus",87,14,1,5.214285714285714,0,0,0,0,0,0.0,0,0,0,0,0,0,0,False,22,True,1.0,True,heuristic-high
figlang_reddit,reddit,train,1,I mean I doubt the league or player's union has any rules specifically for cannibalism.,"Aikman: Jones accepts 'pretty much everything' if a player produces || Late to the thread, but there's some quote that if Jeffery Dahmer was good at football many GM's would explain that he has an off the field ""eating disorder.""",2,I mean I doubt the league or player's union has any rules specifically for cannibalism.,"Aikman: Jones accepts 'pretty much everything' if a player produces || Late to the thread, but there's some quote that if Jeffery Dahmer was good at football many GM's would explain that he has an off the field ""eating disorder.""",87,15,1,4.8,0,0,0,0,0,0.0,0,0,0,0,0,0,0,False,39,True,1.0,True,heuristic-high
figlang_reddit,reddit,train,1,YA I SAW THAT CHASING THE CUP TOO HE MUST BE A THE MOST INTROVERTED FK EVER WHY DID CLG EVEN MAKE HIM A SHOTCALLER,"CLG Link on communication: ""The relationship between the management and the players, as well as the players relationships with each other, must, and will, improve in the future."" || The one who refuses to communicate is talking about player relationships.",2,YA I SAW THAT CHASING THE CUP TOO HE MUST BE A THE MOST INTROVERTED FK EVER WHY DID CLG EVEN MAKE HIM A SHOTCALLER,"CLG Link on communication: ""The relationship between the management and the players, as well as the players relationships with each other, must, and will, improve in the future."" || The one who refuses to communicate is talking about player relationships.",114,25,1,3.6,0,0,0,0,22,0.88,0,0,0,0,0,0,0,False,39,True,1.0,True,heuristic-high
figlang_reddit,reddit,train,1,But but we could have stopped 9-11 if we had it,"Iraqi general who works with American military kept from visiting U.S. || Whether or not you agree with the policy, it seems very clear the implementation was moronic.",2,But but we could have stopped 9-11 if we had it,"Iraqi general who works with American military kept from visiting U.S. || Whether or not you agree with the policy, it seems very clear the implementation was moronic.",47,10,1,3.3,0,0,0,0,0,0.0,0,0,0,0,0,0,0,False,28,True,1.0,True,heuristic-high
figlang_reddit,reddit,train,1,Why don't those stupid Palestinians just move back to Mexico (or wherever they came from?),"Bodies of Three Missing Israeli Teens Found Near Hebron, Source Says || How many more innocent people have to die before the Palestinians finally cease their terror war against Israel?",2,Why don't those stupid Palestinians just move back to Mexico (or wherever they came from?),"Bodies of Three Missing Israeli Teens Found Near Hebron, Source Says || How many more innocent people have to die before the Palestinians finally cease their terror war against Israel?",90,15,1,4.866666666666666,0,1,0,0,0,0.0,0,0,0,0,0,0,0,False,29,True,1.0,True,heuristic-high
figlang_reddit,reddit,train,1,owned by the good ol' Charles Koch foundation,"NY ranks ""least free"" state in the country || Based on a libertarian think tank's definition of ""free"".",2,owned by the good ol' Charles Koch foundation,"NY ranks ""least free"" state in the country || Based on a libertarian think tank's definition of ""free"".",45,8,1,4.75,0,0,0,0,0,0.0,0,0,0,0,0,0,0,False,17,True,0.978125,True,heuristic-high
figlang_reddit,reddit,train,1,"But dude, if all the other fold it'll be awesome",Hard Brexit: Theresa May to announce withdrawal from single market to get 'clean break' from EU || it's like go ALL IN with a low pair on pre-flop ..,2,"But dude, if all the other fold it'll be awesome",Hard Brexit: Theresa May to announce withdrawal from single market to get 'clean break' from EU || it's like go ALL IN with a low pair on pre-flop ..,48,10,1,3.8,0,0,0,0,0,0.0,0,0,0,0,0,0,0,False,28,True,1.0,True,heuristic-high
figlang_reddit,reddit,train,1,but the newest update 9.2.14 is sooo nice!,"What's the stupidest change you ever witnessed on a popular website? || Maybe not a specific change, but I'm sure many students will join me in saying ""fuck blackboard.""",2,but the newest update 9.2.14 is sooo nice!,"What's the stupidest change you ever witnessed on a popular website? || Maybe not a specific change, but I'm sure many students will join me in saying ""fuck blackboard.""",42,7,3,4.0,1,0,0,0,0,0.0,0,1,0,0,0,0,1,False,28,True,1.0,True,heuristic-high
figlang_reddit,reddit,train,1,"You have to understand, Kelly is a liberal and heart was in the right place.","Kelly Osbourne to Trump: Without Latinos, Who Will Clean Our Toilets? || How is that not a massively racist thing to say?",2,"You have to understand, Kelly is a liberal and heart was in the right place.","Kelly Osbourne to Trump: Without Latinos, Who Will Clean Our Toilets? || How is that not a massively racist thing to say?",76,15,1,4.0,0,0,0,0,0,0.0,0,0,0,0,0,0,1,False,21,True,1.0,True,heuristic-high
figlang_reddit,reddit,train,1,"I love blur, makes it so easy to read","Thank you Firefox for being pretty much the only browser that can render fonts properly on Windows || I think IE does a way better job at font rendering than any other browser on Windows, and that all of them do a pretty poor job compared to OS X and Linux.",2,"I love blur, makes it so easy to read","Thank you Firefox for being pretty much the only browser that can render fonts properly on Windows || I think IE does a way better job at font rendering than any other browser on Windows, and that all of them do a pretty poor job compared to OS X and Linux.",37,9,1,3.111111111111111,0,0,0,0,0,0.0,0,0,0,0,0,0,0,False,50,True,1.0,True,heuristic-high
figlang_reddit,reddit,train,1,"No, we can always trust out government to be 100% transparent and honest with us.",TIL: NASA was to hide the discovery of extraterrestrial life out of fear of societal collapse. || Makes you wonder if they know something and they're not telling us.,2,"No, we can always trust out government to be 100% transparent and honest with us.",TIL: NASA was to hide the discovery of extraterrestrial life out of fear of societal collapse. || Makes you wonder if they know something and they're not telling us.,81,14,1,4.357142857142857,0,0,0,0,0,0.0,0,0,0,0,0,0,0,False,28,True,1.0,True,heuristic-high
figlang_reddit,reddit,train,1,how will the white people smoke the crack the buy from the blacks... see in the south everyone knows the blacks have the best stuff,Walmart to stop selling Confederate flag merchandise || Now if we can just get the gas stations to stop selling glass roses!,2,how will the white people smoke the crack the buy from the blacks... see in the south everyone knows the blacks have the best stuff,Walmart to stop selling Confederate flag merchandise || Now if we can just get the gas stations to stop selling glass roses!,131,25,1,4.16,0,0,1,1,0,0.0,0,0,0,0,0,0,0,False,21,True,1.0,True,heuristic-high
figlang_reddit,reddit,train,1,"Yes, one of the greatest actresses of our time, who is receiving a LIFETIME ACHIEVEMENT AWARD, really needs a career boost.",Conway accuses Meryl Streep of 'inciting people's worst instincts' || How nice of Streep to use the disabled to boost her career.,2,"Yes, one of the greatest actresses of our time, who is receiving a LIFETIME ACHIEVEMENT AWARD, really needs a career boost.",Conway accuses Meryl Streep of 'inciting people's worst instincts' || How nice of Streep to use the disabled to boost her career.,123,21,1,4.714285714285714,0,0,0,0,3,0.14285714285714285,0,0,0,0,0,0,0,False,21,True,1.0,True,heuristic-high
figlang_reddit,reddit,train,1,Don't you just hate it when players throw away their career for money?,Dybala refuses to shake Allegri's hand after being subbed off || Must be a sign about his imminent move to Sunderland,2,Don't you just hate it when players throw away their career for money?,Dybala refuses to shake Allegri's hand after being subbed off || Must be a sign about his imminent move to Sunderland,70,13,1,4.384615384615385,0,1,0,0,0,0.0,0,0,0,0,0,0,0,False,20,True,1.0,True,heuristic-high
figlang_reddit,reddit,train,1,Because Hotshot would rather keep Huhi he performs amazing in scrims,"If echo fox wins tommorow Then this will be the 3rd time in a row that froggen finishes in 7th place with a teamscore of 7-11 Whould have been the same with this years elements but they finished 6-12 this split, which means that this is a froggen curse. || Why wouldn't Froggen join some better team like CLG, Im pretty sure he is way better than Huhi",2,Because Hotshot would rather keep Huhi he performs amazing in scrims,"If echo fox wins tommorow Then this will be the 3rd time in a row that froggen finishes in 7th place with a teamscore of 7-11 Whould have been the same with this years elements but they finished 6-12 this split, which means that this is a froggen curse. || Why wouldn't Froggen join some better team like CLG, Im pretty sure he is way better than Huhi",68,11,1,5.2727272727272725,0,0,0,0,0,0.0,0,0,0,0,0,0,1,False,65,True,0.9681818181818183,True,heuristic-high
figlang_reddit,reddit,train,1,Yea must be really satisfying to hit lvl 99/ 200 mill xp,Some guy playing Runescape at World Championship || Anyone who doesn't bot on runescape is time wasting lol.,2,Yea must be really satisfying to hit lvl 99/ 200 mill xp,Some guy playing Runescape at World Championship || Anyone who doesn't bot on runescape is time wasting lol.,56,10,1,3.9,0,0,0,0,0,0.0,0,0,0,0,0,0,1,True,17,True,0.9125,True,heuristic-high
figlang_reddit,reddit,train,1,Republicans who want to save the environment obviously.,"People with different political leanings than me must be mentally handicapped || I can't tell, did he mean people who want to save the environment or did he mean republicans?",2,Republicans who want to save the environment obviously.,"People with different political leanings than me must be mentally handicapped || I can't tell, did he mean people who want to save the environment or did he mean republicans?",55,8,1,5.875,0,0,0,0,0,0.0,0,0,0,0,0,0,1,False,29,True,1.0,True,heuristic-high
figlang_reddit,reddit,train,1,I hate it when people are polite to me to!,"What seemingly innocent everyday comment or question simply enrages you? || ""God bless you"" is pretty presumptuous and irritating",2,I hate it when people are polite to me to!,"What seemingly innocent everyday comment or question simply enrages you? || ""God bless you"" is pretty presumptuous and irritating",42,10,1,3.2,1,0,0,0,0,0.0,0,0,0,0,0,0,0,False,18,True,1.0,True,heuristic-high
figlang_reddit,reddit,train,1,"Well, in a that case I'm glad they killed him!","Officers tased man to death during mental breakdown, then high-fived in front of his parents || No one else is gonna mention that he was on spice?",2,"Well, in a that case I'm glad they killed him!","Officers tased man to death during mental breakdown, then high-fived in front of his parents || No one else is gonna mention that he was on spice?",46,10,1,3.5,1,0,0,0,0,0.0,0,0,0,0,0,0,1,True,27,True,1.0,True,heuristic-high
figlang_reddit,reddit,train,1,yeah it literally cures everything so harmless so natural,"FDA approves first drug for aggressive multiple sclerosis || You or you could just take weed, a completely harmless drug",2,yeah it literally cures everything so harmless so natural,"FDA approves first drug for aggressive multiple sclerosis || You or you could just take weed, a completely harmless drug",57,9,1,5.444444444444445,0,0,0,0,0,0.0,0,0,0,0,0,0,1,True,19,True,0.9416666666666667,True,heuristic-high
figlang_reddit,reddit,train,1,"Hey, we got a question once... I think you just gotta stop being so greedy","People of Reddit, what's something you've always wanted to ask a a gay person? || Meanwhile, us bisexuals are like, ""Hi, I'm still here!""",2,"Hey, we got a question once... I think you just gotta stop being so greedy","People of Reddit, what's something you've always wanted to ask a a gay person? || Meanwhile, us bisexuals are like, ""Hi, I'm still here!""",74,15,1,3.7333333333333334,0,0,1,1,0,0.0,0,0,0,0,0,0,0,False,23,True,1.0,True,heuristic-high
figlang_reddit,reddit,train,1,Well obviously there was no bad music played on the radio back then,"Found defeners on a video called ""How to make a hit pop song"" || I swear to god, when people mention all the great music of the past they only list like 3 or 4 bands from a pool of like 10 (Rolling Stones, Led Zeppelin, Queen, etc).",2,Well obviously there was no bad music played on the radio back then,"Found defeners on a video called ""How to make a hit pop song"" || I swear to god, when people mention all the great music of the past they only list like 3 or 4 bands from a pool of like 10 (Rolling Stones, Led Zeppelin, Queen, etc).",67,13,1,4.230769230769231,0,0,0,0,0,0.0,0,0,0,0,0,0,2,True,44,True,1.0,True,heuristic-high
figlang_reddit,reddit,train,1,Wait so when are we getting that sale then?,Is the January sale going to come to North America? || I heard that the sale would begin as soon as four thousand people made separate posts asking about a sale.,2,Wait so when are we getting that sale then?,Is the January sale going to come to North America? || I heard that the sale would begin as soon as four thousand people made separate posts asking about a sale.,43,9,1,3.7777777777777777,0,1,0,0,0,0.0,0,0,0,0,0,0,0,False,30,True,1.0,True,heuristic-high
figlang_reddit,reddit,train,1,"Except play it out from the back, clearly.",Miralem Pjanic (Juve) goal vs Torino (1-3) || Joe Hart can only do so much,2,"Except play it out from the back, clearly.",Miralem Pjanic (Juve) goal vs Torino (1-3) || Joe Hart can only do so much,42,8,1,4.125,0,0,0,0,0,0.0,0,0,0,0,0,0,1,False,13,True,1.0,True,heuristic-high
figlang_reddit,reddit,train,1,He doesn't have any tattoos in the forbidden zone so of course he's a model NCO.,SGT Bergdahl freed in exchange for 5 Taliban || I'm annoyed that they promoted a deserter.,2,He doesn't have any tattoos in the forbidden zone so of course he's a model NCO.,SGT Bergdahl freed in exchange for 5 Taliban || I'm annoyed that they promoted a deserter.,80,16,1,4.0,0,0,0,0,1,0.0625,0,0,0,0,0,0,0,False,14,True,1.0,True,heuristic-high
figlang_reddit,reddit,train,1,A billionaire who has never paid taxes is *so* the hero of the working class.,Trump considers JPMorgan Boss Jamie Dimon For Treasury Secretary || He couldn't even go a week keeping up the charade of being the working class hero.,2,A billionaire who has never paid taxes is so the hero of the working class.,Trump considers JPMorgan Boss Jamie Dimon For Treasury Secretary || He couldn't even go a week keeping up the charade of being the working class hero.,75,15,1,4.0,0,0,0,0,0,0.0,0,0,0,0,0,0,0,False,25,True,1.0,True,heuristic-high
figlang_reddit,reddit,train,1,Thank goodness someone is around to call Russia out for being the plague-riddled barbarian backwater it really is.,Moscow Court Convicts Five Men of Killing Anna Politkovskaya || I thought the civilized world already established that Putin strangled her on his birthday as a gift to himself?,2,Thank goodness someone is around to call Russia out for being the plague-riddled barbarian backwater it really is.,Moscow Court Convicts Five Men of Killing Anna Politkovskaya || I thought the civilized world already established that Putin strangled her on his birthday as a gift to himself?,114,19,1,5.0,0,0,0,0,0,0.0,0,0,0,0,0,0,0,False,28,True,1.0,True,heuristic-high
figlang_reddit,reddit,train,1,but it is a failing state because of all the immigrants,"""We Won't Block Pirate Bay,"" Swedish Telecoms Giant Says || Damn Sweden I thought we lost you, welcome back.",2,but it is a failing state because of all the immigrants,"""We Won't Block Pirate Bay,"" Swedish Telecoms Giant Says || Damn Sweden I thought we lost you, welcome back.",55,11,1,4.090909090909091,0,0,0,0,0,0.0,0,0,0,0,0,0,0,False,18,True,1.0,True,heuristic-high
figlang_reddit,reddit,train,1,"But-t-t,we can do it right this time as long we have our president back","Millennials flipping off memorial for victims of communist rule || INB4 Communist apologists say ""but that wasn't *real* communism^tm """,2,"But-t-t,we can do it right this time as long we have our president back","Millennials flipping off memorial for victims of communist rule || INB4 Communist apologists say ""but that wasn't real communismtm """,71,17,1,3.235294117647059,0,0,0,0,0,0.0,0,0,0,0,0,0,1,False,18,True,1.0,True,heuristic-high
figlang_reddit,reddit,train,1,Because all women are crazy and always want the opposite of what you are.,"A gym rat voiced his opinion on what kind of men women like || It's usually neckbeards asking ""Why do women like douchebags who think with their testosterone!?""",2,Because all women are crazy and always want the opposite of what you are.,"A gym rat voiced his opinion on what kind of men women like || It's usually neckbeards asking ""Why do women like douchebags who think with their testosterone!?""",73,14,1,4.214285714285714,0,0,0,0,0,0.0,0,0,0,0,0,0,0,False,27,True,1.0,True,heuristic-high
figlang_reddit,reddit,train,1,"Yeah, nothing to see here, move along citizen.","Crude Falls Below $30 a Barrel for the First Time in 12 Years || So gas futures are ~20% of what they were in 2007, yet gas prices are ~ 80% of what they were in 2007",2,"Yeah, nothing to see here, move along citizen.","Crude Falls Below $30 a Barrel for the First Time in 12 Years || So gas futures are ~20% of what they were in 2007, yet gas prices are ~ 80% of what they were in 2007",46,8,1,4.5,0,0,0,0,0,0.0,0,0,0,0,0,0,1,True,29,True,0.978125,True,heuristic-high
figlang_reddit,reddit,train,1,Yeah but they only did it to brown non Americans so it's ok,"Top GOPers: Sorry Trump, Flag Burning's Protected By The First Amendment || Torture violates the ban on ""cruel and unusual punishment' but Bush/Cheney got away with it.",2,Yeah but they only did it to brown non Americans so it's ok,"Top GOPers: Sorry Trump, Flag Burning's Protected By The First Amendment || Torture violates the ban on ""cruel and unusual punishment' but Bush/Cheney got away with it.",59,13,1,3.6153846153846154,0,0,0,0,0,0.0,0,0,0,0,0,0,2,True,27,True,1.0,True,heuristic-high
figlang_reddit,reddit,train,1,because apparently now fem shep was the cannon shep,Why Bioware showed Mass Effect Andromeda's female hero first || Because theyre sjw's who fight for nothing.,2,because apparently now fem shep was the cannon shep,Why Bioware showed Mass Effect Andromeda's female hero first || Because theyre sjw's who fight for nothing.,51,9,1,4.777777777777778,0,0,0,0,0,0.0,0,0,0,0,0,0,0,False,16,True,1.0,True,heuristic-high
figlang_reddit,reddit,train,1,Don't worry its in beta it'll get fixed in 2016,"So, DE_TUSCAN finally (after 3 years) looks actually pretty decent and (almost) ready for competitive? || I dont know if its your settings or what, but the ground texture is distractingly bad",2,Don't worry its in beta it'll get fixed in 2016,"So, DE_TUSCAN finally (after 3 years) looks actually pretty decent and (almost) ready for competitive? || I dont know if its your settings or what, but the ground texture is distractingly bad",47,9,1,3.7777777777777777,0,0,0,0,0,0.0,0,0,0,0,0,0,0,False,31,True,1.0,True,heuristic-high
figlang_reddit,reddit,train,1,50 no's and a yes is still a yes ;),"10 ""Nice Guys"" Who are Just Desperate As Heck || ""No is just a yes that needs a little convicing"" That's not how that works",2,50 no's and a yes is still a yes ;),"10 ""Nice Guys"" Who are Just Desperate As Heck || ""No is just a yes that needs a little convicing"" That's not how that works",35,8,1,2.75,0,0,0,0,0,0.0,0,0,0,0,0,0,0,False,23,True,1.0,True,heuristic-high
figlang_reddit,reddit,train,1,"Oh yeah, cause it's totally the first time European schools have done this",Dutch Children Forced To Pray To Allah || This sounds so absurd it must be fake news.,2,"Oh yeah, cause it's totally the first time European schools have done this",Dutch Children Forced To Pray To Allah || This sounds so absurd it must be fake news.,74,13,1,4.6923076923076925,0,0,0,0,0,0.0,0,0,0,0,0,0,3,True,16,True,0.9865384615384616,True,heuristic-high
figlang_reddit,reddit,train,1,But petty name calling is a true representation of the proletarian struggle!,So I guess it's okay to refer to the British government as 'fascists' if they're calling the UN housing report 'Marxist'? || This idiotic sort of rhetoric is why socialism struggles,2,But petty name calling is a true representation of the proletarian struggle!,So I guess it's okay to refer to the British government as 'fascists' if they're calling the UN housing report 'Marxist'? || This idiotic sort of rhetoric is why socialism struggles,76,12,1,5.333333333333333,1,0,0,0,0,0.0,0,0,0,0,0,0,0,False,30,True,1.0,True,heuristic-high
figlang_reddit,reddit,train,1,no it's because america is full of mysogeny,Study: Hillary's message was devoid of policy in a way not seen before || But... but... but... I thought she said Trump won because his supporters are racist?,2,no it's because america is full of mysogeny,Study: Hillary's message was devoid of policy in a way not seen before || But... but... but... I thought she said Trump won because his supporters are racist?,43,8,1,4.5,0,0,0,0,0,0.0,0,0,0,0,0,0,0,False,27,True,1.0,True,heuristic-high
figlang_reddit,reddit,train,1,I'm just glad someone was brave enough to stand up and put those overprivileged transgender children in their place,"Trump administration withdraws protections for transgender students || I was just thinking today, ""You know, transgender kids have it too easy.""",2,I'm just glad someone was brave enough to stand up and put those overprivileged transgender children in their place,"Trump administration withdraws protections for transgender students || I was just thinking today, ""You know, transgender kids have it too easy.""",115,19,1,5.105263157894737,0,0,0,0,0,0.0,0,0,0,0,0,0,0,False,20,True,0.9723684210526315,True,heuristic-high
figlang_reddit,reddit,train,1,Yup our backup catcher pitched a scoreless inning that game... Better than Felix?,"Felix Hernandez has given up 8 earned runs while recording 1 out || Hopefully we get to see a position player pitch tonight, that's always fun",2,Yup our backup catcher pitched a scoreless inning that game... Better than Felix?,"Felix Hernandez has given up 8 earned runs while recording 1 out || Hopefully we get to see a position player pitch tonight, that's always fun",81,13,2,5.0,0,1,1,1,0,0.0,0,0,0,0,0,0,0,False,23,True,0.9192307692307693,True,heuristic-high
figlang_reddit,reddit,train,1,"herp derp, it's not like you could catch evolved pokemon in the wild in the real game right","5 minutes playing and the first (second) pokemon i encounter || Not gonna lie, kinda feels like they've made the whole evolution aspect of pokemon pointless in this game.",2,"herp derp, it's not like you could catch evolved pokemon in the wild in the real game right","5 minutes playing and the first (second) pokemon i encounter || Not gonna lie, kinda feels like they've made the whole evolution aspect of pokemon pointless in this game.",91,18,1,4.055555555555555,0,0,0,0,0,0.0,0,0,0,0,0,0,1,False,27,True,1.0,True,heuristic-high
figlang_reddit,reddit,train,1,"Yeah, but he is a man, so you know he enjoyed it.","MRW I see a hot guy at the supermarket. || That poor man, it's like he just got cat-called.",2,"Yeah, but he is a man, so you know he enjoyed it.","MRW I see a hot guy at the supermarket. || That poor man, it's like he just got cat-called.",49,12,1,2.9166666666666665,0,0,0,0,0,0.0,0,0,0,0,0,0,1,True,19,True,1.0,True,heuristic-high
figlang_reddit,reddit,train,1,So what you're saying is that marbles are actually really big?,"ELI5: Is it possible that our universe is in a black hole, and that is why it's constantly expanding? || A black hole is actually something that would be pulling inward, so much so our entire universe would be condensed into about the size of a marble.",2,So what you're saying is that marbles are actually really big?,"ELI5: Is it possible that our universe is in a black hole, and that is why it's constantly expanding? || A black hole is actually something that would be pulling inward, so much so our entire universe would be condensed into about the size of a marble.",62,11,1,4.636363636363637,0,1,0,0,0,0.0,0,0,0,0,0,0,0,False,46,True,1.0,True,heuristic-high
figlang_reddit,reddit,train,1,"Then it's okay, because the white people shouldn't have been here anyway!","White SJW invalidates a person's race, assumes their relative is a rapist || Speculative query: what if the native american was the rapist?",2,"Then it's okay, because the white people shouldn't have been here anyway!","White SJW invalidates a person's race, assumes their relative is a rapist || Speculative query: what if the native american was the rapist?",73,12,1,5.0,1,0,0,0,0,0.0,0,0,0,0,0,0,1,False,22,True,1.0,True,heuristic-high
figlang_reddit,reddit,train,1,He's obviously going for the classic physique look bro!,Rich Piano's yummy snack based diet seems to be paying off || His delts really look small compared to his arms,2,He's obviously going for the classic physique look bro!,Rich Piano's yummy snack based diet seems to be paying off || His delts really look small compared to his arms,55,9,1,5.111111111111111,1,0,0,0,0,0.0,0,0,0,0,0,0,1,False,20,True,0.9416666666666667,True,heuristic-high
figlang_reddit,reddit,train,1,But Pearl Harbor needed romance to keep me interested.,What is something you hate that so many film makers seem to do? || Force a romantic plot when it is unnecessary to the main story.,2,But Pearl Harbor needed romance to keep me interested.,What is something you hate that so many film makers seem to do? || Force a romantic plot when it is unnecessary to the main story.,54,9,1,5.0,0,0,0,0,0,0.0,0,0,0,0,0,0,0,False,25,True,0.9416666666666667,True,heuristic-high
figlang_reddit,reddit,train,1,West Brom must be positively terrified right now,Luke Waterfall (Lincoln City) own goal for Arsenal (3-0) || Arsenal are getting into some serious form right now.,2,West Brom must be positively terrified right now,Luke Waterfall (Lincoln City) own goal for Arsenal (3-0) || Arsenal are getting into some serious form right now.,48,8,1,5.125,0,0,0,0,0,0.0,0,0,0,0,0,0,1,False,17,True,0.86875,True,heuristic-high
figlang_reddit,reddit,train,1,"But remember, when the CIA undermines the French elections thats not hacking","How illegal is to meet a girl at a bar, drink a lot with her, take her to your home and while she is unconscious use her phone to like your own photos on Instagram? || I think this fits the federal hacking definition of ""unauthorized access to any system"" - which means you're probably looking at a felony with a couple years of jail time depending on the prosecutor.",2,"But remember, when the CIA undermines the French elections thats not hacking","How illegal is to meet a girl at a bar, drink a lot with her, take her to your home and while she is unconscious use her phone to like your own photos on Instagram? || I think this fits the federal hacking definition of ""unauthorized access to any system"" - which means you're probably looking at a felony with a couple years of jail time depending on the prosecutor.",76,12,1,5.333333333333333,0,0,0,0,1,0.08333333333333333,0,0,0,0,0,0,0,False,68,True,1.0,True,heuristic-high
figlang_reddit,reddit,train,1,"Yes, we should all save our outrage and criticisms for the next Republican president!","IRS e-mail hearing gets heated over hard drive crash || Apparently since trying to get their way with 50+ repeal attempts of the Affordable Care Act, and 14+ inquiries about Benghazi worked so well they're going to try to beat the IRS ""scandal"" like the dead horse it is.",2,"Yes, we should all save our outrage and criticisms for the next Republican president!","IRS e-mail hearing gets heated over hard drive crash || Apparently since trying to get their way with 50+ repeal attempts of the Affordable Care Act, and 14+ inquiries about Benghazi worked so well they're going to try to beat the IRS ""scandal"" like the dead horse it is.",85,14,1,5.0,1,0,0,0,0,0.0,0,0,0,0,0,0,0,False,47,True,1.0,True,heuristic-high
figlang_reddit,reddit,train,1,"but but..she did them herself, so that's like, original and so edgy!","This girl does most of her tattoos herself, the rest are done out of houses. || Those make jail tattoos look like fine art",2,"but but..she did them herself, so that's like, original and so edgy!","This girl does most of her tattoos herself, the rest are done out of houses. || Those make jail tattoos look like fine art",68,13,2,4.0,1,0,1,1,0,0.0,0,0,0,0,0,0,0,False,23,True,1.0,True,heuristic-high
figlang_reddit,reddit,train,1,"No no no, she was talking about everyone on the continent.","Now that the field has narrowed, can we demand those transcripts? || She'll release them 'as soon as everyone else does' Well Bernie has and Trump is now the only one left out of the 'everyone else' category.",2,"No no no, she was talking about everyone on the continent.","Now that the field has narrowed, can we demand those transcripts? || She'll release them 'as soon as everyone else does' Well Bernie has and Trump is now the only one left out of the 'everyone else' category.",58,11,1,4.181818181818182,0,0,0,0,0,0.0,0,0,0,0,0,0,0,False,37,True,1.0,True,heuristic-high
figlang_reddit,reddit,train,1,"Careful, you don't want to come across as a discriminatory atheist edgelord.","TIL the Greek religion's God (Zeus Pater), the Roman religion's God (Jupiter), and the Indian Vedic religion's God (Dyaus Pita), have similar names because those religions - along with Norse, Persian, and Slavic mythologies - all evolved from the same original religion. || Isn't this like the biggest giveaway that religion is made up and fiction?",2,"Careful, you don't want to come across as a discriminatory atheist edgelord.","TIL the Greek religion's God (Zeus Pater), the Roman religion's God (Jupiter), and the Indian Vedic religion's God (Dyaus Pita), have similar names because those religions - along with Norse, Persian, and Slavic mythologies - all evolved from the same original religion. || Isn't this like the biggest giveaway that religion is made up and fiction?",76,12,1,5.25,0,0,0,0,0,0.0,0,0,0,0,0,0,0,False,53,True,1.0,True,heuristic-high
figlang_reddit,reddit,train,1,"Man, I've seen more than that on a Friday night!",The US just confiscated a $180 million boat shipment of cocaine from Colombian drug traffickers || ITT: People think 5 tonnes is not a lot of cocaine,2,"Man, I've seen more than that on a Friday night!",The US just confiscated a $180 million boat shipment of cocaine from Colombian drug traffickers || ITT: People think 5 tonnes is not a lot of cocaine,48,10,1,3.7,1,0,0,0,0,0.0,0,0,0,0,0,0,0,False,24,True,1.0,True,heuristic-high
figlang_reddit,reddit,train,1,"It's the double copper wrap that makes it code, just a single wrap would be a no no.",When you need to splice but you don't have any one bolts or crimps || I swear I've seen that in the code book as legal...,2,"It's the double copper wrap that makes it code, just a single wrap would be a no no.",When you need to splice but you don't have any one bolts or crimps || I swear I've seen that in the code book as legal...,84,18,1,3.611111111111111,0,0,0,0,0,0.0,0,0,0,0,0,0,0,False,25,True,1.0,True,heuristic-high
figlang_reddit,reddit,train,1,"Yeah, because we all know the left is incapable of this kind of behavior",Silver Spring: Trump supporter's home vandalized with swastika || I would not be surprised if in a few weeks it came out that he did this himself.,2,"Yeah, because we all know the left is incapable of this kind of behavior",Silver Spring: Trump supporter's home vandalized with swastika || I would not be surprised if in a few weeks it came out that he did this himself.,72,14,1,4.142857142857143,0,0,0,0,0,0.0,0,0,0,0,0,0,1,True,26,True,1.0,True,heuristic-high
figlang_reddit,reddit,train,1,Gotta have that extra 300MB Of Ram when your playing games,"""Windows is bloated to the max, idiot."" || people have this strange idea that most of your ram should be unused.... this is dumb a good os will use every byte of ram you give it people freaking when they see Vista,7,8,8.1 using nearly all the systems ram then saying 'windows suxs it uses all my ramz' make me giggle",2,Gotta have that extra 300MB Of Ram when your playing games,"""Windows is bloated to the max, idiot."" || people have this strange idea that most of your ram should be unused.... this is dumb a good os will use every byte of ram you give it people freaking when they see Vista,7,8,8.1 using nearly all the systems ram then saying 'windows suxs it uses all my ramz' make me giggle",58,11,1,4.090909090909091,0,0,0,0,0,0.0,0,0,0,0,0,0,0,False,59,True,1.0,True,heuristic-high
figlang_reddit,reddit,train,1,She should immediately capitulate everything so that we can all feel that we were right to vote remain,"Merkel throws down gauntlet to May: No free market access while curbing immigration || Well, what else is she going to say before negotiations start?",2,She should immediately capitulate everything so that we can all feel that we were right to vote remain,"Merkel throws down gauntlet to May: No free market access while curbing immigration || Well, what else is she going to say before negotiations start?",102,18,1,4.722222222222222,0,0,0,0,0,0.0,0,0,0,0,0,0,1,False,24,True,1.0,True,heuristic-high
figlang_reddit,reddit,train,1,So based off these two stats do you think Winston will break the record before you guys let him walk?,"Jameis Winston only needs 6,689 more passing yards to become the all time passer leader for Bucs (Vinny Testaverde - 14,820 yds) || The Bucs have never given a QB a second contract.. so, not that surprising",2,So based off these two stats do you think Winston will break the record before you guys let him walk?,"Jameis Winston only needs 6,689 more passing yards to become the all time passer leader for Bucs (Vinny Testaverde - 14,820 yds) || The Bucs have never given a QB a second contract.. so, not that surprising",101,20,1,4.05,0,1,0,0,0,0.0,0,0,0,0,0,0,0,False,33,True,1.0,True,heuristic-high
figlang_reddit,reddit,train,1,"Yeah but its ""Organic Energy"" you're supposed to pay more for the healthier energies.","Proposed 7.1% PGE Electric Residential Rate Increase || I keep hearing about cheaper energy yet the cheaper it gets, the more we pay.",2,"Yeah but its ""Organic Energy"" you're supposed to pay more for the healthier energies.","Proposed 7.1% PGE Electric Residential Rate Increase || I keep hearing about cheaper energy yet the cheaper it gets, the more we pay.",85,14,1,4.928571428571429,0,0,0,0,0,0.0,0,0,1,0,0,0,1,True,21,True,0.9625,True,heuristic-high
figlang_reddit,reddit,train,1,Still less manufactured the 90% of music today amarite?,"""The youth of today have no balls"" || This is even funnier when you learn that the sex pistols were entirely manufactured by a record exec and werent naturally rebellious at all",2,Still less manufactured the 90% of music today amarite?,"""The youth of today have no balls"" || This is even funnier when you learn that the sex pistols were entirely manufactured by a record exec and werent naturally rebellious at all",55,8,1,5.375,0,1,0,0,0,0.0,0,0,0,0,0,0,0,False,31,True,0.978125,True,heuristic-high
figlang_reddit,reddit,train,1,Very often my friends and I find that the colour of the token is more important than the power and toughness.,My friend laser cut a few tokens || I would rather have dice for counters and actual token cards for tokens.,2,Very often my friends and I find that the colour of the token is more important than the power and toughness.,My friend laser cut a few tokens || I would rather have dice for counters and actual token cards for tokens.,109,21,1,4.190476190476191,0,0,0,0,0,0.0,0,0,0,0,0,0,0,False,20,True,1.0,True,heuristic-high
figlang_reddit,reddit,train,1,And based on hamas's history of keeping promises that will surely happen!,"Report: israel to rehabilitate and help develop gaza for hamas ceasefire and demilitarization. || Very solid offer for both sides, assuming hamas keeps his part of the deal",2,And based on hamas's history of keeping promises that will surely happen!,"Report: israel to rehabilitate and help develop gaza for hamas ceasefire and demilitarization. || Very solid offer for both sides, assuming hamas keeps his part of the deal",73,12,1,5.083333333333333,1,0,0,0,0,0.0,0,0,0,0,0,0,0,False,27,True,1.0,True,heuristic-high
figlang_reddit,reddit,train,1,This is like Deandre Jordan all over again,Rumor: Durant does not consider the Knicks as a potential destination || Damn I was really expecting him to sign with us,2,This is like Deandre Jordan all over again,Rumor: Durant does not consider the Knicks as a potential destination || Damn I was really expecting him to sign with us,42,8,1,4.375,0,0,0,0,0,0.0,0,0,0,0,0,0,0,False,21,True,1.0,True,heuristic-high
figlang_reddit,reddit,train,1,Glennon is tall and white so he must be good,"Colin Kaepernick reportedly wants $9M to $10M per year and a chance to start || When Mike Glennon gets paid but Kaepernick can't get a cheap contract, you know there's some stuff going on behind the scenes.",2,Glennon is tall and white so he must be good,"Colin Kaepernick reportedly wants $9M to $10M per year and a chance to start || When Mike Glennon gets paid but Kaepernick can't get a cheap contract, you know there's some stuff going on behind the scenes.",44,10,1,3.5,0,0,0,0,0,0.0,0,0,0,0,0,0,0,False,36,True,1.0,True,heuristic-high
figlang_reddit,reddit,train,1,...and that's getting worse by the minute and nobody is going anything about it!,"Ottawa has really high ratings in environmental quality, housing, safety, healthcare and taxation in cities ranking list. || Yeah, it's a really good city overall, so much so that we all work very hard to find things to complain about",2,...and that's getting worse by the minute and nobody is going anything about it!,"Ottawa has really high ratings in environmental quality, housing, safety, healthcare and taxation in cities ranking list. || Yeah, it's a really good city overall, so much so that we all work very hard to find things to complain about",80,14,2,4.5,1,0,1,1,0,0.0,0,0,0,0,0,0,0,False,39,True,1.0,True,heuristic-high
figlang_reddit,reddit,train,1,"Yeah, eco rounds should be just as winnable as full buys!",I am completely okay with Valve pretending this patch never happened and reverting everything completely. || I am OK with them keeping the gun as it is.,2,"Yeah, eco rounds should be just as winnable as full buys!",I am completely okay with Valve pretending this patch never happened and reverting everything completely. || I am OK with them keeping the gun as it is.,57,11,1,4.090909090909091,1,0,0,0,0,0.0,0,0,0,0,0,0,1,True,26,True,0.9681818181818183,True,heuristic-high
figlang_reddit,reddit,train,1,It would have to be a legitimate rape tho,Joe Biden backs $41 million fund to reduce rape kit testing backlog || GOP will be against it because it would encourage women to get raped.,2,It would have to be a legitimate rape tho,Joe Biden backs $41 million fund to reduce rape kit testing backlog || GOP will be against it because it would encourage women to get raped.,41,9,1,3.6666666666666665,0,0,0,0,0,0.0,0,0,0,0,0,0,0,False,24,True,1.0,True,heuristic-high
figlang_reddit,reddit,train,1,"Not if you record the stopwatches with 60 fps camera to display on 60 fps monitors, then you would.","If the fastest human runner runs at 23.35 fps, but we have monitors that run at 60 fps, why don't we send our monitors to the Olympics? || The human eye can't perceive anything faster than 30 fps, so there would be no way for us to measure how fast the monitors are with our stopwatches since we're watching with our eyes.",2,"Not if you record the stopwatches with 60 fps camera to display on 60 fps monitors, then you would.","If the fastest human runner runs at 23.35 fps, but we have monitors that run at 60 fps, why don't we send our monitors to the Olympics? || The human eye can't perceive anything faster than 30 fps, so there would be no way for us to measure how fast the monitors are with our stopwatches since we're watching with our eyes.",99,17,1,4.411764705882353,0,0,0,0,0,0.0,0,0,0,0,0,0,0,False,58,True,1.0,True,heuristic-high
figlang_reddit,reddit,train,1,It's just a clump of cells and killing it should be legal.,"Husband startles baby in utero by blowing raspberries || The crazy thing is that the fetus has enough neurons, brain structure, what have you, to recognize the sound after a couple repetitions and become habituated to it.",2,It's just a clump of cells and killing it should be legal.,"Husband startles baby in utero by blowing raspberries || The crazy thing is that the fetus has enough neurons, brain structure, what have you, to recognize the sound after a couple repetitions and become habituated to it.",58,12,1,3.8333333333333335,0,0,0,0,0,0.0,0,0,0,0,0,0,0,False,36,True,1.0,True,heuristic-high
figlang_reddit,reddit,train,1,"But he's not homophobic or anything, he has a friend who is a gay!","Because that's a totally normal, appropriate, not weird at all way to a approach a stranger. || If anyone ever called me ""a bi"" I'd shove my bi pride flag up their ass.",2,"But he's not homophobic or anything, he has a friend who is a gay!","Because that's a totally normal, appropriate, not weird at all way to a approach a stranger. || If anyone ever called me ""a bi"" I'd shove my bi pride flag up their ass.",66,14,1,3.642857142857143,1,0,0,0,0,0.0,0,0,0,0,0,0,0,False,32,True,1.0,True,heuristic-high
figlang_reddit,reddit,train,1,Does the Titan xp give more xp to Windows xp?,What's the most outdated thing you still use today? || At work we still use Windows xp,2,Does the Titan xp give more xp to Windows xp?,What's the most outdated thing you still use today? || At work we still use Windows xp,45,10,1,3.5,0,1,0,0,0,0.0,0,0,0,0,0,0,0,False,16,True,1.0,True,heuristic-high
figlang_reddit,reddit,train,1,Damn... I guess I have to buy a Nexus 6,PSA: OEM Unlock On The Nexus 6 And 9 Requires Checking A Box In Developer Options || Unfortunately it also requires a Nexus 6.,2,Damn... I guess I have to buy a Nexus 6,PSA: OEM Unlock On The Nexus 6 And 9 Requires Checking A Box In Developer Options || Unfortunately it also requires a Nexus 6.,39,9,1,2.888888888888889,0,0,1,1,0,0.0,0,0,0,0,0,0,0,False,20,True,1.0,True,heuristic-high
figlang_reddit,reddit,train,1,"Geez wanting your kids to have an education, food, a bed to sleep on and a chance at a better future what a horrible father",Undocumented dad taken by ICE while dropping kids off at school || Pretty selfish dad to put his kids in that situation.,2,"Geez wanting your kids to have an education, food, a bed to sleep on and a chance at a better future what a horrible father",Undocumented dad taken by ICE while dropping kids off at school || Pretty selfish dad to put his kids in that situation.,123,25,1,3.88,0,0,0,0,0,0.0,0,0,0,0,0,0,0,False,21,True,1.0,True,heuristic-high
figlang_reddit,reddit,train,1,"She didn't have any encryption on that server, so she's following what she preaches.",Hillary Clinton's Tech Policy Plan Includes Some Empty Broadband Promises And A Continued War On Encryption || The woman who set up a private e-mail server to keep her emails out of the government's hands wants us peons to have zero ability to protect our stuff.,2,"She didn't have any encryption on that server, so she's following what she preaches.",Hillary Clinton's Tech Policy Plan Includes Some Empty Broadband Promises And A Continued War On Encryption || The woman who set up a private e-mail server to keep her emails out of the government's hands wants us peons to have zero ability to protect our stuff.,84,14,1,4.928571428571429,0,0,0,0,0,0.0,0,0,0,0,0,0,0,False,46,True,1.0,True,heuristic-high
figlang_reddit,reddit,train,1,With all the budget cuts we'll be lucky to field a team at all,"LSU secondary NCAA violations: Player hitches ride with agent; Tigers change pregame sideline policy || Time to close the team down, good enough allegations for me",2,With all the budget cuts we'll be lucky to field a team at all,"LSU secondary NCAA violations: Player hitches ride with agent; Tigers change pregame sideline policy || Time to close the team down, good enough allegations for me",62,14,1,3.5,0,0,0,0,0,0.0,0,0,0,0,0,0,0,False,25,True,1.0,True,heuristic-high
figlang_reddit,reddit,train,1,Didn't you know that people who watch blackfish are experts on everything having to do with whales and SeaWorld?,Three whales have died at SeaWorld San Antonio in the last six months || ITT: Everyone is suddenly a whale biologist.,2,Didn't you know that people who watch blackfish are experts on everything having to do with whales and SeaWorld?,Three whales have died at SeaWorld San Antonio in the last six months || ITT: Everyone is suddenly a whale biologist.,112,19,1,4.894736842105263,0,1,0,0,0,0.0,0,0,0,0,0,0,0,False,20,True,1.0,True,heuristic-high
figlang_reddit,reddit,train,1,"Guess that makes up for it, Knicks fans should be felling happy now.",": NBA fines Sidney Lowe $5,000, Wizards organization $15,000 for the asst coach being on the court during Knicks' last possession. || Well now im not sad anymore thank god",2,"Guess that makes up for it, Knicks fans should be felling happy now.",": NBA fines Sidney Lowe $5,000, Wizards organization $15,000 for the asst coach being on the court during Knicks' last possession. || Well now im not sad anymore thank god",68,13,1,4.153846153846154,0,0,0,0,0,0.0,0,0,0,0,0,0,0,False,26,True,1.0,True,heuristic-high
figlang_reddit,reddit,train,1,"Basically the same thing, but for the last part you get 8 guys to grab a giant log and ram it from a safe distance","How not to dismantle a cinder block wall. || As a guy who works at a desk all day, what is the proper way to dismantle a cinder block wall?",2,"Basically the same thing, but for the last part you get 8 guys to grab a giant log and ram it from a safe distance","How not to dismantle a cinder block wall. || As a guy who works at a desk all day, what is the proper way to dismantle a cinder block wall?",114,24,1,3.6666666666666665,0,0,0,0,0,0.0,0,0,0,0,0,0,0,False,29,True,1.0,True,heuristic-high
figlang_reddit,reddit,train,1,"I'm glad banning abortion creates so, so many jobs.",Ohio senate passes bill to ban abortion when heartbeat can be detected || I'm glad we are working on calming those economic anxieties,2,"I'm glad banning abortion creates so, so many jobs.",Ohio senate passes bill to ban abortion when heartbeat can be detected || I'm glad we are working on calming those economic anxieties,51,9,1,4.555555555555555,0,0,0,0,0,0.0,0,0,0,0,0,0,0,False,22,True,0.8444444444444444,True,heuristic-high
figlang_reddit,reddit,train,1,"I'm not voting, because the winner has already been decided by the Illuminati.","What single question can you ask someone to find out a lot about their personality, beliefs, and values? || Ask who they are voting for and why",2,"I'm not voting, because the winner has already been decided by the Illuminati.","What single question can you ask someone to find out a lot about their personality, beliefs, and values? || Ask who they are voting for and why",78,13,1,4.923076923076923,0,0,0,0,0,0.0,0,0,0,0,0,0,0,False,26,True,1.0,True,heuristic-high
figlang_reddit,reddit,train,1,I've had ENOUGH of the liberal agenda ruining my snack life!,Somebody at Oreo headquarters is high as fuck. || Fun fact: Oreos and Swedish Fish are both unintentionally vegan.,2,I've had ENOUGH of the liberal agenda ruining my snack life!,Somebody at Oreo headquarters is high as fuck. || Fun fact: Oreos and Swedish Fish are both unintentionally vegan.,60,11,1,4.454545454545454,1,0,0,0,1,0.09090909090909091,0,0,0,0,0,0,0,False,18,True,0.9681818181818183,True,heuristic-high
figlang_reddit,reddit,train,1,"I'm sure most people here are just big, bad sexists.",What do you enjoy that Reddit absolutely shits on? || The belief that women and men should be treated equally.,2,"I'm sure most people here are just big, bad sexists.",What do you enjoy that Reddit absolutely shits on? || The belief that women and men should be treated equally.,52,10,1,4.1,0,0,0,0,0,0.0,0,0,0,0,0,0,1,False,19,True,1.0,True,heuristic-high
figlang_reddit,reddit,train,1,My first thought was that the police should have politely asked the bikers to hand in their weapons because how would they have shot each other if the police asked them to do that?,"9 dead in Waco, Texas, shooting from rival biker gangs. || If only they had more guns to defend themselves with.. Everything would have been dandy",2,My first thought was that the police should have politely asked the bikers to hand in their weapons because how would they have shot each other if the police asked them to do that?,"9 dead in Waco, Texas, shooting from rival biker gangs. || If only they had more guns to defend themselves with.. Everything would have been dandy",180,34,1,4.294117647058823,0,1,0,0,0,0.0,0,0,0,0,0,0,0,False,24,True,1.0,True,heuristic-high
figlang_reddit,reddit,train,1,I thought the wraps only and no headgear was the way to go?,Liston sparring with a 19 year old Foreman. || I'd venture a guess and say they are not sparring.,2,I thought the wraps only and no headgear was the way to go?,Liston sparring with a 19 year old Foreman. || I'd venture a guess and say they are not sparring.,59,13,1,3.5384615384615383,0,1,0,0,0,0.0,0,0,0,0,0,0,0,False,17,True,1.0,True,heuristic-high
figlang_reddit,reddit,train,1,Valve started to listen to people's complaints about their toasters not handling the game,why are these domes on dust2 not solid? || they were solid wtf what happened lol,2,Valve started to listen to people's complaints about their toasters not handling the game,why are these domes on dust2 not solid? || they were solid wtf what happened lol,89,14,1,5.428571428571429,0,0,0,0,0,0.0,0,0,0,0,0,0,0,False,15,True,1.0,True,heuristic-high
figlang_reddit,reddit,train,1,"And he didn't even kill Jews, sounds boring.","Czech restaurant shooting: nine killed, reports say || Now all the conservatives have shed a single tear because he wasn't Muslim.",2,"And he didn't even kill Jews, sounds boring.","Czech restaurant shooting: nine killed, reports say || Now all the conservatives have shed a single tear because he wasn't Muslim.",44,8,1,4.375,0,0,0,0,0,0.0,0,0,0,0,0,0,0,False,20,True,0.978125,True,heuristic-high
figlang_reddit,reddit,train,1,are you suggesting i cant cure my cancer with beer,I'm 15 and just drank my first beer || These people that act like beer is some magical elixir are usually either alcoholics or have never touched it and want to sound cool.,2,are you suggesting i cant cure my cancer with beer,I'm 15 and just drank my first beer || These people that act like beer is some magical elixir are usually either alcoholics or have never touched it and want to sound cool.,50,10,1,4.1,0,0,0,0,0,0.0,0,0,0,0,0,0,0,False,31,True,1.0,True,heuristic-high
figlang_reddit,reddit,train,1,Wanna go talk to some Jehovah's Witnesses with me?,"The creepy ""Black Ghost"" sculpture in Klaipeda, Lithuania. || Excuse me sir, do you have a moment to talk about the Many Faced God?",2,Wanna go talk to some Jehovah's Witnesses with me?,"The creepy ""Black Ghost"" sculpture in Klaipeda, Lithuania. || Excuse me sir, do you have a moment to talk about the Many Faced God?",50,9,1,4.555555555555555,0,1,0,0,0,0.0,0,0,0,0,0,0,0,False,23,True,1.0,True,heuristic-high
figlang_reddit,reddit,train,1,Do you think Perez will make the 18 this year?,Could this be the La Liga player we're going after? || It's clearly the return of Victor Perez.,2,Do you think Perez will make the 18 this year?,Could this be the La Liga player we're going after? || It's clearly the return of Victor Perez.,46,9,1,3.7777777777777777,0,1,0,0,0,0.0,0,0,0,0,0,0,0,False,17,True,1.0,True,heuristic-high
figlang_reddit,reddit,train,1,"He's President and you're not, so from his POV it's going pretty peachy",House Obamacare repeal vote will not take place Thursday || This is not a good week for Donald Trump.,2,"He's President and you're not, so from his POV it's going pretty peachy",House Obamacare repeal vote will not take place Thursday || This is not a good week for Donald Trump.,71,13,1,4.461538461538462,0,0,0,0,1,0.07692307692307693,0,0,0,0,0,0,0,False,18,True,0.9865384615384616,True,heuristic-high
figlang_reddit,reddit,train,1,We're supposed to be hating on Hearthstone here!,"I love that 'roping' in Duelyst is something that happens due to there being so many options and not BM And when you add people after a match they don't call you a Roach Boy || I dont know which Decks you played in Hearthstone, but in HS you roped also because of several options.",2,We're supposed to be hating on Hearthstone here!,"I love that 'roping' in Duelyst is something that happens due to there being so many options and not BM And when you add people after a match they don't call you a Roach Boy || I dont know which Decks you played in Hearthstone, but in HS you roped also because of several options.",48,8,1,5.0,1,0,0,0,0,0.0,0,0,0,0,0,0,0,False,54,True,1.0,True,heuristic-high
figlang_reddit,reddit,train,1,"You can never be sure that pirated copies of Windows are botnet free, so best to disable them from the net.","Virus-infected computers that pose a risk to other PCs should be blocked from the net, a senior researcher at software giant Microsoft suggests || I would love to see this but the potential for misuse is way to high.",2,"You can never be sure that pirated copies of Windows are botnet free, so best to disable them from the net.","Virus-infected computers that pose a risk to other PCs should be blocked from the net, a senior researcher at software giant Microsoft suggests || I would love to see this but the potential for misuse is way to high.",107,21,1,4.0476190476190474,0,0,0,0,0,0.0,0,0,0,0,0,0,1,False,39,True,1.0,True,heuristic-high
figlang_reddit,reddit,train,1,My understanding is that it would run perfectly and every glitch and bug and lockup would disappear because they're all caused by the 360's older hardware not capable of running this built-from-scratch-for-next-gen game.,"With Xbox One being backwards compatible, vote for your favourite Call of Duty games to be available for the feature! || I wonder how a 360 copy of AW would work on xbone.",2,My understanding is that it would run perfectly and every glitch and bug and lockup would disappear because they're all caused by the 360's older hardware not capable of running this built-from-scratch-for-next-gen game.,"With Xbox One being backwards compatible, vote for your favourite Call of Duty games to be available for the feature! || I wonder how a 360 copy of AW would work on xbone.",220,38,1,4.7105263157894735,0,0,0,0,0,0.0,0,0,0,0,0,0,0,False,31,True,1.0,True,heuristic-high
figlang_reddit,reddit,train,1,"Yes, because they jump out of the screen and rape people to death.","German minister says voicing opposition to migration is equivalent to rape: ""What happens on the right-wing platforms and in chatrooms is at least as awful as the (NYE) acts of those assaulting the women"" || If there's anything worse than rape, it's mean internet words.",2,"Yes, because they jump out of the screen and rape people to death.","German minister says voicing opposition to migration is equivalent to rape: ""What happens on the right-wing platforms and in chatrooms is at least as awful as the (NYE) acts of those assaulting the women"" || If there's anything worse than rape, it's mean internet words.",66,13,1,4.0,0,0,0,0,0,0.0,0,0,0,0,0,0,0,False,45,True,1.0,True,heuristic-high
figlang_reddit,reddit,train,1,Next your going to say that pretty much all political parties are actually working towards what they believe is best for the world.,"What misunderstanding does Reddit have that you REALLY want to correct? || The world is *not* shit, people are *not* naturally evil or stupid or lazy or whatever terrible thing you want to believe we are, and *nothing* about our government or economy or religion or culture or language or society is completely beyond realistic, practical improvement.",2,Next your going to say that pretty much all political parties are actually working towards what they believe is best for the world.,"What misunderstanding does Reddit have that you REALLY want to correct? || The world is not shit, people are not naturally evil or stupid or lazy or whatever terrible thing you want to believe we are, and nothing about our government or economy or religion or culture or language or society is completely beyond realistic, practical improvement.",131,23,1,4.695652173913044,0,0,0,0,0,0.0,0,0,0,0,0,0,0,False,56,True,1.0,True,heuristic-high
figlang_reddit,reddit,train,1,Yeah but FDR was a Democrat so who really gives a shit?,The Latest: Trump calls 100-day assessment 'ridiculous' || It's been the standard benchmark for 85 years.,2,Yeah but FDR was a Democrat so who really gives a shit?,The Latest: Trump calls 100-day assessment 'ridiculous' || It's been the standard benchmark for 85 years.,55,12,1,3.5833333333333335,0,1,0,0,1,0.08333333333333333,0,0,0,0,0,0,1,True,14,True,1.0,True,heuristic-high
figlang_reddit,reddit,train,1,Ted had plenty of jokes that weren't relevant to the plot line.,First image from Seth McFarlane's A Million Ways to Die in the West || I wonder if the jokes will have any relevance to the plot line.,2,Ted had plenty of jokes that weren't relevant to the plot line.,First image from Seth McFarlane's A Million Ways to Die in the West || I wonder if the jokes will have any relevance to the plot line.,63,12,1,4.25,0,0,0,0,0,0.0,0,0,0,0,0,0,0,False,26,True,1.0,True,heuristic-high
figlang_reddit,reddit,train,1,"But negev needs balancing, all the devs are hard at work cracking that case",WarOwl forced to stop playing MM because of an offensive profile picture (again) || I would love to see a way of disabling steam profile pictures.,2,"But negev needs balancing, all the devs are hard at work cracking that case",WarOwl forced to stop playing MM because of an offensive profile picture (again) || I would love to see a way of disabling steam profile pictures.,75,14,1,4.357142857142857,0,0,0,0,0,0.0,0,0,0,0,0,0,0,False,25,True,1.0,True,heuristic-high
figlang_reddit,reddit,train,1,"Everyone knows the Wendy's frosty French fry combo, amateur.",What are the weirdest food combinations that are surprisingly good? || French fries dipped in a milk shake.,2,"Everyone knows the Wendy's frosty French fry combo, amateur.",What are the weirdest food combinations that are surprisingly good? || French fries dipped in a milk shake.,60,9,1,5.555555555555555,0,0,0,0,0,0.0,0,0,0,0,0,0,0,False,17,True,0.7472222222222222,True,heuristic-high
figlang_reddit,reddit,train,1,But Geno would have at least 9 in 18 games,Fitz is AFC offensive player of the week || 3rd Player of the Week for Fitz in 18 games with the Jets.,2,But Geno would have at least 9 in 18 games,Fitz is AFC offensive player of the week || 3rd Player of the Week for Fitz in 18 games with the Jets.,42,8,1,3.75,0,0,0,0,0,0.0,0,0,0,0,0,0,0,False,20,True,1.0,True,heuristic-high
figlang_reddit,reddit,train,1,Yeah these old buildings that no longer able serve their purpose should just be demolished instead of having any sort of additions.,"Museum of Military, Dresden , by Daniel Libeskind || That man needs to stop ruining buildings.",2,Yeah these old buildings that no longer able serve their purpose should just be demolished instead of having any sort of additions.,"Museum of Military, Dresden , by Daniel Libeskind || That man needs to stop ruining buildings.",131,22,1,4.954545454545454,0,0,0,0,0,0.0,0,0,0,0,0,0,1,True,14,True,1.0,True,heuristic-high
figlang_reddit,reddit,train,1,It's expensive to ship to Australia because it's so far away.,"Steam, please let Australians use AUD (dollarydoos) already, at this point it's just being misleading! || why is it 80$ to begin with ?",2,It's expensive to ship to Australia because it's so far away.,"Steam, please let Australians use AUD (dollarydoos) already, at this point it's just being misleading! || why is it 80$ to begin with ?",61,11,1,4.545454545454546,0,0,0,0,0,0.0,0,0,0,0,0,0,0,False,21,True,0.9681818181818183,True,heuristic-high
figlang_reddit,reddit,train,1,The guy who invented Vice Magazine wouldn't have any *clue* about what it's like being an anarchist or punk or leftist,"Gavin McInnes: I'm Not A Conservative (I'm still the same anarchist punk I was when I was a teenager, and I have the tattoos to prove it.) || It's always cute to watch pseudo-Anarchists pretend that having tattoos, piercings, and some #crazyhair makes them an anarchist.",2,The guy who invented Vice Magazine wouldn't have any clue about what it's like being an anarchist or punk or leftist,"Gavin McInnes: I'm Not A Conservative (I'm still the same anarchist punk I was when I was a teenager, and I have the tattoos to prove it.) || It's always cute to watch pseudo-Anarchists pretend that having tattoos, piercings, and some crazyhair makes them an anarchist.",116,21,1,4.571428571428571,0,0,0,0,0,0.0,0,0,0,0,0,0,0,False,46,True,1.0,True,heuristic-high
figlang_reddit,reddit,train,1,Just close your eyes a little and squint.,Has anyone used one of these Reevu (Rear View equipped) Helmets? || would you be blinded if some asshole SUV/truck with halogens or high beams stayed behind you?,2,Just close your eyes a little and squint.,Has anyone used one of these Reevu (Rear View equipped) Helmets? || would you be blinded if some asshole SUV/truck with halogens or high beams stayed behind you?,41,8,1,4.125,0,0,0,0,0,0.0,0,0,0,0,0,0,0,False,28,True,1.0,True,heuristic-high
figlang_reddit,reddit,train,1,Lamo qtpie said something funny on stream let me post his sick 420 meme on reddit so I can get all the upboats xD,Imaqtpie: Piglet is not even a quarter as good as me in my prime confirmed by qtpie himself on stream || As much as I enjoy qtpies stream shitposts like this should not clutter the front page.,2,Lamo qtpie said something funny on stream let me post his sick 420 meme on reddit so I can get all the upboats xD,Imaqtpie: Piglet is not even a quarter as good as me in my prime confirmed by qtpie himself on stream || As much as I enjoy qtpies stream shitposts like this should not clutter the front page.,113,23,1,3.782608695652174,0,0,0,0,0,0.0,0,0,0,0,0,0,0,False,36,True,1.0,True,heuristic-high
figlang_reddit,reddit,train,1,"Yes, something vague, like the concept that if your calorie intake is higher than your calorie burn (think exercise), then you're going to gain weight","People in the US are consuming less calories, yet obesity continues to rise || Perhaps it's some unclear factor, other than simply calorie intake, that's playing a role here.",2,"Yes, something vague, like the concept that if your calorie intake is higher than your calorie burn (think exercise), then you're going to gain weight","People in the US are consuming less calories, yet obesity continues to rise || Perhaps it's some unclear factor, other than simply calorie intake, that's playing a role here.",150,25,1,4.84,0,0,0,0,0,0.0,0,0,0,0,0,0,0,False,28,True,1.0,True,heuristic-high
figlang_reddit,reddit,train,1,Oh but they just talked about golf and grandkids,James Comey Broke with Loretta Lynch and Justice Department Tradition || Loretta Lynch broke with Justice Department Tradition first by meeting with the husband of an investigation target during the investigation.,2,Oh but they just talked about golf and grandkids,James Comey Broke with Loretta Lynch and Justice Department Tradition || Loretta Lynch broke with Justice Department Tradition first by meeting with the husband of an investigation target during the investigation.,48,9,1,4.444444444444445,0,0,0,0,0,0.0,0,0,0,0,0,0,1,True,30,True,1.0,True,heuristic-high
figlang_reddit,reddit,train,1,"ctrl+f+""hipsters"" good comment, could've been more vitriolic though","My friend's arms look really long in this photo || I thought it was a pre 2000s picture, then I realized it was just hipsters",2,"ctrl+f+""hipsters"" good comment, could've been more vitriolic though","My friend's arms look really long in this photo || I thought it was a pre 2000s picture, then I realized it was just hipsters",67,10,1,5.5,0,0,0,0,0,0.0,0,0,1,0,0,0,0,False,24,True,0.825,True,heuristic-high
figlang_reddit,reddit,train,1,EU orgs also pay more to players and EU speak same language so communication is fantastic,OG Amazing - EU talent is twice as strong as NA || EU also as a larger playerbase and better ping across the board due to better internet structure and server location,2,EU orgs also pay more to players and EU speak same language so communication is fantastic,OG Amazing - EU talent is twice as strong as NA || EU also as a larger playerbase and better ping across the board due to better internet structure and server location,89,16,1,4.625,0,0,0,0,2,0.125,0,0,0,0,0,0,1,False,30,True,0.9234375,True,heuristic-high
figlang_reddit,reddit,train,1,"They didn't find any weed on them, so they arent monsters and it was just a prank.",Hate crime charges filed against 4 in torture of teen || I would have lost more faith in our legal system if they weren't charged.,2,"They didn't find any weed on them, so they arent monsters and it was just a prank.",Hate crime charges filed against 4 in torture of teen || I would have lost more faith in our legal system if they weren't charged.,82,17,1,3.764705882352941,0,0,0,0,0,0.0,0,0,0,0,0,0,0,False,23,True,1.0,True,heuristic-high
figlang_reddit,reddit,train,1,"Why not, he's clearly the most dangerous terrorist in the world, right?","Security Theater: 16 year old kid bypasses all security at new WTC site, makes it to top of spire || Hope they don't charge this kid with the maximum to make a ""point"" because they're embarrassed.",2,"Why not, he's clearly the most dangerous terrorist in the world, right?","Security Theater: 16 year old kid bypasses all security at new WTC site, makes it to top of spire || Hope they don't charge this kid with the maximum to make a ""point"" because they're embarrassed.",71,12,1,4.75,0,1,0,0,0,0.0,0,0,0,0,0,0,2,False,34,True,1.0,True,heuristic-high
figlang_reddit,reddit,train,1,I think Bryce Petty's injury was actually to his arm,Del Rio says Carr has a broken fibula || Unbelievable to lose two young franchise QB's to the same injury on the same day,2,I think Bryce Petty's injury was actually to his arm,Del Rio says Carr has a broken fibula || Unbelievable to lose two young franchise QB's to the same injury on the same day,52,10,1,4.3,0,0,0,0,0,0.0,0,0,0,0,0,0,0,False,23,True,1.0,True,heuristic-high
figlang_reddit,reddit,train,1,"Slave traders must be good guys, I just don't understand their jobs.","Reddit, in your opinion what is the least respectable profession and why? || ITT: People who don't understand other people's jobs.",2,"Slave traders must be good guys, I just don't understand their jobs.","Reddit, in your opinion what is the least respectable profession and why? || ITT: People who don't understand other people's jobs.",68,12,1,4.583333333333333,0,0,0,0,0,0.0,0,0,0,0,0,0,0,False,20,True,1.0,True,heuristic-high
figlang_reddit,reddit,train,1,"That was 50 years ago, maybe they've changed their 'minds'.","300+ Economists, including 3 nobel laureates, petition the US government to legalize marijuana || The government responded earlier by putting their fingers in their ears and shouting ""nananana I can't hear you!""",2,"That was 50 years ago, maybe they've changed their 'minds'.","300+ Economists, including 3 nobel laureates, petition the US government to legalize marijuana || The government responded earlier by putting their fingers in their ears and shouting ""nananana I can't hear you!""",59,9,1,5.111111111111111,0,0,0,0,0,0.0,0,0,0,0,0,0,0,False,29,True,0.9416666666666667,True,heuristic-high
figlang_reddit,reddit,train,1,What about downvoting OP for making a comment on a post I don't like?,"What rules of reddiquette do people commonly ignore? || Downvoting is supposed to be for comments that don't contribute to the discussion, not comments you disagree with.",2,What about downvoting OP for making a comment on a post I don't like?,"What rules of reddiquette do people commonly ignore? || Downvoting is supposed to be for comments that don't contribute to the discussion, not comments you disagree with.",69,14,1,3.9285714285714284,0,1,0,0,1,0.07142857142857142,0,0,0,0,0,0,0,False,26,True,1.0,True,heuristic-high
figlang_reddit,reddit,train,1,"Although I can agree with you on that point if I take Stalin and Lenin in consideration, all in all, no individual or group deserve to be bought bullied and treated like shit, even the russian","Pro-Russian candidate leads in Moldova presidential election || I still hope that Maia Sandu could win election in a second round, but in other case - every nation has the government it deserves.",2,"Although I can agree with you on that point if I take Stalin and Lenin in consideration, all in all, no individual or group deserve to be bought bullied and treated like shit, even the russian","Pro-Russian candidate leads in Moldova presidential election || I still hope that Maia Sandu could win election in a second round, but in other case - every nation has the government it deserves.",192,36,1,4.277777777777778,0,0,0,0,0,0.0,0,0,0,0,0,0,0,False,32,True,1.0,True,heuristic-high
figlang_reddit,reddit,train,1,Because surely it benefits the country if we let people who can't find a job slide into poverty and criminality,What pisses you off about your country? || The amount of socialists in my country that believe it is the job of working people to take care of people who do nothing all day,2,Because surely it benefits the country if we let people who can't find a job slide into poverty and criminality,What pisses you off about your country? || The amount of socialists in my country that believe it is the job of working people to take care of people who do nothing all day,111,20,1,4.6,0,0,0,0,0,0.0,0,0,0,0,0,0,0,False,33,True,1.0,True,heuristic-high
figlang_reddit,reddit,train,1,"No, he still identifies as male and therefore can't possibly experience real oppression.","On Being Fat, Brown, Femme, Ugly, and Unloveable--An article oozing with entitlement on many levels. || This is tumblr's version of the master race.",2,"No, he still identifies as male and therefore can't possibly experience real oppression.","On Being Fat, Brown, Femme, Ugly, and Unloveable--An article oozing with entitlement on many levels. || This is tumblr's version of the master race.",88,13,1,5.6923076923076925,0,0,0,0,0,0.0,0,0,0,0,0,0,0,False,24,True,0.9865384615384616,True,heuristic-high
figlang_reddit,reddit,train,1,"yeah, they should be in the kitchen, making sandwiches for the gaming nazis","(NSFW) Weekend College LAN Party - 8 PC's, VR, Chipotle, Killing Floor, HL2, TF2, Payday + More! || in before feminists complain about the women on the floor",2,"yeah, they should be in the kitchen, making sandwiches for the gaming nazis","(NSFW) Weekend College LAN Party - 8 PC's, VR, Chipotle, Killing Floor, HL2, TF2, Payday + More! || in before feminists complain about the women on the floor",75,13,1,4.6923076923076925,0,0,0,0,0,0.0,0,0,0,0,0,0,1,True,24,True,1.0,True,heuristic-high
figlang_reddit,reddit,train,1,"Because she's a female, brought it upon herself and ruined the name of the city and her attackers.",Movie 'Han Gong Ju' scandal based off of a true story || Why the hell would the police release her personal information (especially in a country known for blood-money) but the rapist's information was protected?,2,"Because she's a female, brought it upon herself and ruined the name of the city and her attackers.",Movie 'Han Gong Ju' scandal based off of a true story || Why the hell would the police release her personal information (especially in a country known for blood-money) but the rapist's information was protected?,98,18,1,4.388888888888889,0,0,0,0,0,0.0,0,0,0,0,0,0,0,False,35,True,1.0,True,heuristic-high
figlang_reddit,reddit,train,1,Without the southern states the negro's wouldn't have even made it to the americas obviously!,"""Southern whites are the negro's best friend, but no integration"" Nashville, Tennessee, USA 1956 || how exactly did they figure that they were ""the negro's best friend?""",2,Without the southern states the negro's wouldn't have even made it to the americas obviously!,"""Southern whites are the negro's best friend, but no integration"" Nashville, Tennessee, USA 1956 || how exactly did they figure that they were ""the negro's best friend?""",93,15,1,5.2,1,0,0,0,0,0.0,0,0,0,0,0,0,1,False,25,True,1.0,True,heuristic-high
figlang_reddit,reddit,train,1,"His failures come towards the end of the race, coincidence?","""I will push 100% and if I'm not in the points, I will retire"" || its the second time he retired shortly before the race ended so there MIGHT actually be some truth to it.",2,"His failures come towards the end of the race, coincidence?","""I will push 100% and if I'm not in the points, I will retire"" || its the second time he retired shortly before the race ended so there MIGHT actually be some truth to it.",59,10,1,4.8,0,1,0,0,0,0.0,0,0,0,0,0,0,0,False,33,True,1.0,True,heuristic-high
figlang_reddit,reddit,train,1,Yea dude his runes are just that good,"TOAN 3rd Place Global Finish AGAIN... (~64min) || Speaking of rankings, is it normal for there to be a level 18 ranked first on TOAH?",2,Yea dude his runes are just that good,"TOAN 3rd Place Global Finish AGAIN... (~64min) || Speaking of rankings, is it normal for there to be a level 18 ranked first on TOAH?",37,8,1,3.75,0,0,0,0,0,0.0,0,0,0,0,0,0,1,True,23,True,1.0,True,heuristic-high
figlang_reddit,reddit,train,1,Meyer is in the B1G and we all know championships for the SEC only,"If Alabama wins this Monday, that would mean only 5 different coaches have won a championship the past 10 years Saban Meyer Miles Fisher Chizik I guess I can add that 5 would be from the state of Alabama too. || One of these things is not like the others",2,Meyer is in the B1G and we all know championships for the SEC only,"If Alabama wins this Monday, that would mean only 5 different coaches have won a championship the past 10 years Saban Meyer Miles Fisher Chizik I guess I can add that 5 would be from the state of Alabama too. || One of these things is not like the others",66,15,1,3.466666666666667,0,0,0,0,1,0.06666666666666667,0,0,0,0,0,0,0,False,46,True,1.0,True,heuristic-high
figlang_reddit,reddit,train,1,You n00bies will never be 1337 hax0rz like the CEO's of AIG/BOA/Blackwater,"If money = free speech, is it not unconstitutional to force me to pay taxes? || Loopholes and clever arguments only work for the elite.",2,You n00bies will never be 1337 hax0rz like the CEO's of AIG/BOA/Blackwater,"If money = free speech, is it not unconstitutional to force me to pay taxes? || Loopholes and clever arguments only work for the elite.",74,15,1,3.6,0,0,0,0,3,0.2,0,0,0,0,0,0,0,False,23,True,1.0,True,heuristic-high
figlang_reddit,reddit,train,1,"Yeah guys, shouldn't have asked for more servers TWO years ago when there was multiple hours queue.","Trion, There needs to be a system where you can turn in a full hauler at one time, it takes too long for us to turn in these 300 abyssal attack packs 1 by 1. || shouldn't of asked for more servers at launch players fault have a nice day fam enjoy the free money :D",2,"Yeah guys, shouldn't have asked for more servers TWO years ago when there was multiple hours queue.","Trion, There needs to be a system where you can turn in a full hauler at one time, it takes too long for us to turn in these 300 abyssal attack packs 1 by 1. || shouldn't of asked for more servers at launch players fault have a nice day fam enjoy the free money :D",99,17,1,4.764705882352941,0,0,0,0,1,0.058823529411764705,0,0,0,0,0,0,1,True,52,True,0.9588235294117647,True,heuristic-high
figlang_reddit,reddit,train,1,"Yes, and if a black person wants to marry a white person, they can go to another state!",Alabama's Top Judge: State Doesn't Have to Allow Gay Marriage. || The people of Alabama should be able to choose which relationships it feels are important to their communities.,2,"Yes, and if a black person wants to marry a white person, they can go to another state!",Alabama's Top Judge: State Doesn't Have to Allow Gay Marriage. || The people of Alabama should be able to choose which relationships it feels are important to their communities.,87,18,1,3.7222222222222223,1,0,0,0,0,0.0,0,0,0,0,0,0,0,False,28,True,1.0,True,heuristic-high
figlang_reddit,reddit,train,1,But erasing all the Asian people totally solves that!,"Why Does Marvel Keep Messing Up Asian Cultures? || Cause they have a terrible orientalist legacy from like 50 years ago that they feel the need to stay loyal to, for some reason.",2,But erasing all the Asian people totally solves that!,"Why Does Marvel Keep Messing Up Asian Cultures? || Cause they have a terrible orientalist legacy from like 50 years ago that they feel the need to stay loyal to, for some reason.",53,9,1,4.888888888888889,1,0,0,0,0,0.0,0,0,0,0,0,0,1,False,31,True,1.0,True,heuristic-high
figlang_reddit,reddit,train,1,I just wish we got more of Reggie Miller,Charles Barkley offers Kobe a job on live TV || Kobe is probably the only other basketball person on the planet that I'd like to see join the crew,2,I just wish we got more of Reggie Miller,Charles Barkley offers Kobe a job on live TV || Kobe is probably the only other basketball person on the planet that I'd like to see join the crew,40,9,1,3.5555555555555554,0,0,0,0,0,0.0,0,0,0,0,0,0,0,False,28,True,1.0,True,heuristic-high
figlang_reddit,reddit,train,1,Because men never sexually assault men and women never sexually assault women.,"Prison Rape, Only a problem when it happens to Women? || women have no business in a male prison and and men have no business in a female prison.",2,Because men never sexually assault men and women never sexually assault women.,"Prison Rape, Only a problem when it happens to Women? || women have no business in a male prison and and men have no business in a female prison.",78,12,1,5.5,0,0,0,0,0,0.0,0,0,0,0,0,0,0,False,28,True,0.9416666666666667,True,heuristic-high
figlang_reddit,reddit,train,1,"No, its fine as long as you are 'joking'",My friend caught the exact moment she was hit on by a black guy || Jesus Christ there's a lot of casual racism being upvoted in this thread.,2,"No, its fine as long as you are 'joking'",My friend caught the exact moment she was hit on by a black guy || Jesus Christ there's a lot of casual racism being upvoted in this thread.,40,9,1,3.4444444444444446,0,0,0,0,0,0.0,0,0,0,0,0,0,0,False,27,True,1.0,True,heuristic-high
figlang_reddit,reddit,train,1,"Remember kids, unless you have perfect health, you don't count as a person!","TIL that monosodium glutamate (MSG) has no extraordinary negative effect on the human body, contrary to common perception || Unless you have migraines, then MSG can be a trigger food and send you spiraling into hours of pain and regret.",2,"Remember kids, unless you have perfect health, you don't count as a person!","TIL that monosodium glutamate (MSG) has no extraordinary negative effect on the human body, contrary to common perception || Unless you have migraines, then MSG can be a trigger food and send you spiraling into hours of pain and regret.",75,13,1,4.615384615384615,1,0,0,0,0,0.0,0,0,0,0,0,0,1,False,39,True,0.9865384615384616,True,heuristic-high
figlang_reddit,reddit,train,1,"No, it's totally not unethical to accept gifts before reviewing products.",Dark Souls 3 might just have the most awesome press review kit ever (Album) || Is this how you get a perfect score?,2,"No, it's totally not unethical to accept gifts before reviewing products.",Dark Souls 3 might just have the most awesome press review kit ever (Album) || Is this how you get a perfect score?,73,11,1,5.545454545454546,0,0,0,0,0,0.0,0,0,0,0,0,0,1,False,21,True,0.8886363636363637,True,heuristic-high
figlang_reddit,reddit,train,1,The 4 other people on my team are always the shittiest players and the worst people on earth for some reason.,"Other than DLC and microtransactions, what do you think is the biggest problem in video gaming today? || The other 4 people on my team.",2,The 4 other people on my team are always the shittiest players and the worst people on earth for some reason.,"Other than DLC and microtransactions, what do you think is the biggest problem in video gaming today? || The other 4 people on my team.",109,20,1,4.35,0,0,0,0,0,0.0,0,0,0,0,0,0,0,False,23,True,1.0,True,heuristic-high
figlang_reddit,reddit,train,1,"That sounds like fascism though, surely we'd never elect a fascist!","McCain: Trump's Ban May Fuel ISIS Propaganda || It's almost as if he wants to fuel more terrorists, gives him an external threat to focus on.",2,"That sounds like fascism though, surely we'd never elect a fascist!","McCain: Trump's Ban May Fuel ISIS Propaganda || It's almost as if he wants to fuel more terrorists, gives him an external threat to focus on.",67,11,1,5.0,1,0,0,0,0,0.0,0,0,0,0,0,0,0,False,25,True,0.9681818181818183,True,heuristic-high
figlang_reddit,reddit,train,1,Does windows 8 phones now have a desktop ui?,Microsoft wants you to forget Windows 8 || What about my new Windows 8 Phone?,2,Does windows 8 phones now have a desktop ui?,Microsoft wants you to forget Windows 8 || What about my new Windows 8 Phone?,44,8,1,4.25,0,1,0,0,0,0.0,0,0,0,0,0,0,0,False,12,True,1.0,True,heuristic-high
figlang_reddit,reddit,train,1,"No, if he does it he's a Nazi",For Those Decrying the Chicago Protests: XKCD on Free Speech || Thank you for accurately describing why Trump throws out protesters from his private events.,2,"No, if he does it he's a Nazi",For Those Decrying the Chicago Protests: XKCD on Free Speech || Thank you for accurately describing why Trump throws out protesters from his private events.,29,8,1,2.625,0,0,0,0,0,0.0,0,0,0,0,0,0,0,False,24,True,1.0,True,heuristic-high
figlang_reddit,reddit,train,1,"Oh you're such a rebel, no one has ever thought that before and it isn't a widely popular and barely controversial opinion at all","What is something politically incorrect you wanted to say for a long time? || If you know that a child will be severely disabled before it's born to the point where they would require 24/7 care for the rest of their lives and wouldn't even be able to think for themselves, then it's just not worth bringing that child into the world.",2,"Oh you're such a rebel, no one has ever thought that before and it isn't a widely popular and barely controversial opinion at all","What is something politically incorrect you wanted to say for a long time? || If you know that a child will be severely disabled before it's born to the point where they would require 24/7 care for the rest of their lives and wouldn't even be able to think for themselves, then it's just not worth bringing that child into the world.",129,24,1,4.375,0,0,0,0,0,0.0,0,0,0,0,0,0,1,True,60,True,1.0,True,heuristic-high
figlang_reddit,reddit,train,1,This wouldn't have happened if Blake had veterans on his team.,"Michael Eaves on Twitter ""#Clippers forward Blake Griffin injured his right hand after hitting a member of the team's equipment staff during an argument in Toronto"" || Blake is the type of vet the Sixers need, teach these young guys not to get caught on film.",2,This wouldn't have happened if Blake had veterans on his team.,"Michael Eaves on Twitter "" Clippers forward Blake Griffin injured his right hand after hitting a member of the team's equipment staff during an argument in Toronto"" || Blake is the type of vet the Sixers need, teach these young guys not to get caught on film.",62,11,1,4.636363636363637,0,0,0,0,0,0.0,0,0,0,0,0,0,0,False,45,True,1.0,True,heuristic-high
figlang_reddit,reddit,train,1,But this time *Ryan Reynolds* is confirming it!,Ryan Reynolds confirms he's set to play Deadpool || Do we need this article every other day,2,But this time Ryan Reynolds is confirming it!,Ryan Reynolds confirms he's set to play Deadpool || Do we need this article every other day,45,8,1,4.625,1,0,0,0,0,0.0,0,0,0,0,0,0,0,False,16,True,1.0,True,heuristic-high
figlang_reddit,reddit,train,1,"I'm the same way, just when I beat my kids xD","Let me help you protect your resources || I usually don't just snipe, but when I have decided to go for loot and they have trapped their th I make it look like they caused it :D",2,"I'm the same way, just when I beat my kids xD","Let me help you protect your resources || I usually don't just snipe, but when I have decided to go for loot and they have trapped their th I make it look like they caused it :D",45,11,1,3.090909090909091,0,0,0,0,0,0.0,0,0,0,0,0,0,0,False,36,True,1.0,True,heuristic-high
figlang_reddit,reddit,train,1,That's partially their own fault when Taco Bell offers 4th meal and Jack in the Box has the munchie box.,Tax havens: Super-rich 'hiding' at least $21tn || And to think millions of people go to bed hungry every night.,2,That's partially their own fault when Taco Bell offers 4th meal and Jack in the Box has the munchie box.,Tax havens: Super-rich 'hiding' at least $21tn || And to think millions of people go to bed hungry every night.,104,20,1,4.15,0,0,0,0,0,0.0,0,0,0,0,0,0,0,False,20,True,0.95625,True,heuristic-high
figlang_reddit,reddit,train,1,I bet its a one way and they didn't wanna break any rules,"Thrusting vigorously in and out until completion || Well he went in forward, should have come out forward.",2,I bet its a one way and they didn't wanna break any rules,"Thrusting vigorously in and out until completion || Well he went in forward, should have come out forward.",57,13,1,3.4615384615384617,0,0,0,0,0,0.0,0,0,0,0,0,0,0,False,17,True,1.0,True,heuristic-high
figlang_reddit,reddit,train,1,and force Google and Facebook to move to Cork,Michael Noonan: High rise building needed in Dublin to prevent city sprawling 'to Athlone' || Or expand more in Cork City instead for a change.,2,and force Google and Facebook to move to Cork,Michael Noonan: High rise building needed in Dublin to prevent city sprawling 'to Athlone' || Or expand more in Cork City instead for a change.,45,9,1,4.111111111111111,0,0,0,0,0,0.0,0,0,0,0,0,0,0,False,24,True,1.0,True,heuristic-high
figlang_reddit,reddit,train,1,"Brave stand to take here on reddit, where this opinion is unpopular and despised.",Typical children's corner in a german boook store || Not all cultures are threatened by nudity.,2,"Brave stand to take here on reddit, where this opinion is unpopular and despised.",Typical children's corner in a german boook store || Not all cultures are threatened by nudity.,81,14,1,4.714285714285714,0,0,0,0,0,0.0,0,0,0,0,0,0,0,False,15,True,1.0,True,heuristic-high
figlang_reddit,reddit,train,1,"Lebron and KD, but obviously much more skilled than either.","Jabari Parker Full Highlights 2016.11.03 vs Pacers - 27 Pts, 5 Threes! || Who would be the most accurate historical comparison for the Giannis/Jabari duo?",2,"Lebron and KD, but obviously much more skilled than either.","Jabari Parker Full Highlights 2016.11.03 vs Pacers - 27 Pts, 5 Threes! || Who would be the most accurate historical comparison for the Giannis/Jabari duo?",59,10,1,4.8,0,0,0,0,1,0.1,0,0,0,0,0,0,1,False,21,True,0.9125,True,heuristic-high
figlang_reddit,reddit,train,1,You probably should be studying if you can't spell people right,What current trend bothers you the most? || when stupid ppl get famous and get rich for being stupid,2,You probably should be studying if you can't spell people right,What current trend bothers you the most? || when stupid ppl get famous and get rich for being stupid,63,11,1,4.818181818181818,0,0,0,0,0,0.0,0,0,0,0,0,0,1,False,18,True,1.0,True,heuristic-high
figlang_reddit,reddit,train,1,Did your mom drink and smoke with you in the womb?,"""Is this girl's family just desperately poor?"" || I was so confused whether this was facebook or reddit",2,Did your mom drink and smoke with you in the womb?,"""Is this girl's family just desperately poor?"" || I was so confused whether this was facebook or reddit",50,11,1,3.5454545454545454,0,1,0,0,0,0.0,0,0,0,0,0,0,0,False,17,True,1.0,True,heuristic-high
figlang_reddit,reddit,train,1,"Shh, don't you know, they're both the same!",Republicans Plan to Roll Back Parts of the Landmark Endangered Species Act || They really are on the exact wrong side of every issue.,2,"Shh, don't you know, they're both the same!",Republicans Plan to Roll Back Parts of the Landmark Endangered Species Act || They really are on the exact wrong side of every issue.,43,8,1,4.125,1,0,0,0,0,0.0,0,0,0,0,0,0,0,False,23,True,0.978125,True,heuristic-high
figlang_reddit,reddit,train,1,"I mean, I think it's pretty obvious... Obama is a white supremacist.","Extreme right-wing site aligns Obama's policies with famous tyrants like Hitler || Whats with left wing and right wing groups comparing every politician they don't like with Hitler or Stalin, just because you disagree with someones policies doesn't mean they automatically become Hitler.",2,"I mean, I think it's pretty obvious... Obama is a white supremacist.","Extreme right-wing site aligns Obama's policies with famous tyrants like Hitler || Whats with left wing and right wing groups comparing every politician they don't like with Hitler or Stalin, just because you disagree with someones policies doesn't mean they automatically become Hitler.",68,12,2,4.333333333333333,0,0,1,1,0,0.0,0,0,0,0,0,0,0,False,43,True,1.0,True,heuristic-high
figlang_reddit,reddit,train,1,"Yes, let's give all the control to someone who's ONLY accountability is to their shareholders and their bank account!",Ending net neutrality would be disastrous for everyone || Why would you want the gov to control more things?,2,"Yes, let's give all the control to someone who's ONLY accountability is to their shareholders and their bank account!",Ending net neutrality would be disastrous for everyone || Why would you want the gov to control more things?,117,19,1,5.105263157894737,1,0,0,0,1,0.05263157894736842,0,0,0,0,0,0,0,False,18,True,1.0,True,heuristic-high
figlang_reddit,reddit,train,1,Hard to tell which ones were for the leadership challenge and which were just the normal background level of anti-Tory death threats.,"Owen Smith still receiving death threats after Labour leadership bid || Any idea if this sort of thing happened with Andrea Leadsom, or any of Theresa May's leadership rivals?",2,Hard to tell which ones were for the leadership challenge and which were just the normal background level of anti-Tory death threats.,"Owen Smith still receiving death threats after Labour leadership bid || Any idea if this sort of thing happened with Andrea Leadsom, or any of Theresa May's leadership rivals?",133,23,1,4.782608695652174,0,0,0,0,0,0.0,0,0,0,0,0,0,0,False,28,True,1.0,True,heuristic-high
figlang_reddit,reddit,train,1,"Yea, JBL and Stan Hansen were total jokes",Okada hits the Rainmaker on AJ Styles || I still find it ridiculous that someone uses a clothesline as a finisher.,2,"Yea, JBL and Stan Hansen were total jokes",Okada hits the Rainmaker on AJ Styles || I still find it ridiculous that someone uses a clothesline as a finisher.,41,8,1,4.125,0,0,0,0,1,0.125,0,0,0,0,0,0,1,True,20,True,0.86875,True,heuristic-high
figlang_reddit,reddit,train,1,Nope I'm turning on camera shake today and becoming a pro,Most recent Pro Rocket League camera settings. || You'll never see a pro playing with camera shake btw :D,2,Nope I'm turning on camera shake today and becoming a pro,Most recent Pro Rocket League camera settings. || You'll never see a pro playing with camera shake btw :D,57,11,1,4.2727272727272725,0,0,0,0,0,0.0,0,0,0,0,0,0,0,False,18,True,0.8886363636363637,True,heuristic-high
figlang_reddit,reddit,train,1,2 people moving there is like 20% right there,"US Born Population Living In State of Birth, 2008 @ Lehner 2015 || What's the draw to bring people to Delaware, Nevada and Wyoming?",2,2 people moving there is like 20% right there,"US Born Population Living In State of Birth, 2008 @ Lehner 2015 || What's the draw to bring people to Delaware, Nevada and Wyoming?",45,7,1,4.714285714285714,0,0,0,0,0,0.0,0,0,0,0,0,0,1,False,20,True,1.0,True,heuristic-high
figlang_reddit,reddit,train,1,"Their team was dismantled during the summer, if you didn't know..",Real Madrid 1 - 2 Atletico Madrid || Atletico will fall anytime soon Part II,2,"Their team was dismantled during the summer, if you didn't know..",Real Madrid 1 - 2 Atletico Madrid || Atletico will fall anytime soon Part II,65,11,1,4.7272727272727275,0,0,1,1,0,0.0,0,0,0,0,0,0,0,False,11,True,1.0,True,heuristic-high
figlang_reddit,reddit,train,1,"Yes, but in Swedish society, as in American society, malnourishment is clearly a much bigger health problem than obesity.",Swedish mannequins look considerably healthier than the ones I'm used to. || being slim doesnt make you unhealthy... just sayin,2,"Yes, but in Swedish society, as in American society, malnourishment is clearly a much bigger health problem than obesity.",Swedish mannequins look considerably healthier than the ones I'm used to. || being slim doesnt make you unhealthy... just sayin,121,19,1,5.2105263157894735,0,0,0,0,0,0.0,0,0,0,0,0,0,1,False,19,True,0.9723684210526315,True,heuristic-high
figlang_reddit,reddit,train,1,Of course everything has to be made for America.,"Most Famous Australian Brand/Product By State Of Origin || I've never heard about any of those except WiFi, and the WiFi logo was most likely just designed in Australia for an American company.",2,Of course everything has to be made for America.,"Most Famous Australian Brand/Product By State Of Origin || I've never heard about any of those except WiFi, and the WiFi logo was most likely just designed in Australia for an American company.",48,9,1,4.333333333333333,0,0,0,0,0,0.0,0,0,0,0,0,0,0,False,33,True,1.0,True,heuristic-high
figlang_reddit,reddit,train,1,"You shut your whore mouth, how dare you question glorious OP's completely 100% true explanation.","Flea Market vendor has dozens of memes printed and framed for $20, figured you guys would enjoy || Uhm I'm pretty sure hes selling the frames and those and just some example photos a redditor thought would be funny to stick in them.",2,"You shut your whore mouth, how dare you question glorious OP's completely 100% true explanation.","Flea Market vendor has dozens of memes printed and framed for $20, figured you guys would enjoy || Uhm I'm pretty sure hes selling the frames and those and just some example photos a redditor thought would be funny to stick in them.",96,14,1,5.428571428571429,0,0,0,0,1,0.07142857142857142,0,0,0,0,0,0,0,False,41,True,0.8999999999999999,True,heuristic-high
figlang_reddit,reddit,train,1,Gigabyte uses non shiny boxes for amd cards which makes Nvidia superior in every way,"I got a new box too, giff karma! || How well does that box perform compared to my box?",2,Gigabyte uses non shiny boxes for amd cards which makes Nvidia superior in every way,"I got a new box too, giff karma! || How well does that box perform compared to my box?",84,15,1,4.666666666666667,0,0,0,0,0,0.0,0,0,0,0,0,0,0,False,18,True,0.8833333333333333,True,heuristic-high
figlang_reddit,reddit,train,1,"yeah, government is always more caring than family",This is Why I Hate Going To My Mom's House || You should call Adult Protective Services....she needs help OP,2,"yeah, government is always more caring than family",This is Why I Hate Going To My Mom's House || You should call Adult Protective Services....she needs help OP,50,8,1,5.25,0,0,0,0,0,0.0,0,0,0,0,0,0,1,True,20,True,0.978125,True,heuristic-high
figlang_reddit,reddit,train,1,I hate when meth and heroin dealers get put in jail because that's how they make their money.,"So Sodah just got Banned too for Account Sharing, Ridiclious yes/no? || really sucks because that is the way they make their money.",2,I hate when meth and heroin dealers get put in jail because that's how they make their money.,"So Sodah just got Banned too for Account Sharing, Ridiclious yes/no? || really sucks because that is the way they make their money.",93,18,1,4.166666666666667,0,0,0,0,0,0.0,0,0,0,0,0,0,0,False,23,True,1.0,True,heuristic-high
figlang_reddit,reddit,train,1,"But his office is apple based so it doesn't need IT because they have 0 issues ever, right?","Fridays are hard...hopefully IT don't notice that I'm taking up all of our office bandwidth. || As someone who works in IT, we're either also watching it or just don't care :D",2,"But his office is apple based so it doesn't need IT because they have 0 issues ever, right?","Fridays are hard...hopefully IT don't notice that I'm taking up all of our office bandwidth. || As someone who works in IT, we're either also watching it or just don't care :D",91,17,1,4.176470588235294,0,1,0,0,1,0.058823529411764705,0,0,0,0,0,0,1,False,32,True,1.0,True,heuristic-high
figlang_reddit,reddit,train,1,"It wouldn't, because it's not people they were sterilizing but untermenschen","Israel caught forcibly sterilizing their Ethiopian population under the guise of providing vaccinations, explaining their recent drop in birth rates || So this would be classified as genocide if I'm correct, and most people know that genocide isn't very nice.",2,"It wouldn't, because it's not people they were sterilizing but untermenschen","Israel caught forcibly sterilizing their Ethiopian population under the guise of providing vaccinations, explaining their recent drop in birth rates || So this would be classified as genocide if I'm correct, and most people know that genocide isn't very nice.",76,11,1,5.909090909090909,0,0,0,0,0,0.0,0,0,0,0,0,0,0,False,39,True,1.0,True,heuristic-high
figlang_reddit,reddit,train,1,Good thing Auburn is racist and never hired that guy.,TIL: In 2011 Kansas hired Charlie Weis over Gus Malzahn || We also hired Turner Gill after pushing Jim Harbaugh too far...he was reportedly ready to sign the contract until said he'd have to give up coaching Stanford in their bowl game.,2,Good thing Auburn is racist and never hired that guy.,TIL: In 2011 Kansas hired Charlie Weis over Gus Malzahn || We also hired Turner Gill after pushing Jim Harbaugh too far...he was reportedly ready to sign the contract until said he'd have to give up coaching Stanford in their bowl game.,53,10,1,4.3,0,0,0,0,0,0.0,0,0,0,0,0,0,0,False,41,True,1.0,True,heuristic-high
figlang_reddit,reddit,train,1,"yes but why would we want to see that, they are the most evil humans afterall.",An ambulance tries to save one but injures many in the process NSFW || Does anything good ever happen in the middle East?,2,"yes but why would we want to see that, they are the most evil humans afterall.",An ambulance tries to save one but injures many in the process NSFW || Does anything good ever happen in the middle East?,78,16,1,3.8125,0,0,0,0,0,0.0,0,0,0,0,0,0,0,False,22,True,1.0,True,heuristic-high
figlang_reddit,reddit,train,1,"Yea, 3 million voters didn't do it, it was the party forcing her on us!",Has Sanders Hurt His Party by Staying in the Race So Long? || The party has hurt itself by forcing Clinton on it's supporters.,2,"Yea, 3 million voters didn't do it, it was the party forcing her on us!",Has Sanders Hurt His Party by Staying in the Race So Long? || The party has hurt itself by forcing Clinton on it's supporters.,71,14,1,3.7857142857142856,1,0,0,0,0,0.0,0,0,0,0,0,0,1,True,23,True,1.0,True,heuristic-high
figlang_reddit,reddit,train,1,"That's *president-elect* god emperor to you, filthy peasant","This is how tyranny begins: Why will President Donald Trump continue to hold rallies? || Ignorant people are too easily pleased by the self-righteous, easy-to-digest exhortations and yammerings of their ""god emperor"".",2,"That's president-elect god emperor to you, filthy peasant","This is how tyranny begins: Why will President Donald Trump continue to hold rallies? || Ignorant people are too easily pleased by the self-righteous, easy-to-digest exhortations and yammerings of their ""god emperor"".",57,9,1,5.333333333333333,0,0,0,0,0,0.0,0,0,0,0,0,0,0,False,34,True,0.8444444444444444,True,heuristic-high
figlang_reddit,reddit,train,1,"Of course, if you were not a woman then it would not have happened.","Females of Reddit, What is the biggest fall back of being a women? || Knowing that if was raped, regardless of the scenario, there's at least one person out there who thinks it was even a LITTLE bit my fault.",2,"Of course, if you were not a woman then it would not have happened.","Females of Reddit, What is the biggest fall back of being a women? || Knowing that if was raped, regardless of the scenario, there's at least one person out there who thinks it was even a LITTLE bit my fault.",67,14,1,3.7142857142857144,0,0,0,0,0,0.0,0,0,0,0,0,0,0,False,39,True,1.0,True,heuristic-high
figlang_reddit,reddit,train,1,Because all the men were busy scooping the driveway?,"Only women showed up to work after snowstorm, Senator says || As a woman, I am not at all surprised by this news.",2,Because all the men were busy scooping the driveway?,"Only women showed up to work after snowstorm, Senator says || As a woman, I am not at all surprised by this news.",52,9,1,4.777777777777778,0,1,0,0,0,0.0,0,0,0,0,0,0,0,False,22,True,1.0,True,heuristic-high
figlang_reddit,reddit,train,1,He won't leave... he will just play for WCE.,Lyon: No guarantee Fyfe will stay with Fremantle || Freo supporters need to be on suicide watch if Fyfe leaves,2,He won't leave... he will just play for WCE.,Lyon: No guarantee Fyfe will stay with Fremantle || Freo supporters need to be on suicide watch if Fyfe leaves,44,9,2,3.5555555555555554,0,0,1,1,1,0.1111111111111111,0,0,0,0,0,0,0,False,19,True,1.0,True,heuristic-high
figlang_reddit,reddit,train,1,"But anyone who supports any universal health care system besides single-payer is a Republican, didn't you hear?","There Is a Moderate Republican in This Race, But She's Running as a Democrat || I guess Sanders is also a Republican considering their nearly identical voting records.",2,"But anyone who supports any universal health care system besides single-payer is a Republican, didn't you hear?","There Is a Moderate Republican in This Race, But She's Running as a Democrat || I guess Sanders is also a Republican considering their nearly identical voting records.",111,18,1,5.111111111111111,0,1,0,0,0,0.0,0,0,0,0,0,0,0,False,27,True,0.9416666666666667,True,heuristic-high
figlang_reddit,reddit,train,1,I'm going to guess heart attack caused by some preexisting genetic condition just like most older body builders,54 year old amateur BBer passed away less than 24 hours after NABBA World Championship in Malta || The most interesting part of this would be to hear *how* he died,2,I'm going to guess heart attack caused by some preexisting genetic condition just like most older body builders,54 year old amateur BBer passed away less than 24 hours after NABBA World Championship in Malta || The most interesting part of this would be to hear how he died,111,18,1,5.222222222222222,0,0,0,0,0,0.0,0,0,0,0,0,0,0,False,28,True,0.9416666666666667,True,heuristic-high
figlang_reddit,reddit,train,1,"It'll be the same thing, just in a different language",Taeyeon to make her official solo debut and TaeTiSeo to have their comeback by the end of this year? || I'd prefer a Japanese album to another TTS comeback,2,"It'll be the same thing, just in a different language",Taeyeon to make her official solo debut and TaeTiSeo to have their comeback by the end of this year? || I'd prefer a Japanese album to another TTS comeback,53,10,1,4.3,0,0,0,0,0,0.0,0,0,0,0,0,0,0,False,28,True,1.0,True,heuristic-high
figlang_reddit,reddit,train,1,Yeah I'm sure being a pushover like Bernie attracts the general population much more.,Trump threatens to send supporters to Sanders events: 'Be careful Bernie' || This is exactly the type of thing that will keep Trump from moving to wider appeal once the GOP primary freak-show has been settled on Tuesday.,2,Yeah I'm sure being a pushover like Bernie attracts the general population much more.,Trump threatens to send supporters to Sanders events: 'Be careful Bernie' || This is exactly the type of thing that will keep Trump from moving to wider appeal once the GOP primary freak-show has been settled on Tuesday.,85,14,1,5.071428571428571,0,0,0,0,0,0.0,0,0,0,0,0,0,2,True,38,True,0.8375,True,heuristic-high
figlang_reddit,reddit,train,1,I still believe Memphis will finally get his chance and show up big this time.,"Zlatan Ibrahimovic will serve a three-match suspension with immediate effect after he admitted an FA charge of violent conduct and accepted the standard penalty. || On the plus side, it'll be nice to see Rashford given a chance up front for a run of games.",2,I still believe Memphis will finally get his chance and show up big this time.,"Zlatan Ibrahimovic will serve a three-match suspension with immediate effect after he admitted an FA charge of violent conduct and accepted the standard penalty. || On the plus side, it'll be nice to see Rashford given a chance up front for a run of games.",78,15,1,4.2,0,0,0,0,0,0.0,0,0,0,0,0,0,0,False,45,True,1.0,True,heuristic-high
figlang_reddit,reddit,train,1,There are soooooooo many planets that the chances of meeting another player while exploring are next to nil!,"What video game was ahead of its time? || Well, No Mans Sky *tried* so hard to be ahead of its time.",2,There are soooooooo many planets that the chances of meeting another player while exploring are next to nil!,"What video game was ahead of its time? || Well, No Mans Sky tried so hard to be ahead of its time.",108,18,1,5.0,1,0,0,0,0,0.0,0,1,0,0,0,0,0,False,21,True,0.9902777777777778,True,heuristic-high
figlang_reddit,reddit,train,1,"They're totally not my thing, but God forbid someone has a different opinion!",Not to mention they've pissed off a lot of people. || Could apply to Black Veil Brides as well.,2,"They're totally not my thing, but God forbid someone has a different opinion!",Not to mention they've pissed off a lot of people. || Could apply to Black Veil Brides as well.,77,13,1,4.846153846153846,1,0,0,0,0,0.0,0,0,0,0,0,0,1,False,18,True,1.0,True,heuristic-high
figlang_reddit,reddit,train,1,"Yeah man, the constitution totally says ""I can poison any reservoir I want.""","Drinking water for 117 million Americans will be protected under new rules shielding small streams, tributaries and wetlands from pollution and development || The federal government is overstepping its constitutionally defined boundaries.",2,"Yeah man, the constitution totally says ""I can poison any reservoir I want.""","Drinking water for 117 million Americans will be protected under new rules shielding small streams, tributaries and wetlands from pollution and development || The federal government is overstepping its constitutionally defined boundaries.",76,13,1,4.615384615384615,0,0,0,0,0,0.0,0,0,1,0,0,0,2,True,30,True,1.0,True,heuristic-high
figlang_reddit,reddit,train,1,Or it could have been part of his plan along!,Chris Hadfield responds on Twitter to Texas student who brought a clock to school || This kid getting arrested might be the best thing that could have happened to him,2,Or it could have been part of his plan along!,Chris Hadfield responds on Twitter to Texas student who brought a clock to school || This kid getting arrested might be the best thing that could have happened to him,45,10,1,3.5,1,0,0,0,0,0.0,0,0,0,0,0,0,0,False,29,True,1.0,True,heuristic-high
figlang_reddit,reddit,train,1,Jobs was so in touch and that is why he was good at leading the company.,"Apple Will Reduce iPhone 7 Production By 10% in Early 2017 Due to 'Sluggish' Sales || Fire Cook, hire someone in touch with the masses.",2,Jobs was so in touch and that is why he was good at leading the company.,"Apple Will Reduce iPhone 7 Production By 10% in Early 2017 Due to 'Sluggish' Sales || Fire Cook, hire someone in touch with the masses.",72,16,1,3.5,0,0,0,0,0,0.0,0,0,0,0,0,0,0,False,21,True,1.0,True,heuristic-high
figlang_reddit,reddit,train,1,"But the UN is against Israel, our most important ally!","Donald Trump to sign executive order to dramatically reduce funding of United Nations || There's a lot of issues with the UN, but crippling them endangers global cooperation and stabilty",2,"But the UN is against Israel, our most important ally!","Donald Trump to sign executive order to dramatically reduce funding of United Nations || There's a lot of issues with the UN, but crippling them endangers global cooperation and stabilty",54,10,1,4.3,1,0,0,0,1,0.1,0,0,0,0,0,0,0,False,29,True,1.0,True,heuristic-high
figlang_reddit,reddit,train,1,I would definitely want my boss seeing me watch this during work.,"Christy Carlson Romano loses a bet with her husband, and we all win. || how is this nsfw.. they show more skin in the si swimsuit edition",2,I would definitely want my boss seeing me watch this during work.,"Christy Carlson Romano loses a bet with her husband, and we all win. || how is this nsfw.. they show more skin in the si swimsuit edition",65,12,1,4.416666666666667,0,0,0,0,0,0.0,0,0,0,0,0,0,1,False,26,True,1.0,True,heuristic-high
figlang_reddit,reddit,train,1,"Yes, SNSD are so *very* washed up, like no body even knows who they are any more!",SNSD will attend K-Con New York City on August 8 || KCON is just like an event for all the washed-up groups to turn up to for a payday,2,"Yes, SNSD are so very washed up, like no body even knows who they are any more!",SNSD will attend K-Con New York City on August 8 || KCON is just like an event for all the washed-up groups to turn up to for a payday,79,17,1,3.5294117647058822,1,0,0,0,1,0.058823529411764705,0,0,0,0,0,0,0,False,29,True,1.0,True,heuristic-high
figlang_reddit,reddit,train,1,So now you're gonna take that from them?,Michigan State Police Trooper is overpowered by 2 men (brothers); civilians stop to help trooper || First time I've ever heard music in a cop car,2,So now you're gonna take that from them?,Michigan State Police Trooper is overpowered by 2 men (brothers); civilians stop to help trooper || First time I've ever heard music in a cop car,40,8,1,4.0,0,1,0,0,0,0.0,0,0,0,0,0,0,0,False,24,True,1.0,True,heuristic-high
figlang_reddit,reddit,train,1,"But women can't help if they have sex they are just considered ""shitty locks"".",16-year-old faces statutory rape charge for having consensual sex with girl the same age as him || I guess male privilege is having to take responsibility for our actions because apparently females are incapable according to the laws,2,"But women can't help if they have sex they are just considered ""shitty locks"".",16-year-old faces statutory rape charge for having consensual sex with girl the same age as him || I guess male privilege is having to take responsibility for our actions because apparently females are incapable according to the laws,78,14,1,4.428571428571429,0,0,0,0,0,0.0,0,0,1,0,0,0,0,False,38,True,1.0,True,heuristic-high
figlang_reddit,reddit,train,1,"""Look at this entitled prick who won't let other people take his money""",The sense of entitlement is strong in this one || You mean the one who feels entitled to other people's money?,2,"""Look at this entitled prick who won't let other people take his money""",The sense of entitlement is strong in this one || You mean the one who feels entitled to other people's money?,71,13,1,4.384615384615385,0,0,0,0,0,0.0,0,0,1,0,0,0,0,False,20,True,1.0,True,heuristic-high
figlang_reddit,reddit,train,1,"""Somebody had to program the computer models to say that global warming happened!!""",To the wankers who stop paying attention when you challenge their opinion. || I feel like this until someone starts telling me how global warming isn't real because they had a cold winter.,2,"""Somebody had to program the computer models to say that global warming happened!!""",To the wankers who stop paying attention when you challenge their opinion. || I feel like this until someone starts telling me how global warming isn't real because they had a cold winter.,83,13,1,5.153846153846154,2,0,0,1,0,0.0,0,0,0,0,0,0,0,False,32,True,1.0,True,heuristic-high
figlang_reddit,reddit,train,1,"We're all from the Europes, like one big happy family.","Americans of Reddit, what would you like to know about us Europeans? || Why is no one saying what country they are from here?",2,"We're all from the Europes, like one big happy family.","Americans of Reddit, what would you like to know about us Europeans? || Why is no one saying what country they are from here?",54,10,1,4.3,0,0,0,0,0,0.0,0,0,0,0,0,0,0,False,23,True,1.0,True,heuristic-high
figlang_reddit,reddit,train,1,But then how will I know what to buy?,"What are some ""life hacks"" you've learned from being poor? || A cable package is just paying for commercials.",2,But then how will I know what to buy?,"What are some ""life hacks"" you've learned from being poor? || A cable package is just paying for commercials.",37,9,1,3.111111111111111,0,1,0,0,0,0.0,0,0,0,0,0,0,0,False,18,True,1.0,True,heuristic-high
figlang_reddit,reddit,train,1,Wait... I thought looks is all that matters.,"Off of Sad Screenshots Taken Out Of Context from Fb. || 8 mentions of her looks, 1 mention of her personality.",2,Wait... I thought looks is all that matters.,"Off of Sad Screenshots Taken Out Of Context from Fb. || 8 mentions of her looks, 1 mention of her personality.",44,8,2,4.125,0,0,1,1,0,0.0,0,0,0,0,0,0,0,False,18,True,1.0,True,heuristic-high
figlang_reddit,reddit,train,1,Suspect was resisting arrest by trying to fall down on the ground.,Police officer chokes an unresisting college student until he falls unconscious || How is he resisting arrest when his hands are cuffed behind his back and he's surrounded by three cops?,2,Suspect was resisting arrest by trying to fall down on the ground.,Police officer chokes an unresisting college student until he falls unconscious || How is he resisting arrest when his hands are cuffed behind his back and he's surrounded by three cops?,66,12,1,4.5,0,0,0,0,0,0.0,0,0,0,0,0,0,0,False,30,True,1.0,True,heuristic-high
figlang_reddit,reddit,train,1,"Oh yes, that's really going to help when total fare revenue doesn't even cover 20% of their opex.","RTA Fare Increases Now in Effect, Bleak and Baleful Horizon Stretches Far as Eye Can See || Start charging the thieves who don't pay on the healthline.",2,"Oh yes, that's really going to help when total fare revenue doesn't even cover 20% of their opex.","RTA Fare Increases Now in Effect, Bleak and Baleful Horizon Stretches Far as Eye Can See || Start charging the thieves who don't pay on the healthline.",97,17,1,4.411764705882353,0,0,0,0,0,0.0,0,0,0,0,0,0,1,True,26,True,0.9588235294117647,True,heuristic-high
figlang_reddit,reddit,train,1,"Not if you dump all your brain power into caring for others, then it's just ""nurturing""","Why women aren't Nazi's...oops, I meant alt-right. || ""They will learn through pain and consequent subjugation..."" That's....kinda rapey.",2,"Not if you dump all your brain power into caring for others, then it's just ""nurturing""","Why women aren't Nazi's...oops, I meant alt-right. || ""They will learn through pain and consequent subjugation..."" That's....kinda rapey.",87,16,1,4.3125,0,0,0,0,0,0.0,0,0,1,0,0,0,0,False,20,True,1.0,True,heuristic-high
figlang_reddit,reddit,train,1,You mean those Redditors that gave Bernie the nomination?,"Eighty-five percent of Sanders supporters intend to vote for Clinton || And that number will likely increase by November, no matter how many redditors claim otherwise.",2,You mean those Redditors that gave Bernie the nomination?,"Eighty-five percent of Sanders supporters intend to vote for Clinton || And that number will likely increase by November, no matter how many redditors claim otherwise.",57,9,1,5.333333333333333,0,1,0,0,0,0.0,0,0,0,0,0,0,0,False,26,True,0.9416666666666667,True,heuristic-high
figlang_reddit,reddit,train,1,they're red oak and mahogany stained on the inside,"Art Acevedo is staying in Austin, with a raise || Why can't the city afford to fix the windows that are still boarded up on the front of police headquarters?",2,they're red oak and mahogany stained on the inside,"Art Acevedo is staying in Austin, with a raise || Why can't the city afford to fix the windows that are still boarded up on the front of police headquarters?",50,9,1,4.666666666666667,0,0,0,0,0,0.0,0,0,0,0,0,0,0,False,29,True,0.9416666666666667,True,heuristic-high
figlang_reddit,reddit,train,1,I like paying $64 for a $50 Steam gift card,Sounds like a great deal to me || That's what it feels like for Australians :(,2,I like paying $64 for a $50 Steam gift card,Sounds like a great deal to me || That's what it feels like for Australians :(,43,8,1,3.5,0,0,0,0,0,0.0,0,0,0,0,0,0,0,False,14,True,1.0,True,heuristic-high
figlang_reddit,reddit,train,1,"Similar to how reverse racism doesn't exist, sexism can only be perpetrated by males","She has already apologized, but I think it will stay this way for awhile. || If she regularly sees a male doing the dishes then how could she think it was sexist?",2,"Similar to how reverse racism doesn't exist, sexism can only be perpetrated by males","She has already apologized, but I think it will stay this way for awhile. || If she regularly sees a male doing the dishes then how could she think it was sexist?",84,14,1,5.0,0,0,0,0,0,0.0,0,0,0,0,0,0,0,False,31,True,1.0,True,heuristic-high
figlang_reddit,reddit,train,1,I don't want to sound pedantic but that's exactly what Angela Merkel said.,"""You're sending the wrong signal to billions of people living in undemocratic states""- Angela Merkel attacks US and UK spying tactics. || They're sending the wrong signals to their own citizens",2,I don't want to sound pedantic but that's exactly what Angela Merkel said.,"""You're sending the wrong signal to billions of people living in undemocratic states""- Angela Merkel attacks US and UK spying tactics. || They're sending the wrong signals to their own citizens",74,13,1,4.6923076923076925,0,0,0,0,0,0.0,0,0,0,0,0,0,0,False,30,True,0.9865384615384616,True,heuristic-high
figlang_reddit,reddit,train,1,Because it happened in Iceland and not somewhere important like MURICA!,Icelandic MP breastfeeding her new born child during debate in parliament || And nobody reacted at all... as the world didn't stop turning.,2,Because it happened in Iceland and not somewhere important like MURICA!,Icelandic MP breastfeeding her new born child during debate in parliament || And nobody reacted at all... as the world didn't stop turning.,71,11,1,5.454545454545454,1,0,0,0,1,0.09090909090909091,0,0,0,0,0,0,0,False,22,True,1.0,True,heuristic-high
figlang_reddit,reddit,train,1,They should have put a $125 Million termination payout in each of their contracts.,Wells Fargo exec who headed up phony accounts unit walks away with $125 Million USD || ...and 5300 of the employees under her got fired.,2,They should have put a $125 Million termination payout in each of their contracts.,Wells Fargo exec who headed up phony accounts unit walks away with $125 Million USD || ...and 5300 of the employees under her got fired.,82,13,1,4.923076923076923,0,0,0,0,0,0.0,0,0,0,0,0,0,0,False,22,True,1.0,True,heuristic-high
figlang_reddit,reddit,train,1,women are delicate little flowers and the poor girl is probably traumatized by what happened.,Or you could just wake her up like a normal person would and let her know. || TL:DR just be a creepy slave dude that makes a big deal out of nothing,2,women are delicate little flowers and the poor girl is probably traumatized by what happened.,Or you could just wake her up like a normal person would and let her know. || TL:DR just be a creepy slave dude that makes a big deal out of nothing,93,15,1,5.2,0,0,0,0,0,0.0,0,0,0,0,0,0,0,False,32,True,1.0,True,heuristic-high
figlang_reddit,reddit,train,1,[The campaign actually revolves around an elite group of US marines and UK special forces sent back in time to resolve a time paradox and ensure the proper outcome of the war],"Clueless Gamer: ""Battlefield 1"" With Terry Crews || Why is there a helicopter on the thumbnail?",2,[The campaign actually revolves around an elite group of US marines and UK special forces sent back in time to resolve a time paradox and ensure the proper outcome of the war],"Clueless Gamer: ""Battlefield 1"" With Terry Crews || Why is there a helicopter on the thumbnail?",175,32,1,4.4375,0,0,0,0,2,0.0625,0,0,0,0,0,0,0,False,14,True,1.0,True,heuristic-high
figlang_reddit,reddit,train,1,Yeah but it's fun to reach on any issue if it means you can put the blame on Muslims,Danish authorities demand women-only swimming sessions used by Muslim immigrants are scrapped so 'people learn it is natural to swim together' || pretty sure women only swimming session didn't start because of muslim women,2,Yeah but it's fun to reach on any issue if it means you can put the blame on Muslims,Danish authorities demand women-only swimming sessions used by Muslim immigrants are scrapped so 'people learn it is natural to swim together' || pretty sure women only swimming session didn't start because of muslim women,84,19,1,3.473684210526316,0,0,0,0,0,0.0,0,0,0,0,0,0,1,True,34,True,1.0,True,heuristic-high
figlang_reddit,reddit,train,1,Feel free to donate me some dragon lore skins if you want me to try,"Saw the AK bait glitch post on mirage, decided to give it a try || Works better with a dragon lore or a fire serpent",2,Feel free to donate me some dragon lore skins if you want me to try,"Saw the AK bait glitch post on mirage, decided to give it a try || Works better with a dragon lore or a fire serpent",67,15,1,3.533333333333333,0,0,0,0,0,0.0,0,0,0,0,0,0,0,False,24,True,1.0,True,heuristic-high
figlang_reddit,reddit,train,1,"Well, you sexist pig, how about making HIM a sandwich?","TIL: a 2012 study showed that men who treat women the same as they treat other men, are seen as overwhelmingly sexist by both men and women. || My buddy Steve gets mad when I tell him to make me a sandwich.",2,"Well, you sexist pig, how about making HIM a sandwich?","TIL: a 2012 study showed that men who treat women the same as they treat other men, are seen as overwhelmingly sexist by both men and women. || My buddy Steve gets mad when I tell him to make me a sandwich.",54,10,1,4.2,0,1,0,0,1,0.1,0,0,0,0,0,0,1,True,40,True,1.0,True,heuristic-high
figlang_reddit,reddit,train,1,"nonsense, Louisville can't blow out a strong SEC team","Apparently Georgia is way too good to care about playing Louisville. || And people in this sub say I'm in a ""logic free zone"" for believing that Louisville will win this game by 8+",2,"nonsense, Louisville can't blow out a strong SEC team","Apparently Georgia is way too good to care about playing Louisville. || And people in this sub say I'm in a ""logic free zone"" for believing that Louisville will win this game by 8+",53,9,1,4.888888888888889,0,0,0,0,1,0.1111111111111111,0,0,0,0,0,0,0,False,32,True,0.8444444444444444,True,heuristic-high
figlang_reddit,reddit,train,1,Your comment shows that you still don't get it.,"Nearly 50% of Donald Trump voters believe Hillary Clinton is involved in pedophilia ring: poll || But remember, it's liberals who live in a bubble and who need to understand Trump voters better.",2,Your comment shows that you still don't get it.,"Nearly 50% of Donald Trump voters believe Hillary Clinton is involved in pedophilia ring: poll || But remember, it's liberals who live in a bubble and who need to understand Trump voters better.",47,9,1,4.222222222222222,0,0,0,0,0,0.0,0,0,0,0,0,0,0,False,31,True,1.0,True,heuristic-high
figlang_reddit,reddit,train,1,Come on - you mean to tell me you've never thrown a stapler at anybody?,Queensland police officer to pay stapler victim $400 || If I threw a stapler at a Queensland Sargent of Police and hit him in the face I would be convicted and jailed.,2,Come on - you mean to tell me you've never thrown a stapler at anybody?,Queensland police officer to pay stapler victim $400 || If I threw a stapler at a Queensland Sargent of Police and hit him in the face I would be convicted and jailed.,71,14,1,3.9285714285714284,0,1,0,0,0,0.0,0,0,0,0,0,0,0,False,30,True,1.0,True,heuristic-high
figlang_reddit,reddit,train,1,Oh yes the donald with all his prosperity has really brought the hellfire over us in the past 40 years.,"""The Vicious Snake""- New video read by Donald Trump || Donald Trump is a snake; do not let him in.",2,Oh yes the donald with all his prosperity has really brought the hellfire over us in the past 40 years.,"""The Vicious Snake""- New video read by Donald Trump || Donald Trump is a snake; do not let him in.",103,19,1,4.2631578947368425,0,0,0,0,0,0.0,0,0,0,0,0,0,1,True,19,True,1.0,True,heuristic-high
figlang_reddit,reddit,train,1,"But I thought the traditional punishment for cops was to downgrade the charge 3-4 levels, fail to prosecute and say it's a good thing they got fired for it?",Ex-cop gets prison after raping children while on duty || A bullet to the head rather than prison would be better.,2,"But I thought the traditional punishment for cops was to downgrade the charge 3-4 levels, fail to prosecute and say it's a good thing they got fired for it?",Ex-cop gets prison after raping children while on duty || A bullet to the head rather than prison would be better.,156,28,1,4.392857142857143,0,1,0,0,0,0.0,0,0,0,0,0,0,0,False,21,True,1.0,True,heuristic-high
figlang_reddit,reddit,train,1,The best way to attack Trump is say something/anything negative about him.,Group urges New York AG to put Trump out of business by revoking charter || The best way to attack trump is attacking his bottom line.,2,The best way to attack Trump is say something/anything negative about him.,Group urges New York AG to put Trump out of business by revoking charter || The best way to attack trump is attacking his bottom line.,74,13,1,4.6923076923076925,0,0,0,0,0,0.0,0,0,0,0,0,0,0,False,25,True,1.0,True,heuristic-high
figlang_reddit,reddit,train,1,because Suh never deserves any of those fines.,"Bart Starr's face swollen from the cold, picture from the Ice Bowl post game interview. || When men were men, and you could actually hit the QB without Suh being fined 75k.",2,because Suh never deserves any of those fines.,"Bart Starr's face swollen from the cold, picture from the Ice Bowl post game interview. || When men were men, and you could actually hit the QB without Suh being fined 75k.",46,8,1,4.75,0,0,0,0,0,0.0,0,0,0,0,0,0,0,False,31,True,1.0,True,heuristic-high
figlang_reddit,reddit,train,1,"A speaker with humorous intent on the internet has carte blanche to say whatever they want, to anyone, anywhere and anytime, and need not suffer any responsibility, consequences or disagreements whatsoever.","Misters complain about creepyPMs not dealing with their bullshit, wonders why someone would assume a PM harassing and mocking a feminist that posts here would be from a MRA || TIL: If you joke around with someone, you can never be shamed.",2,"A speaker with humorous intent on the internet has carte blanche to say whatever they want, to anyone, anywhere and anytime, and need not suffer any responsibility, consequences or disagreements whatsoever.","Misters complain about creepyPMs not dealing with their bullshit, wonders why someone would assume a PM harassing and mocking a feminist that posts here would be from a MRA || TIL: If you joke around with someone, you can never be shamed.",206,31,1,5.516129032258065,0,0,0,0,0,0.0,0,0,0,0,0,0,0,False,41,True,1.0,True,heuristic-high
figlang_reddit,reddit,train,1,"only white people have families, blacks just have illegitimate kids.","Republicans can never say they care about family values again for embracing Trump and shunning the Obamas || In the eyes of much of the GOP, family values only matter when you're white.",2,"only white people have families, blacks just have illegitimate kids.","Republicans can never say they care about family values again for embracing Trump and shunning the Obamas || In the eyes of much of the GOP, family values only matter when you're white.",68,10,1,5.7,0,0,0,0,0,0.0,0,0,0,0,0,0,0,False,32,True,1.0,True,heuristic-high
figlang_reddit,reddit,train,1,What that's all true what kind of history books you readin,"Name all the old, debunked, unpopular, or improbable theories you can think of Foxy is a good guy. || Balloon Boy Caused 9/11 The Holocaust The Columbine Massecre Port Arthur Massecre The Cancellation of Invader Zim",2,What that's all true what kind of history books you readin,"Name all the old, debunked, unpopular, or improbable theories you can think of Foxy is a good guy. || Balloon Boy Caused 9/11 The Holocaust The Columbine Massecre Port Arthur Massecre The Cancellation of Invader Zim",58,11,1,4.363636363636363,0,0,0,0,0,0.0,0,0,0,0,0,0,0,False,34,True,1.0,True,heuristic-high
figlang_reddit,reddit,train,1,Yeah it's fine if these people get killed in their war torn home country - as long as it doesn't happen in Australian waters,Melbourne doctors refusing to discharge children back into detention centres || TIL locking children in concentration camps is acceptable because no on water deaths.,2,Yeah it's fine if these people get killed in their war torn home country - as long as it doesn't happen in Australian waters,Melbourne doctors refusing to discharge children back into detention centres || TIL locking children in concentration camps is acceptable because no on water deaths.,124,23,1,4.3478260869565215,0,0,0,0,0,0.0,0,0,0,0,0,0,1,True,23,True,1.0,True,heuristic-high
figlang_reddit,reddit,train,1,I can see where your coworker's watch is relevant here.,"I don't know much about watches but can i nato strap be added to this watch? || No, but a coworker has a similar Skagen watch that can be put on a nato strap and probably look better.",2,I can see where your coworker's watch is relevant here.,"I don't know much about watches but can i nato strap be added to this watch? || No, but a coworker has a similar Skagen watch that can be put on a nato strap and probably look better.",55,10,1,4.5,0,0,0,0,0,0.0,0,0,0,0,0,0,0,False,37,True,1.0,True,heuristic-high
figlang_reddit,reddit,train,1,No GPU ever THANKS FOR THE AMAZING PORT GUYS,Saw this on the GTA IV Realistic mod video. || No way that GPU could run it at 4k,2,No GPU ever THANKS FOR THE AMAZING PORT GUYS,Saw this on the GTA IV Realistic mod video. || No way that GPU could run it at 4k,44,9,1,4.0,0,0,0,0,7,0.7777777777777778,0,0,0,0,0,0,1,False,18,True,0.9416666666666667,True,heuristic-high
figlang_reddit,reddit,train,1,"Yes, they're not used to have 20 people connecting to their store","Hitman 2 Silent Assassin is free on Square Enix's Online Store with the code FreeSilentAssassin! || Right now the store is experiencing heavy traffic but this is valid for the next two days, It is a steam key BTW.",2,"Yes, they're not used to have 20 people connecting to their store","Hitman 2 Silent Assassin is free on Square Enix's Online Store with the code FreeSilentAssassin! || Right now the store is experiencing heavy traffic but this is valid for the next two days, It is a steam key BTW.",65,11,1,4.636363636363637,0,0,0,0,0,0.0,0,0,0,0,0,0,0,False,37,True,1.0,True,heuristic-high
figlang_reddit,reddit,train,1,Obviously your lagswitch comes included with an aimbot.,What is considered a good HSR and infantry accuracy? || I have 35% hsr and hipfire exclusively LOL,2,Obviously your lagswitch comes included with an aimbot.,What is considered a good HSR and infantry accuracy? || I have 35% hsr and hipfire exclusively LOL,55,8,1,5.875,0,0,0,0,0,0.0,0,0,0,0,0,0,1,True,16,True,0.978125,True,heuristic-high
figlang_reddit,reddit,train,1,"Or sometimes a (proverbial) cigar is just a cigar Are you seriously so tinfoil-hat-y that it's not enough for the ""bad guy"" rich guys to all have secret supervillain-esque agendas, but the ones who at least look like good guys have to have them too?",Elon Musk envisons Mars colony with Geodesic domes and big underground which may be strikingly similar to Babylon 5 TV show || I feel like he knows something about the imminent demise of earth and thats why he is in a big rush to get to mars or else he's going all john galt to flee to his secret valley and hide away from the plebs he knows somehting,2,"Or sometimes a (proverbial) cigar is just a cigar Are you seriously so tinfoil-hat-y that it's not enough for the ""bad guy"" rich guys to all have secret supervillain-esque agendas, but the ones who at least look like good guys have to have them too?",Elon Musk envisons Mars colony with Geodesic domes and big underground which may be strikingly similar to Babylon 5 TV show || I feel like he knows something about the imminent demise of earth and thats why he is in a big rush to get to mars or else he's going all john galt to flee to his secret valley and hide away from the plebs he knows somehting,249,48,1,4.083333333333333,0,1,0,0,0,0.0,0,0,1,0,0,0,0,False,67,True,1.0,True,heuristic-high
figlang_reddit,reddit,train,1,Why get Ava's when range cape does the same thing?,A purely combat account with all skilling stats at 1. || That means no avas or b gloves.,2,Why get Ava's when range cape does the same thing?,A purely combat account with all skilling stats at 1. || That means no avas or b gloves.,50,10,1,4.0,0,1,0,0,0,0.0,0,0,0,0,0,0,0,False,16,True,1.0,True,heuristic-high
figlang_reddit,reddit,train,1,Because it's working so well for Europe's demography?,"In ageing Japanese village, dolls take place of dwindling population || Can't help but feel all of Japan's generation repopulation problems would be solved with a limited immigration program.",2,Because it's working so well for Europe's demography?,"In ageing Japanese village, dolls take place of dwindling population || Can't help but feel all of Japan's generation repopulation problems would be solved with a limited immigration program.",53,8,1,5.625,0,1,0,0,0,0.0,0,0,0,0,0,0,1,False,28,True,1.0,True,heuristic-high
figlang_reddit,reddit,train,1,Thank god they did all they could to repeal those cuts in the resulting seven years,Crohn's sufferer on ending life at Swiss clinic: Government cuts denied me care so I've chosen to die || In this thread - people blaming the Tories for a cut that happened in 2008.,2,Thank god they did all they could to repeal those cuts in the resulting seven years,Crohn's sufferer on ending life at Swiss clinic: Government cuts denied me care so I've chosen to die || In this thread - people blaming the Tories for a cut that happened in 2008.,83,16,1,4.25,0,0,0,0,0,0.0,0,0,0,0,0,0,0,False,31,True,1.0,True,heuristic-high
figlang_reddit,reddit,train,1,"Oo boy, Breath of Fire open world action game, can't wait.",Capcom is looking to bring back 'dormant' properties || I posted this here because this might mean Breath of Fire gets a real entry.,2,"Oo boy, Breath of Fire open world action game, can't wait.",Capcom is looking to bring back 'dormant' properties || I posted this here because this might mean Breath of Fire gets a real entry.,58,11,1,4.090909090909091,0,0,0,0,0,0.0,0,0,0,0,0,0,0,False,23,True,0.7295454545454546,True,heuristic-high
figlang_reddit,reddit,train,1,Don't you know Hillary was the snake who gave Eve the apple?,Evening Roundtable - 8/31 You can use this thread to discuss whatever is on your mind or share news articles or off topic things that would otherwise not be posted to the sub. || It's amazing how much the secretary of state is responsible for in Trump's reality.,2,Don't you know Hillary was the snake who gave Eve the apple?,Evening Roundtable - 8/31 You can use this thread to discuss whatever is on your mind or share news articles or off topic things that would otherwise not be posted to the sub. || It's amazing how much the secretary of state is responsible for in Trump's reality.,60,12,1,4.0,0,1,0,0,0,0.0,0,0,0,0,0,0,0,False,45,True,1.0,True,heuristic-high
figlang_reddit,reddit,train,1,"Well those 42% of Americans should have bootstrapped themselves and earned their own fortune, like the 6 Waltons",Wal-Mart Heirs See $9 Billion Vanish in a Day as Shares Plummet || Six Waltons have more wealth than 42% of Americans COMBINED.,2,"Well those 42% of Americans should have bootstrapped themselves and earned their own fortune, like the 6 Waltons",Wal-Mart Heirs See $9 Billion Vanish in a Day as Shares Plummet || Six Waltons have more wealth than 42% of Americans COMBINED.,112,16,1,5.625,0,0,0,0,0,0.0,0,0,0,0,0,0,1,True,21,True,1.0,True,heuristic-high
figlang_reddit,reddit,train,1,"Nah, clearly they are working harder than half of the world!","8 rich people own as much wealth as half the world, this is what late stage capitalism looks like || there's no justification to own that much wealth, particularly in a world drowning in poverty.",2,"Nah, clearly they are working harder than half of the world!","8 rich people own as much wealth as half the world, this is what late stage capitalism looks like || there's no justification to own that much wealth, particularly in a world drowning in poverty.",60,11,1,4.363636363636363,1,0,0,0,0,0.0,0,0,0,0,0,0,1,False,33,True,1.0,True,heuristic-high
figlang_reddit,reddit,train,1,"SRK, Salman khan, Saif Ali Khan had to ward off all that hatred and their homes are always under threat because hindu right wingers have written ""Make bombs not blockbusters"" on their walls","Gap's Ad With Sikh Model Waris Ahluwalia Defaced With Racist Graffiti, Drawing Incredible Response From Company || The amusing thing about this is that there are plenty of Hindu right-wingers here who - if it had been a muslim - would have written **the exact same thing** on that board.",2,"SRK, Salman khan, Saif Ali Khan had to ward off all that hatred and their homes are always under threat because hindu right wingers have written ""Make bombs not blockbusters"" on their walls","Gap's Ad With Sikh Model Waris Ahluwalia Defaced With Racist Graffiti, Drawing Incredible Response From Company || The amusing thing about this is that there are plenty of Hindu right-wingers here who - if it had been a muslim - would have written the exact same thing on that board.",189,33,1,4.636363636363637,0,0,0,0,1,0.030303030303030304,0,0,1,0,0,0,1,False,48,True,1.0,True,heuristic-high
figlang_reddit,reddit,train,1,"Somewhere, Popovich is taking out his notebook and writing this down.",Luke Walton on dealing with today's younger generation of players and how it's different than what older generations experienced || Around 27 other head coaches should be listening very closely to everything Luke is saying here,2,"Somewhere, Popovich is taking out his notebook and writing this down.",Luke Walton on dealing with today's younger generation of players and how it's different than what older generations experienced || Around 27 other head coaches should be listening very closely to everything Luke is saying here,69,11,1,5.181818181818182,0,0,0,0,0,0.0,0,0,0,0,0,0,0,False,34,True,1.0,True,heuristic-high
figlang_reddit,reddit,train,1,"We provide these tax cuts to our benevolent overlords so that perhaps they shine kindly down on us, showering us with entry level positions and reduced premiums.",The Republican Health Care Plan Includes A Tax Break For Insurance CEOs || What kind of sick country provided tax breaks for it's richest few (who lack for nothing) by denying medical care to it's poor and disabled citizens?,2,"We provide these tax cuts to our benevolent overlords so that perhaps they shine kindly down on us, showering us with entry level positions and reduced premiums.",The Republican Health Care Plan Includes A Tax Break For Insurance CEOs || What kind of sick country provided tax breaks for it's richest few (who lack for nothing) by denying medical care to it's poor and disabled citizens?,161,27,1,4.925925925925926,0,0,0,0,0,0.0,0,0,0,0,0,0,0,False,38,True,1.0,True,heuristic-high
figlang_reddit,reddit,train,1,"Because NATO has a lot to gain from pissing of Russia more, right?","Russian Artillery Units Are Firing at Ukrainian Soldiers, NATO Says || I really don't know what should I belive.",2,"Because NATO has a lot to gain from pissing of Russia more, right?","Russian Artillery Units Are Firing at Ukrainian Soldiers, NATO Says || I really don't know what should I belive.",66,13,1,4.0,0,1,0,0,1,0.07692307692307693,0,0,0,0,0,0,1,False,18,True,1.0,True,heuristic-high
figlang_reddit,reddit,train,1,because nobody is thinking of playing at 6pm EST of course!,BRIEF SERVER MAINTENANCE JAN 4TH - 3PM PST || Why do maintenance on a Wednesday in the afternoon?,2,because nobody is thinking of playing at 6pm EST of course!,BRIEF SERVER MAINTENANCE JAN 4TH - 3PM PST || Why do maintenance on a Wednesday in the afternoon?,59,11,1,4.2727272727272725,1,0,0,0,1,0.09090909090909091,0,0,0,0,0,0,0,False,16,True,1.0,True,heuristic-high
figlang_reddit,reddit,train,1,I can't imagine what that would be like.,"According to Vegas betting expert RJ Bell: 11 non-playoff teams would be favored over the Raiders (Ari, Bal, NO, Was, TB, Den, Cin, Min, Ind, Phi, and Car) || It's almost like losing your most important player hurts your chances",2,I can't imagine what that would be like.,"According to Vegas betting expert RJ Bell: 11 non-playoff teams would be favored over the Raiders (Ari, Bal, NO, Was, TB, Den, Cin, Min, Ind, Phi, and Car) || It's almost like losing your most important player hurts your chances",40,8,1,4.0,0,0,0,0,0,0.0,0,0,0,0,0,0,0,False,39,True,1.0,True,heuristic-high
figlang_reddit,reddit,train,1,"Nah brah, it's definitely the wolves, it's not like humans actions can affect the environment",The Canadian government is planning to shoot up to 184 wolves from helicopters to reduce their population and save caribou herds in western Canada || it is likely the caribou are being reduced by humans,2,"Nah brah, it's definitely the wolves, it's not like humans actions can affect the environment",The Canadian government is planning to shoot up to 184 wolves from helicopters to reduce their population and save caribou herds in western Canada || it is likely the caribou are being reduced by humans,93,15,1,5.133333333333334,0,0,0,0,0,0.0,0,0,0,0,0,0,1,False,33,True,0.9416666666666667,True,heuristic-high
figlang_reddit,reddit,train,1,"Aahh yes, there are so many feminists insisting men pay for things.","Guys of reddit, what are the most cringeworthy things women do? || Talk about how they are feminists for equality, but then say that a real man always pays for dinner.",2,"Aahh yes, there are so many feminists insisting men pay for things.","Guys of reddit, what are the most cringeworthy things women do? || Talk about how they are feminists for equality, but then say that a real man always pays for dinner.",67,12,1,4.5,0,0,0,0,0,0.0,0,0,0,0,0,0,0,False,30,True,0.9416666666666667,True,heuristic-high
figlang_reddit,reddit,train,1,"Wait, you don't want 3 variations of the seeker helmet?","Introducing our new Bravo343 personal Assault Rifle, 343 PLZ! || I will think of this skin every time I open a req pack in hopes of getting something I actually want.",2,"Wait, you don't want 3 variations of the seeker helmet?","Introducing our new Bravo343 personal Assault Rifle, 343 PLZ! || I will think of this skin every time I open a req pack in hopes of getting something I actually want.",55,9,1,4.777777777777778,0,1,0,0,0,0.0,0,0,0,0,0,0,0,False,29,True,1.0,True,heuristic-high
figlang_reddit,reddit,train,1,All that was missing was the neck beard am i right?,"TIL of Deborah Nadoolman, who was a film and theatre costume designer, responsible for the Indiana Jones' fedora, as well as Michael Jackson's red and black 'Thriller' jacket. || Not to detract from her amazing career, but putting a fedora on an American white collar worker in a film set in the late thirties feels like a no-brainer.",2,All that was missing was the neck beard am i right?,"TIL of Deborah Nadoolman, who was a film and theatre costume designer, responsible for the Indiana Jones' fedora, as well as Michael Jackson's red and black 'Thriller' jacket. || Not to detract from her amazing career, but putting a fedora on an American white collar worker in a film set in the late thirties feels like a no-brainer.",51,11,1,3.6363636363636362,0,1,0,0,0,0.0,0,0,0,0,0,0,1,False,58,True,1.0,True,heuristic-high
figlang_reddit,reddit,train,1,"I agree, we should absolutely have an OSU vs NIU championship.","33% of voters think OSU does not deserve to play in the national championship game || They're undefeated, what more could you ask of them?",2,"I agree, we should absolutely have an OSU vs NIU championship.","33% of voters think OSU does not deserve to play in the national championship game || They're undefeated, what more could you ask of them?",62,11,1,4.545454545454546,0,0,0,0,2,0.18181818181818182,0,0,0,0,0,0,1,False,23,True,0.9681818181818183,True,heuristic-high
figlang_reddit,reddit,train,1,yeah a point and click silence being taken away is completely unjustified,What is the most random nerf in patch history? || Talon silence supression when nearly no one plays him and it's not even a tier 2 midlaner.,2,yeah a point and click silence being taken away is completely unjustified,What is the most random nerf in patch history? || Talon silence supression when nearly no one plays him and it's not even a tier 2 midlaner.,73,12,1,5.166666666666667,0,0,0,0,0,0.0,0,0,0,0,0,0,1,True,25,True,0.86875,True,heuristic-high
figlang_reddit,reddit,train,1,"Ah yes, rape as a form of revenge is sooooo great.",Man charged with hate crime in vandalism of Chicago synagogue || I hope county jail lives up to the 'pokey' namesake.,2,"Ah yes, rape as a form of revenge is sooooo great.",Man charged with hate crime in vandalism of Chicago synagogue || I hope county jail lives up to the 'pokey' namesake.,50,11,1,3.4545454545454546,0,0,0,0,0,0.0,0,1,0,0,0,0,2,True,20,True,0.9681818181818183,True,heuristic-high
figlang_reddit,reddit,train,1,They should get the guys who did dragon ball GT to do book 5!,"First 2 episodes of LOK book 2 will be aired back to back, first 6 episode titles revealed + more. || They should stop after Book 4 and with the continuing popularity, have a new series with a different avatar",2,They should get the guys who did dragon ball GT to do book 5!,"First 2 episodes of LOK book 2 will be aired back to back, first 6 episode titles revealed + more. || They should stop after Book 4 and with the continuing popularity, have a new series with a different avatar",61,13,1,3.5384615384615383,1,0,0,0,1,0.07692307692307693,0,0,0,0,0,0,0,False,34,True,1.0,True,heuristic-high
figlang_reddit,reddit,train,1,"Yes, this is to symbolize a white America",How the American flag will be if trump wins || So there will be a new and thinner white stripe on the bottom?,2,"Yes, this is to symbolize a white America",How the American flag will be if trump wins || So there will be a new and thinner white stripe on the bottom?,41,8,1,4.125,0,0,0,0,0,0.0,0,0,0,0,0,0,0,False,22,True,1.0,True,heuristic-high
figlang_reddit,reddit,train,1,Because Kentucky is such a crucial battleground state,"Trump: Clinton should drop out if she loses Kentucky || If she can't beat Sanders in Kentucky, how can she hope to beat Trump?",2,Because Kentucky is such a crucial battleground state,"Trump: Clinton should drop out if she loses Kentucky || If she can't beat Sanders in Kentucky, how can she hope to beat Trump?",53,8,1,5.75,0,0,0,0,0,0.0,0,0,0,0,0,0,0,False,23,True,0.978125,True,heuristic-high
figlang_reddit,reddit,train,1,"Yeah, cause O'Leary's gonna be the one to protect public resources from privatisation",Selling off Canada's airport could result in sky-high prices || Trudeau is the single biggest factor driving O'Leary to the PMO.,2,"Yeah, cause O'Leary's gonna be the one to protect public resources from privatisation",Selling off Canada's airport could result in sky-high prices || Trudeau is the single biggest factor driving O'Leary to the PMO.,85,13,1,5.538461538461538,0,0,0,0,0,0.0,0,0,0,0,0,0,1,True,21,True,0.9865384615384616,True,heuristic-high
figlang_reddit,reddit,train,1,I wonder when they will light up the rainbow flag in solidarity for the gay people in Chechnya,Anger as Berlin refuses to light Brandenburg Gate in Russian colors after attack || Do Russians light things up for Georgians or Ukrainians that they killed/are killing?,2,I wonder when they will light up the rainbow flag in solidarity for the gay people in Chechnya,Anger as Berlin refuses to light Brandenburg Gate in Russian colors after attack || Do Russians light things up for Georgians or Ukrainians that they killed/are killing?,94,18,1,4.277777777777778,0,0,0,0,0,0.0,0,0,0,0,0,0,0,False,27,True,1.0,True,heuristic-high
figlang_reddit,reddit,train,1,This just in: bitter old dirk shitting on curry,"Dirk Nowitzki talks Mavs, Kobe, and his all-time starting 5 || Notice how Curry isn't in his all time 5",2,This just in: bitter old dirk shitting on curry,"Dirk Nowitzki talks Mavs, Kobe, and his all-time starting 5 || Notice how Curry isn't in his all time 5",47,9,1,4.222222222222222,0,0,0,0,0,0.0,0,0,0,0,0,0,0,False,18,True,1.0,True,heuristic-high
figlang_reddit,reddit,train,1,"Can my character swim or am i going to fall the the bottom of the water with even accounting for water resistance, thanks dark souls",What is the most confusing part of any video game? || Figuring out exactly what we can or cannot do in the game.,2,"Can my character swim or am i going to fall the the bottom of the water with even accounting for water resistance, thanks dark souls",What is the most confusing part of any video game? || Figuring out exactly what we can or cannot do in the game.,132,25,1,4.28,0,0,0,0,0,0.0,0,0,0,0,0,0,0,False,22,True,1.0,True,heuristic-high
figlang_reddit,reddit,train,1,Well if they didn't want to be poor why don't they just work hard and pull themselves up by their bootstraps?,Trump Says He May Freeze Subsidies to the Poor Until Democrats Repeal Obamacare || It's official: Trump's out to punish the poor.,2,Well if they didn't want to be poor why don't they just work hard and pull themselves up by their bootstraps?,Trump Says He May Freeze Subsidies to the Poor Until Democrats Repeal Obamacare || It's official: Trump's out to punish the poor.,109,21,1,4.190476190476191,0,1,0,0,0,0.0,0,0,0,0,0,0,1,True,21,True,1.0,True,heuristic-high
figlang_reddit,reddit,train,1,Did you just assume that all people have genders or a sex?,"My school has an all gender restroom || Uh, I thought the word was ""unisex""",2,Did you just assume that all people have genders or a sex?,"My school has an all gender restroom || Uh, I thought the word was ""unisex""",58,12,1,3.8333333333333335,0,1,0,0,0,0.0,0,0,0,0,0,0,0,False,14,True,1.0,True,heuristic-high
figlang_reddit,reddit,train,1,"I know, mine is the same and it takes so long to reload",Just got an infinity pistol from the warrior || That reload speed is slow for a pistol isn't it?,2,"I know, mine is the same and it takes so long to reload",Just got an infinity pistol from the warrior || That reload speed is slow for a pistol isn't it?,55,13,1,3.230769230769231,0,0,0,0,0,0.0,0,0,0,0,0,0,0,False,18,True,1.0,True,heuristic-high
figlang_reddit,reddit,train,1,"No, but the new year TOTALLY makes this one different!",Beginning the year like it should be. || Is there not a rule that you cannot post these 3 guppy item posts anymore?,2,"No, but the new year TOTALLY makes this one different!",Beginning the year like it should be. || Is there not a rule that you cannot post these 3 guppy item posts anymore?,54,10,1,4.3,1,0,0,0,1,0.1,0,0,0,0,0,0,1,False,21,True,1.0,True,heuristic-high
figlang_reddit,reddit,train,1,But I am going to vandalize public property in India to protest this.,Muslim Dairy Queen owner installs signs comparing Hindus to monkeys || Has nothing to do with India.please post in an appropriate sub like USA or world news.,2,But I am going to vandalize public property in India to protest this.,Muslim Dairy Queen owner installs signs comparing Hindus to monkeys || Has nothing to do with India.please post in an appropriate sub like USA or world news.,69,13,1,4.3076923076923075,0,0,0,0,0,0.0,0,0,0,0,0,0,0,False,27,True,1.0,True,heuristic-high
figlang_reddit,reddit,train,1,"Sure, when cats litter it's adorable, but when I do it it's ""gross"".","What's a shallow reason you wouldn't date someone? || ate a bag of M&M's, when she was done, she just let it go out of her hand and continued walking.",2,"Sure, when cats litter it's adorable, but when I do it it's ""gross"".","What's a shallow reason you wouldn't date someone? || ate a bag of M&M's, when she was done, she just let it go out of her hand and continued walking.",68,13,1,3.923076923076923,0,0,0,0,0,0.0,0,0,1,0,0,0,1,True,30,True,1.0,True,heuristic-high
figlang_reddit,reddit,train,1,But it would be more fiscally conservative if they just died or killed themselves.,"Welfare Makes America More Entrepreneurial: Research shows that when governments provide citizens with economic security, they embolden them to take more risks. || You mean if the basic, practical, needs of an individual are met, they can be *free* to engage in new activities?",2,But it would be more fiscally conservative if they just died or killed themselves.,"Welfare Makes America More Entrepreneurial: Research shows that when governments provide citizens with economic security, they embolden them to take more risks. || You mean if the basic, practical, needs of an individual are met, they can be free to engage in new activities?",82,14,1,4.857142857142857,0,0,0,0,0,0.0,0,0,0,0,0,0,0,False,43,True,1.0,True,heuristic-high
figlang_reddit,reddit,train,1,Your the one balancing out their high IQs.,"Whenever someone brings up their IQ, no matter the number their argument is invalid to me || Funny how the average IQ is 100, but everyone I meet apparently has an IQ far over that.",2,Your the one balancing out their high IQs.,"Whenever someone brings up their IQ, no matter the number their argument is invalid to me || Funny how the average IQ is 100, but everyone I meet apparently has an IQ far over that.",42,8,1,4.25,0,0,0,0,0,0.0,0,0,0,0,0,0,0,False,33,True,1.0,True,heuristic-high
figlang_reddit,reddit,train,1,"Yes, and it will definitely be cheaper now!",Republicans Look to Top 50 Million Uninsured || I am in the middle class and can not wait to access private insurance again.,2,"Yes, and it will definitely be cheaper now!",Republicans Look to Top 50 Million Uninsured || I am in the middle class and can not wait to access private insurance again.,43,8,1,4.25,1,0,0,0,0,0.0,0,0,0,0,0,0,1,False,21,True,1.0,True,heuristic-high
figlang_reddit,reddit,train,1,"Well, lets have 4 coal power plants instead","Council approves 2GW mega solar project plan in Queensland || Say goodbye to 13,000 acres of farmland in the name of subsidised and unreliable power generation.",2,"Well, lets have 4 coal power plants instead","Council approves 2GW mega solar project plan in Queensland || Say goodbye to 13,000 acres of farmland in the name of subsidised and unreliable power generation.",43,7,1,4.857142857142857,0,0,0,0,0,0.0,0,0,0,0,0,0,1,True,24,True,0.8999999999999999,True,heuristic-high
figlang_reddit,reddit,train,1,Can't put a guy who gets his hair cut at supercuts on this chart,"Some of the BEST investors compared with the S&P 500 over time. || I'm probably biased from reading The Big Short recently, but shouldn't Mike Burry be on this chart and totally dominating it?",2,Can't put a guy who gets his hair cut at supercuts on this chart,"Some of the BEST investors compared with the S&P 500 over time. || I'm probably biased from reading The Big Short recently, but shouldn't Mike Burry be on this chart and totally dominating it?",64,14,1,3.642857142857143,0,0,0,0,0,0.0,0,0,0,0,0,0,0,False,33,True,1.0,True,heuristic-high
figlang_reddit,reddit,train,1,"Sir, it is racist to assume someone is not a Syrian just because he is black.",Illegal Immigrants Enraged: Demand much better housing || Can border guards no longer tell the difference between Syrians and Africans?,2,"Sir, it is racist to assume someone is not a Syrian just because he is black.",Illegal Immigrants Enraged: Demand much better housing || Can border guards no longer tell the difference between Syrians and Africans?,77,16,1,3.75,0,0,0,0,0,0.0,0,0,0,0,0,0,0,False,19,True,1.0,True,heuristic-high
figlang_reddit,reddit,train,1,"Yeah, so are the car, clothes, and house",50 Cent Tells Bankruptcy Court Piles of Cash in Photos Were Fake || That much fake cash must have cost a pretty penny.,2,"Yeah, so are the car, clothes, and house",50 Cent Tells Bankruptcy Court Piles of Cash in Photos Were Fake || That much fake cash must have cost a pretty penny.,40,8,1,3.75,0,0,0,0,0,0.0,0,0,0,0,0,0,1,True,21,True,1.0,True,heuristic-high
figlang_reddit,reddit,train,1,But the army and police will help put those uppity people in their place when the habning finally habibens.,"Libertarians are ready to fight against a tyrannical government to fight for Liberty || Y'know, we've only made the Middle East fear the sky with our attacks, I'm sure any armed revolution here will do fine for all of 12 seconds",2,But the army and police will help put those uppity people in their place when the habning finally habibens.,"Libertarians are ready to fight against a tyrannical government to fight for Liberty || Y'know, we've only made the Middle East fear the sky with our attacks, I'm sure any armed revolution here will do fine for all of 12 seconds",107,19,1,4.631578947368421,0,0,0,0,0,0.0,0,0,0,0,0,0,0,False,39,True,1.0,True,heuristic-high
figlang_reddit,reddit,train,1,How about great sci fi writers who are yet to live,"If you haven't submitted and idea for the station in New Yemba how about Leonard Nimoy Memorial? || why would Leonard Nimoy have ""memorial"" and not other currently alive people that are long dead by 3301?",2,How about great sci fi writers who are yet to live,"If you haven't submitted and idea for the station in New Yemba how about Leonard Nimoy Memorial? || why would Leonard Nimoy have ""memorial"" and not other currently alive people that are long dead by 3301?",50,11,1,3.6363636363636362,0,0,0,0,0,0.0,0,0,0,0,0,0,1,False,34,True,1.0,True,heuristic-high
figlang_reddit,reddit,train,1,Obviously he pulled his eyes out and switched them around.,Theory on the One Eyed King Maybe the King is Kaneki from the future because everyone died from Arima which is aogiri's goal to smoke out a liar. || The one eyed king's kakugan is their right eye Kaneki's kakugan is in his left so that is a no.,2,Obviously he pulled his eyes out and switched them around.,Theory on the One Eyed King Maybe the King is Kaneki from the future because everyone died from Arima which is aogiri's goal to smoke out a liar. || The one eyed king's kakugan is their right eye Kaneki's kakugan is in his left so that is a no.,58,10,1,4.8,0,0,0,0,0,0.0,0,0,0,0,0,0,1,True,48,True,1.0,True,heuristic-high
figlang_reddit,reddit,train,1,Yes then we can add Saskatoon to the long list of cities with free parking in the core.,"Ten things to expect under Saskatoon's new mayor (Hint: don't call him Your Worship) || I'd like to be able to expect to find a free parking spot downtown, will anything be done about this?",2,Yes then we can add Saskatoon to the long list of cities with free parking in the core.,"Ten things to expect under Saskatoon's new mayor (Hint: don't call him Your Worship) || I'd like to be able to expect to find a free parking spot downtown, will anything be done about this?",87,18,1,3.8333333333333335,0,0,0,0,0,0.0,0,0,0,0,0,0,0,False,34,True,1.0,True,heuristic-high
figlang_reddit,reddit,train,1,"Dude check your databooks, straight foward punch is a S-Rank forbidden technique, second to none of kakashi's techniques.","Naruto 609 - Read Naruto 609 Online - Page 1 || Really Kakashi... You're in Obito's dimension, free to take a cheap shot without Obito realizing what you're able to do... Maybe you could use one of those very few techniques that you've created... Maybe someone else's technique, such as the rasengan... Heck, you could even just pull out a kunai and take a good stab at Obito... And your choice of attack is to punch him?",2,"Dude check your databooks, straight foward punch is a S-Rank forbidden technique, second to none of kakashi's techniques.","Naruto 609 - Read Naruto 609 Online - Page 1 || Really Kakashi... You're in Obito's dimension, free to take a cheap shot without Obito realizing what you're able to do... Maybe you could use one of those very few techniques that you've created... Maybe someone else's technique, such as the rasengan... Heck, you could even just pull out a kunai and take a good stab at Obito... And your choice of attack is to punch him?",121,19,1,5.2631578947368425,0,0,0,0,0,0.0,0,0,0,0,0,0,0,False,71,True,0.8802631578947369,True,heuristic-high
figlang_reddit,reddit,train,1,So throwing them out because they're not gay is ok?,"What's a parenting method that you believe messes up kids? || Beating them, berating them, throwing them out of the house if they're gay.",2,So throwing them out because they're not gay is ok?,"What's a parenting method that you believe messes up kids? || Beating them, berating them, throwing them out of the house if they're gay.",51,10,1,4.1,0,1,0,0,0,0.0,0,0,0,0,0,0,1,False,23,True,1.0,True,heuristic-high
figlang_reddit,reddit,train,1,Before the ACA no one ever went into debt for health care.,"Gallup: Life got better for pretty much everyone under Obama || Sure, except that whole health care bullshit drowning every not-rich-as-fuck person in debt.",2,Before the ACA no one ever went into debt for health care.,"Gallup: Life got better for pretty much everyone under Obama || Sure, except that whole health care bullshit drowning every not-rich-as-fuck person in debt.",58,12,1,3.8333333333333335,0,0,0,0,1,0.08333333333333333,0,0,0,0,0,0,0,False,26,True,1.0,True,heuristic-high
figlang_reddit,reddit,train,1,"If only he had a gun to defend himself, this wouldn't have happened.",A retired prosecutor was fatally shot during an attempted robbery in Brazil || you dont draw on a drawn gun,2,"If only he had a gun to defend himself, this wouldn't have happened.",A retired prosecutor was fatally shot during an attempted robbery in Brazil || you dont draw on a drawn gun,68,13,1,4.153846153846154,0,0,0,0,0,0.0,0,0,0,0,0,0,0,False,19,True,1.0,True,heuristic-high
figlang_reddit,reddit,train,1,"Nah, Bernie needs someone who smiles *more* than Bernie does.",Bernie Sanders & Cornel West: The radical alliance that could change everything || How about Bernie Sanders & Kanye West?,2,"Nah, Bernie needs someone who smiles more than Bernie does.",Bernie Sanders & Cornel West: The radical alliance that could change everything || How about Bernie Sanders & Kanye West?,59,10,1,4.8,0,0,0,0,0,0.0,0,0,0,0,0,0,0,False,17,True,0.9125,True,heuristic-high
