dataset,platform,split,label,text_clean,context_clean,has_context,context_n_words,n_chars,n_words,n_sentences,avg_word_len,n_exclam,n_question,n_ellipsis,n_repeat_punct,n_allcaps_words,allcaps_ratio,n_emoji,n_elongation,n_scare_quotes,n_urls,n_mentions,n_hashtags,n_interjections,starts_with_interjection,n_context_turns
figlang_twitter,twitter,train,1,<USER> we've been laughing about that when his friends didn't want gov jobs . Being a billionaire is way more fun than President .,"Some advice for my liberal friends . We'll get through this . Trump legal weed <URL> || <USER> haha ! Right about now Trump is thinking , "" what the hell was I thinking . "" ThanklessJob BeCarefulWhatYouWishFor",True,30,132,22,2,4.681818181818182,0,0,0,0,1,0.045454545454545456,0,0,0,0,0,0,0,False,2.0
figlang_twitter,twitter,train,1,<USER> <USER> <USER> Not enough . Dnt blame me blame electoral college . Libs going to cry that it's rigged ? Tables have turned .,"Trump protest organizer : "" Right now the protests are about solidarity "" <URL> || <USER> <USER> Bunch of 3 - yr olds throwing a temper tantrum . If Killary had this many at the polls the outcome may have been different .",True,35,136,21,4,4.571428571428571,0,1,0,0,3,0.14285714285714285,0,0,0,0,0,0,0,False,2.0
figlang_twitter,twitter,train,1,"<USER> I just "" love "" how you get all of that "" insight "" out of a 22 second ' grab ' of video ...","And did we all notice his characteristic refusal to be wrong & trickery deflection with anecdotes : we ' ve all seen fires before , Ash Friday , seen haze when in the surf as kid ... emissions global problem - no link with current bushfires . Be assured we have all in place 1/2 auspol <URL> || Not once have I heard him acknowledge we are talking about multiple concurrent fires expected to start earlier , last longer & be more intense . Likes to focus on the one big bushfire of summer past scenario . Shyster auspol 2/2",True,86,101,20,1,3.15,0,0,1,1,1,0.05,0,0,2,0,0,0,0,False,2.0
figlang_twitter,twitter,train,1,. <USER> <USER> people disagreeing with this are very hateful and aggressive in the language they use in the comments,"We love this polite , friendly & heartfelt msg from Bob to <USER> urging them to StopFundingHate ! <URL> keepitcivil || <USER> We have finished the agreement with The Daily Mail and are not planning any future promotional activity with the newspaper",True,38,121,19,1,4.894736842105263,0,0,0,0,2,0.10526315789473684,0,0,0,0,0,0,0,False,2.0
figlang_twitter,twitter,train,1,<USER> Hilarious to see journalism org decrying fake news stories .,""" [ Trump's ] campaign posted my story about protesters getting paid $ 3,500 as fact ... I posted a fake ad on Craigslist . "" <URL> || "" Fake election news stories generated more engagement than election stories from 19 major news outlets combined . "" ... <URL>",True,35,71,10,1,5.4,0,0,0,0,1,0.1,0,0,0,0,0,0,0,False,2.0
figlang_twitter,twitter,train,1,<USER> <USER> This is what I say about Donald Trump everyday . mindblown oops,"Freedom of Speech = this person can take Dog the Bounty Hunter's words , lie and say it's me , and some folks are dum ... <URL> || <USER> I think the amount of fakenews created about you is directly related to the significance and value of your contributions",True,44,85,13,1,4.538461538461538,0,0,0,0,2,0.15384615384615385,0,0,0,0,0,0,0,False,2.0
figlang_twitter,twitter,train,1,<USER> <USER> <USER> If you read the story - it came from Ricketts if you phone the right people - you get the answer you'll be given in the New year ... Ohdearindeed notfakenews,"So the <USER> finally expel my local racist and sex worker councillor for her AntiSemitism . She should now resign and so should <USER> . Any thoughts ? <USER> Plymouth LabourAntisemitism || <USER> <USER> <USER> Oh dear Danny ... perhaps you should double-check your "" fake news "" supplier ... all is not as it seems ... <URL>",True,50,190,31,1,4.32258064516129,0,0,1,1,3,0.0967741935483871,0,0,0,0,0,0,1,False,2.0
figlang_twitter,twitter,train,1,"<USER> You don't think a "" Peru bank "" is going to do the trick ? ! 😅","1/3 The 2017 XRP bull run was fueled by FOMO investing based on a Coinbase rumor and some other speculations . There was ZERO utility . Since then , market crashed , investors got scorched , and for 2 years now , word has spread in and out of the market of how awful Crypto is . || <USER> We wont see FOMO till BTC reaches ATH . This led mainstream media to talk about it day & night and people out of this space FOMO ' d to buy affordable alts . Of course a huge government announcement XRP related or a big bank using XRP not a Peru bank would do the job as well .",True,103,71,13,2,3.4615384615384617,1,1,0,0,1,0.07692307692307693,1,0,1,0,0,0,0,False,2.0
figlang_twitter,twitter,train,1,"<USER> <USER> I'm 49 and I've just asked working class people do they know PoshPainter , they said only via Owen Jones",How Brexit unleashed demons only Labour can slay - if it gets its act together . Here's my column for the <USER> : ... <URL> || <USER> <USER> I'm 53 and I've never met any working class person or worker who has ever hear of you and your opinions . Just saying .,True,45,122,20,1,4.5,0,0,0,0,2,0.1,0,0,0,0,0,0,0,False,2.0
figlang_twitter,twitter,train,1,Perhaps I should have added . I really didn't think it was necessary . <USER>,"I wish people would stop calling SJW "" liberal "" . Real liberals like me get triggered . You wouldn't like me when I ... <URL> || <USER> When you use the word "" triggered , "" it kinda proves my point that you're an SJW . And liberal ...",True,39,79,13,2,4.538461538461538,0,0,0,0,1,0.07692307692307693,0,0,0,0,0,0,0,False,2.0
figlang_twitter,twitter,train,1,"Dudes dressed to the nine will cry "" gold-digger "" if women pursued / assumed they have big-money .",Once the human population grasps women enhancing their looks via outfit & makeup isn't to solely attract men / grounds ... <URL> || Women are sexually objectified / harassed in burkas and sweatsuits . Is the struggle that real to find a woman attractive w / o doing the most ?,True,43,99,17,1,4.411764705882353,0,0,0,0,0,0.0,0,0,1,0,0,0,0,False,2.0
figlang_twitter,twitter,train,1,<USER> Fan fact : The station is on the Isle of Dogs . alanismorrisettemoment,I have now been publicly dissed by Lord Black . My work on this good earth is done . <URL> || <USER> You mean Lord Black of a moderately used LRT stop - er I mean Crossharbour .,True,33,83,12,1,5.0,0,0,0,0,1,0.08333333333333333,0,0,0,0,0,0,0,False,2.0
figlang_twitter,twitter,train,1,<USER> Hey I really think ( not ) that because season 1 is the best thing ever so that he got something better to do .,* BREAKING NEWS * STAR TREK PICARD HAS BEEN RENEWED FOR A SECOND SEASON BEFORE AIRING THE FIRST SEASON . CBS DECLINED TO COMMENT 😂 THIS IS GOING TO BE A SHITSHOW . STARTREK STARTREKPICARD <URL> || MICHAEL CHABON WILL NOT BE SHOWRUNNER OF SEASON 2 . 😂,True,39,120,22,1,3.9545454545454546,0,0,0,0,1,0.045454545454545456,0,0,0,0,0,0,0,False,2.0
figlang_twitter,twitter,train,1,<USER> <USER> no . we must only think one way . anyone who disagrees with me is worse than pond scum and should be launched into the sun .,Maybe she ' s born with it Maybe it ' s gender dysphoria TM <URL> || <USER> I believe people can live how they want but I also believe people have the right to disagree . Both should be able to live in peace .,True,42,142,26,3,3.9615384615384617,0,0,0,0,2,0.07692307692307693,0,0,0,0,0,0,0,False,2.0
figlang_twitter,twitter,train,1,<USER> - why didnt u express this view 2 Obama 8yrs ago when he still disagreed w / gaymarriage <USER> <USER>,"Our wonderful future V . P . Mike Pence was harassed last night at the theater by the cast of Hamilton , cameras blazing.This should not happen ! || <USER> conversation is not harassment sir . And I appreciate <USER> for stopping to listen .",True,39,119,18,1,4.388888888888889,0,0,0,0,3,0.16666666666666666,0,0,0,0,0,0,0,False,2.0
figlang_twitter,twitter,train,1,"<USER> <USER> So their "" leaks "" make them patriots ? Cool , so now by default , wikileaks is the paradigm of patriotism",The spotlight has finally been put on the low-life leakers ! They will be caught ! || <USER> Low-life leakers to U ; patriots to us . Those low-life leakers have relevant news . & possibly impeachable offense against U !,True,36,124,19,1,4.631578947368421,0,1,0,0,2,0.10526315789473684,0,0,1,0,0,0,0,False,2.0
figlang_twitter,twitter,train,1,<USER> <USER> <USER> But Brum is handier for me than London ! Can stay over with UKIP dad !,"I love the assumption that nobody will be arsed to travel to Birmingham . WomensMarch <USER> <URL> || <USER> <USER> <USER> They're going to have to close the M5 , M6 , M40 , M42 , and half the railway network . Good luck !",True,37,97,17,2,3.823529411764706,2,0,0,0,4,0.23529411764705882,0,0,0,0,0,0,0,False,2.0
figlang_twitter,twitter,train,1,<USER> <USER> irony__ Atleast they don't need advice on carrer & leave abt love & marriage . _,"To be honest , I didn't knew Pakistan has so many internet users before I joined Twitter . 😇 <USER> <USER> <URL> || <USER> May be they want to get your advices on marriage , careers , love etc . 😊 <USER>",True,34,100,14,1,4.785714285714286,0,0,0,0,2,0.14285714285714285,0,0,0,0,0,0,0,False,2.0
figlang_twitter,twitter,train,1,"<USER> <USER> : it should read , "" You could start an economic collapse or , worse , a nuclear war with a typo . ""","So to all Americans , in every city near and far , small and large , from mountain to mountain ... <URL> || <USER> Careful tweeting , Mr . Trump . You could start an economic collapse with a typo or worse , a nuclear war .",True,37,118,19,1,4.105263157894737,0,0,0,0,2,0.10526315789473684,0,0,0,0,0,0,0,False,2.0
figlang_twitter,twitter,train,1,<USER> <USER> <USER> Wait the former teacher is a corporate cut-out . But the Russian backed billionaire isn't ..,"* record scratch * * freeze frame * Yup , that ' s me . You ' re probably wondering how I ended up in this situation . <URL> || <USER> <USER> Trump will treat this corporate cutout like a little boy ...",True,34,119,18,2,4.722222222222222,0,0,1,1,3,0.16666666666666666,0,0,0,0,0,0,0,False,2.0
figlang_twitter,twitter,train,1,<USER> <USER> funny how the majority who voted leave were old people as opposed to young,The Government has suffered a Brexit Bill defeat in the House of Lords over guaranteeing the rights of EU national ... <URL> || <USER> daft old headed bigots voting against the will of the people,True,33,92,16,1,4.3125,0,0,0,0,2,0.125,0,0,0,0,0,0,0,False,2.0
figlang_twitter,twitter,train,1,"<USER> <USER> Angry , polarizing conservative haters still insisting that the Prime Minister is divisive .","BREAKING - Looks like Prime Minister Justin Trudeau has had a long enough rest ( two weeks ) and is ready to rejoin us in Canada soon . He ' s expected to jump on a Challenger jet at 130 today and we back around 7 tonight . || <USER> His presence means nothing . All thinking will be relegated to Butts and others . Obvious Trudeau incapable of anything but parroting , and usually does it badly . Worst , most divisive leader in Canadian history . Costa Rica can have him .",True,79,110,14,1,6.071428571428571,0,0,0,0,2,0.14285714285714285,0,0,0,0,0,0,0,False,2.0
figlang_twitter,twitter,train,1,<USER> <USER> <USER> Howard Schulz BELIEVES SBUX is anti-capitalist . Thugs BELIEVE SBUX represents capitalism .,Using speech to silence marginalized communities and promote bigotry is unacceptable . Hate speech isn't welcome in our community . || <USER> Your community is the laughing stock of U . S . A . right now . Liberals destroying the liberal Starbucks ! Hilarious ! 😂 🎉,True,37,118,15,2,5.866666666666666,0,0,0,0,7,0.4666666666666667,0,0,0,0,0,0,0,False,2.0
figlang_twitter,twitter,train,1,<USER> If I had 1 million .. I would buy each and everything by paying off the bribe to Myntra Warehouse Employees 🤣 🤣 🙈 Join in guys <USER> <USER> MyntraEORS EORSGameZone IndiasBiggestFashionSale <URL>,"Contest2 Okay , now this one's gonna be interesting ! If you had 1 million rupees and had to use it all on Myntra , what would you shop for ? Tell us using MyntraEORS EORSGameZone 5 lucky winners that make us go WHOA get Myntra vouchers worth Rs . 1000 . <URL> || Come on guys ! We've still not got our winners . 1 Million is a lot ... Put your thinking caps on ! Remember , the wittiest answer wins ... Don't forget to MyntraEORS IndiasBiggestFashionSale EORSGameZone",True,73,214,29,1,5.344827586206897,0,0,1,1,4,0.13793103448275862,3,0,0,0,0,0,0,False,2.0
figlang_twitter,twitter,train,1,"<USER> Yeah ? Hah ! Yet here we are , and you're still responding .",<USER> <USER> Are you two geniuses aware that not all RTs are endorsements ? Stop picking on <USER> . Come after me . || . <USER> sorry mate I have more important things to do nothing interesting or new in ur article thing 🤔 You are not worth my time,True,44,69,11,3,4.2727272727272725,1,1,0,0,1,0.09090909090909091,0,0,0,0,0,0,1,False,2.0
figlang_twitter,twitter,train,1,"<USER> <USER> <USER> the election was rigged in her favor . Remember the polls , media pundits , & Hollywood , yet she lost","<USER> Had Clinton won , anyone believe Trump would have attended ? Or instead would he be tweeting about the election being rigged ? || <USER> <USER> He wouldn't have been invited . She's only there bc she is the wife of a former president . Not there as a sign of support",True,47,129,19,1,4.684210526315789,0,0,0,0,3,0.15789473684210525,0,0,0,0,0,0,0,False,2.0
figlang_twitter,twitter,train,1,<USER> So many followers were right ... I do need to put the hashtag on almost all my posts 🤣 😉,Whew nearly chewed up a handful of these with my Tim's ! ! ! <URL> || <USER> Only works to block I - 131 and for that to be released requires the fuel to both melt down ( practically impossible ) and escape containment . You are more likely to be killed by lightning by many orders of magnitude . No worries bro .,True,53,97,18,1,3.7777777777777777,0,0,1,1,1,0.05555555555555555,2,0,0,0,0,0,1,False,2.0
figlang_twitter,twitter,train,1,<USER> <USER> <USER> fox and friends is good wuality news unbiased,"President <USER> is being briefed constantly as he works for the American people . "" The country should feel good that this President is not going to let anything happen to anybody . "" <URL> || <USER> <USER> <USER> Correct opinion later proved by fact is still not too bad though . cnn has to walkback too often .",True,52,72,11,1,4.545454545454546,0,0,0,0,3,0.2727272727272727,0,0,0,0,0,0,0,False,2.0
figlang_twitter,twitter,train,1,<USER> says the man who writes for the sun,"If it's any help , Becchetti told the everyone at lofc last week that he wasn't selling club and he belives in players etc . Talk is cheap . || For clarification , my Talk is Cheap comment is in relation to the fact that I genuinely don't believe anything Becchetti says lofc",True,48,44,9,1,3.5555555555555554,0,0,0,0,1,0.1111111111111111,0,0,0,0,0,0,0,False,2.0
figlang_twitter,twitter,train,1,<USER> <USER> It was Trump that called it rude in a tweet .,Here's the deal . Go into a theatre ... don't be surprised to see or hear things you don't like . That's art . Don't li ... <URL> || <USER> <USER> the audience had no issue with it & neither did Pence . Only seems to be the alt right snowflakes,True,43,63,12,1,3.5,0,0,0,0,2,0.16666666666666666,0,0,0,0,0,0,0,False,2.0
figlang_twitter,twitter,train,1,<USER> Report : Tom Brady abducted by space aliens during practice . NotReally Relax,Any practice could be anyone ' s last practice . Yes . <URL> || <USER> report : tom brady struck by lighting after leaving practice .,True,21,90,12,1,5.583333333333333,0,0,0,0,1,0.08333333333333333,0,0,0,0,0,0,0,False,2.0
figlang_twitter,twitter,train,1,"<USER> Wow what an intelligent solution , why didn ' t I think about it before . I guess I should come to you only after I go to customer care team what an idiot I ' m .","<USER> has started behaving like an Indian company . I ordered a spray pump which was supposed to be delivered to me on 19th Dec under prime delivery service . I had to call delivery agent to check delivery time , he said 2 hours . Today is 21st yet no trace of parcel . <USER> || <USER> Apologies for the delayed delivery of your order . Have you tried reaching out to our support team here : <URL> JS",True,71,171,36,2,3.5,0,0,0,0,1,0.027777777777777776,0,0,0,0,0,0,1,False,2.0
figlang_twitter,twitter,train,1,<USER> <USER> uh huh ... speaking about a special kind of stupid,"Sign your name if you think no president , including Trump , should be able to go to war without a vote in Congress <URL> || <USER> u r special aren't u ? Act of Congress is required for a declaration of war",True,39,68,11,1,4.181818181818182,0,0,1,1,2,0.18181818181818182,0,0,0,0,0,0,1,False,2.0
figlang_twitter,twitter,train,1,"<USER> <USER> <USER> 4 more years of gridlock & the ( D ) taking up the "" party of no "" title seems great . Murrica .",It's important that we show President Trump & the republicans the same respect and cooperation that they showed President Obama . || <USER> <USER> or we could grow up and try to make things work ? Idk I'm crazy tho,True,36,125,19,2,4.052631578947368,0,0,0,0,3,0.15789473684210525,0,0,1,0,0,0,1,False,2.0
figlang_twitter,twitter,train,1,"<USER> <USER> that's what religion is wishing and waiting for . "" 2nd coming "" blah blah blah . _","When I was young , I dreaded WWIII as I knew it would destroy mankind . But this year I got to know mankind a little better . So bring it on . || <USER> this is what militant atheism can do to a man : wishing for the destruction of mankind . That's about as low as one can get .",True,54,101,15,2,4.533333333333333,0,0,0,0,2,0.13333333333333333,0,0,1,0,0,0,0,False,2.0
figlang_twitter,twitter,train,1,<USER> <USER> <USER> But that would make the Network constantly calling Trump racist ... Racist,Why was <USER> fired but <USER> allowed to stay on the air ? <USER> exposed both . JakeTheFake ... <URL> || <USER> <USER> <USER> Jake is a white male and Donna is a black female . doublestandard,True,32,101,14,1,5.142857142857143,0,0,1,1,3,0.21428571428571427,0,0,0,0,0,0,0,False,2.0
figlang_twitter,twitter,train,1,<USER> <USER> <USER> we wouldn't mind but he's dancing to the song ' some say the devil is dead ',"Well , as luck would have it , I ALREADY despised Flatley ! GomOfTheDance || <USER> <USER> begorrah and the blessings of a thousand donkeys on ye , but what did he do now ?",True,29,103,20,1,3.6,0,0,0,0,3,0.15,0,0,0,0,0,0,0,False,2.0
figlang_twitter,twitter,train,1,<USER> Stanley museum ? Is that against NCAA rules to name a building after a current student / athlete ? ? Better ask <USER> this question,Hey Iowa City peeps : What is the university building south of the university library ? || <USER> That ' s already done . Just checked the website and its actually the new Stanley Museum . They just posted multiple pics to show progress including one where is was just the open hole for the foundation .,True,51,143,22,3,4.818181818181818,0,3,0,0,3,0.13636363636363635,0,0,0,0,0,0,0,False,2.0
figlang_twitter,twitter,train,1,"<USER> hahaha even better , link says a phone mast is down in my area so reception / signal may be hit an miss , it's never been so strong","<USER> u carried out any work in the WA8 area . ? Not been able to get signal in my house for 8yrs but last 2 days msg's are sending progress || <USER> Hi Paul , that's not good , everything looks okay , please see if these steps help <URL> ?",True,44,140,27,1,3.8518518518518516,0,0,0,0,1,0.037037037037037035,0,0,0,0,0,0,0,False,2.0
figlang_twitter,twitter,train,1,"<USER> please don't call your chihuahua "" bear "" and no I won't unless you want me to make fun of you your whole life",And you better believe I ain't going to follow your little rat thing on Instagram loveyoutho <URL> || <USER> his future name is bear . And yes you will 💕 💕 💕,True,27,119,23,1,3.869565217391304,0,0,0,0,1,0.043478260869565216,0,0,1,0,0,0,0,False,2.0
figlang_twitter,twitter,train,1,"<USER> Good to receive your response . Mine was a , & its pity on us if our political veteran wishes Hillary just of gender","Just from a gender perspectives ? No wonder ! We know that our leaders understanding is limited to gender , caste and ... <URL> || <USER> I will be happy Mukunda sir , if you will elaborate the wider prospects in world polity of this election . I know my limitations .",True,44,125,22,1,4.2727272727272725,0,0,0,0,1,0.045454545454545456,0,0,0,0,0,0,0,False,2.0
figlang_twitter,twitter,train,1,"<USER> <USER> And to my amazement , he's a ClimateChangeDenier , as well as a CryptoAustrian . A multi-purpose troll : buy one , get one free ! P . s . warning for you , since you're American as well .",For the international accounts following me : Australia currently has hundreds of climate crisis-induced mega-fires burning across the country . || <USER> <USER> How can fire be caused by political campaign ?,True,30,209,33,5,4.393939393939394,1,0,0,0,2,0.06060606060606061,0,0,0,0,0,0,2,False,2.0
figlang_twitter,twitter,train,1,<USER> <USER> How very intolerant of you not to tolerate Trump supporters .,<USER> <USER> <USER> - The intolerance of the Trump haters is just ridiculous . || <USER> The intolerance of Trump supporters are just ridiculous . They support a man with racist and sexist values . Outdated .,True,31,79,12,1,4.833333333333333,0,0,0,0,2,0.16666666666666666,0,0,0,0,0,0,0,False,2.0
figlang_twitter,twitter,val,1,<USER> Fox News and TMZ . __ stellar reporting there & PS u can take <USER> off your list . She's too busy having baby mama drama,🤔 how has your potus NOT acted presidential in 8 years ? Because comparing that to Putins lover is laughable . <URL> || <USER> Here's a couple examples for you . And in the famous words of your side lately : He's not my POTUS . <URL>,True,39,133,23,2,4.086956521739131,0,0,0,0,4,0.17391304347826086,0,0,0,0,0,0,0,False,2.0
figlang_twitter,twitter,train,1,"<USER> Yes , how dare someone who killed a young man , fled the country and refuse to return to face what she did , be "" helpful "" She KILLED someone at the beginning of their adulthood . A family no longer have a loved one at their Christmas table because of her","The Crown Prosecution Service has charged U . S . diplomat's wife Anne Sacoolas with causing death by dangerous driving in connection with the death of 19 - year-old Harry Dunn || The U . S . State Department says the UK's decision to charge Anne Sacoolas is disappointing , unhelpful and will not bring a resolution closer",True,51,265,48,1,4.208333333333333,0,0,0,0,2,0.041666666666666664,0,0,1,0,0,0,0,False,2.0
figlang_twitter,twitter,train,1,<USER> <USER> but you won't hear about that . Doesn't fit the biased CNN narrative or further their agenda ... as a news org,A protest at Ohio State was interrupted after an anti-Trump protester was tackled while making a speech ... <URL> || <USER> OH Please . The Anti Trump protesters are beating Trump supporters left and right not to mention fires and looting ! !,True,39,128,22,2,4.2272727272727275,0,0,1,1,3,0.13636363636363635,0,0,0,0,0,0,0,False,2.0
figlang_twitter,twitter,train,1,<USER> <USER> Totally stolen valor fakery . * This tweet delivered with,Was drinking at a friend's house last night and saw this up by his bar . I always forget I souvenired it to him a few years back but it's a pleasant surprise . <URL> || <USER> When you get your foreign jump wings in CONUS it's like drinking diet Irish Whiskey . Where are your Thai wings ?,True,54,75,10,1,5.4,0,0,0,0,2,0.2,0,0,0,0,0,0,1,False,2.0
figlang_twitter,twitter,val,1,<USER> <USER> trump has avoided taxes that long because of legislation bill Clinton had passed,BREAKING : Judge orders unsealing of search warrant in Clinton email probe <URL> || <USER> WHILE YOU'RE AT IT .. LOOK INTO WHY TRUMP HASN'T PAID HIS TAXES IN 20 YEARS . ELECTION IS OVER WITH NOW,True,32,98,15,1,5.066666666666666,0,0,0,0,2,0.13333333333333333,0,0,0,0,0,0,0,False,2.0
figlang_twitter,twitter,train,1,<USER> <USER> The tories will be largely responsible for a united ireland should it happen .,"Yet again time to remind people that it is the British border in Ireland . It is not the Irish border . "" United Ireland "" is trending on twitter in the UK right now . || <USER> <USER> I think it ' s inevitable , don ' t you ? || <USER> <USER> Absolutely - have said so since the referendum - the tories will cut ties soon I imagine",True,60,96,15,1,4.8,0,0,0,0,2,0.13333333333333333,0,0,0,0,0,0,0,False,3.0
figlang_twitter,twitter,train,1,"<USER> & these are the people who call us ' libtards ' , ' snowflakes ' , & tell us to run off to our safespaces . .","Can the DearBlackPeople crowd just watch the movie DearWhitePeople . It's not what you think . Zero need to insult a whole race . || <USER> their logics r ' interesting ' . I've never seen so much outrage over a title , cuz I'm sure they didn't watch the 30 sec trailer . || <USER> I'm white AF . I have been discriminated against because of my race but I'm not part of a systematically oppressed group . || <USER> it's 2017 and PoC are still being treated drastically different ... "" But hey , the title of this show is triggering "" 😧",True,87,119,22,2,3.6818181818181817,0,0,0,0,1,0.045454545454545456,0,0,0,0,0,0,0,False,4.0
figlang_twitter,twitter,train,1,"<USER> <USER> <USER> Exactly , it rather difficult to budget when there is less coming in than needs to go out . I expect a "" well get a better job "" or "" work harder . "" After all the only thing stopping anyone from being a millionaire is laziness . Last sentence","If you were born in the 1940s there was a 93 % chance you ' d be better off than your parents . By the 1990s it ' s down to a 50-50 shot and declining fast . The American dream is dying and people sense it . We need to do better for our kids . We must rewrite the rules to work for them . || <USER> id say its a LOT to do with not teaching our children basics in budgeting , living within their means and being content ... theyre constantly being sold on everything || <USER> <USER> thats 1/3 of what I listed , but teaching investment in the future is directly pointing at preparing to be in a better place than your parents , no ? Being a good steward starts with what you have ... || <USER> <USER> Oh sure , some people are frivolous with their money , but this is the 3rd time just today that I've heard someone say that people are poor , bc they don't know how to budget . So maybe I was a little quicker to comment than I may have been otherwise . || <USER> <USER> <USER> Fairly easy to figure out . Wages are same for decades , overhead has tripled , education has tripled & healthcare has tripled . All while Government expanded & taxes / regulations went up . Blame who ever you want , but the bad budgeting take is weak . The math simply does not add up .",True,224,270,46,3,4.282608695652174,0,0,0,0,3,0.06521739130434782,0,0,2,0,0,0,1,False,5.0
figlang_twitter,twitter,val,1,<USER> <USER> <USER> Why is there a random ' e ' in a sentence correcting my spelling ? _,"<USER> <USER> Surely his surname should be spelt with a ' t ' not a ' d ' 🤣 || <USER> <USER> <USER> And it took you 2 days to come up with that ? ? ? Away back to sleep lol || <USER> <USER> <USER> it took me 2 secs not sure why u think it took me 2 days . Oh and you e spelt "" girl "" wrong",True,59,95,17,1,3.7058823529411766,0,1,0,0,3,0.17647058823529413,0,0,0,0,0,0,0,False,3.0
figlang_twitter,twitter,val,1,"<USER> aw you called me a snowflake , a term used for liberals who are crying about everything , which is what you started doing .","Only in America can boycottbudwiser be trending . The people who complain about pressing 1 for English can't even spell America's beer . || <USER> you believe it's America's beer ? It's owned by Belgium . It's crappy beer . Only reason this is trending is nasty liberals || <USER> well if you must know , I think it's crappy beer , too , snowflake",True,54,132,23,1,4.3478260869565215,0,0,0,0,1,0.043478260869565216,0,0,0,0,0,0,0,False,3.0
figlang_twitter,twitter,train,1,"<USER> I haven ' t had many conversations with players about our politics , but I remember being at breakfast at a NORCECA while Trump ( as a candidate ) was screaming about how the rest of the world was laughing at us . Then all the international players in the room started laughing .",""" <USER> is not electable , "" say people who did not say this about Kerry , Gore , and Hillary Clinton . || <USER> If President Trump is electable , I ' d have to think that any adult with a pulse is also electable . ( However I don ' t think Bernie would win ) || <USER> With help of FB & Tw , full of foreign bots & trolls , Trump was electable . That + 20 years of wingnut Fox TV & talk radio . For Dems , it ' s turnout . Young people are energized for Bernie & olders will vote against Trump . Bernie or Liz beats Trump . Except on Ivanka voting machines . || <USER> I HOPE that you ' re right , but I don ' t think you are . || <USER> After 2016 , all predictions are 🤷 🏼 ♂ ️ . As always , it ' ll come down to small # s of votes in swing states . But I think , in this polarized pol climate , there aren ' t many indies & undecideds . It ' s more about who votes or doesn ' t than for whom . Do int ' l bvb players talk politics on tour ?",True,171,288,50,2,4.5,0,0,0,0,2,0.04,0,0,0,0,0,0,0,False,5.0
figlang_twitter,twitter,train,1,"<USER> <USER> <USER> Dang ! You have just discovered my secret , what am i going to do now . 😳 <URL>","Darling , we hit your nerve ? ! Christmas alone sucks but that's karma ! Your husband has his family , you not ! || <USER> She is in Canada with Hazard . It has been confirmed by BP and Scoobie Doo . You said she was denied entry ... || <USER> <USER> <USER> Yes , of course , anyone with any common sense believes Sussexes are in Canada , like said ( & she IS in a position to know that ) . Nice try , though . || <USER> <USER> <USER> Yet it wasnt released on official Buckingham Palace letter head , and nothing else . Just words and a spokeswoman ... looks like gaslighting to me . Nice try though || <USER> <USER> <USER> You think TP1 , DD , & Skippy are reliable sources ? "" Tick Tock Boom ! "" 🤣 🤣 🤣 How much proof on official BP letterhead , or proof of any kind , do you get from them ? Zero . || <USER> <USER> <USER> I love TP and DD . If not true at least it's fun || <USER> <USER> <USER> What is fun about being lied to , made to look like a fool for believing nonsense , then DD insulting & intimidating anyone who doubts or questions the lies ? Looks like TP1 / DD lied about MM being denied entry to Canada : <URL> || <USER> <USER> <USER> I knew it was all lies coming from DD and TP1 ( who is the same person ) . I called them out on it but they sent their minions after me with insults , demands for proof and nasty DM . Well I'm the one saying BOOM now ! "" Darling "" || <USER> <USER> <USER> My fav sugarcoated cupcake again . Still angry and bitter lacking a sex life ? 😂 😂 😂 || <USER> <USER> <USER> JT is in Costa Rica so how does he know if they are in Canada ? and Why would people believe someone who takes ' donations ' from seagrams . His credibility has been shot . || <USER> <USER> <USER> How would the Head of State not know for sure when Royals are in his country ? Seriously ? ! || <USER> <USER> <USER> So when sophie visited the country last month where was her welcome on twitter ? It's got MeAgain writen all over it . <URL> || <USER> <USER> <USER> The more you try , the more you are looking like you are trying to hard , like MeAgain always fighting to cover the truth but why worry if you are correct . <URL> || <USER> <USER> <USER> Again always try for the last word a sign of a narsistic sugar . Keep up the protesting as it makes TP & DD look so much more creditable . Which is what you want right ? || <USER> <USER> <USER> Anybody stanning hard for TP1 / DD probably is TP1 / DD .",True,416,106,18,2,3.7222222222222223,1,0,0,0,4,0.2222222222222222,1,0,0,0,0,0,0,False,15.0
figlang_twitter,twitter,train,1,<USER> <USER> <USER> all bc ppl dont like traffic in their street and parking taken away,How it can be done <USER> when can we look forward to this in Tottenham ? <URL> || <USER> <USER> <USER> Definitely need this in Haringey . Could start with parts of CS1 - Broadwater Rd ? || <USER> <USER> <USER> there was a consultation but shot down by residents of 1 road . 67 % pro though || <USER> <USER> <USER> Shouldn't be allowed to scupper plan like that . Wouldn't happen in Camden .,True,63,94,16,1,4.1875,0,0,0,0,3,0.1875,0,0,0,0,0,0,0,False,4.0
figlang_twitter,twitter,train,1,<USER> wasn't my point - it's the POTUS's ( ) . ) I bet my life that no unequivocal evidence of 3M fraud votes exists . What brouhaha,"🚨 VOTER FRAUD wednesdaywisdom WATCH Obama tell illegals they can vote . Sorry <USER> but he did ! voterfraud voterID <URL> || <USER> <USER> <USER> is so corrupt - that host literally trying to mock them while trying to "" alter the ... <URL> || <USER> <USER> <USER> Extraordinary claims require extraordinary evidence . People are often swayed by what feel to be true || <USER> <USER> <USER> Claiming that there is voter fraud is most definitely not an extraordinary claim . || <USER> <USER> <USER> Millions ? And enough to sway the popular vote ? That's the embodiment of extraordinary || <USER> <USER> <USER> Don't get hung up on popular vote . Neither Hillary , nor DJT , ... <URL>",True,102,135,22,2,4.409090909090909,0,0,0,0,2,0.09090909090909091,0,0,0,0,0,0,0,False,6.0
figlang_twitter,twitter,train,1,<USER> LOL ' so negative ' Change frm what ? 3000000 0 newly created jobs ? Record period of economic growth ? <URL>,"when you did this to see how far the joke would go and now you have to deal with real world issues and codes you've ... <URL> || <USER> <USER> He was a serious candidate and will be a serious president 4 ordinary people not for Globalist who dont care about us . || <USER> <USER> Yea good luck with that . Do let us know how those economic policies of his work out for you ' ordinary ' folk || <USER> <USER> well do cranky . We could do with some spirit , everyone so negative these days . We really needed a change . Thanks Trump",True,97,118,18,3,4.388888888888889,0,3,0,0,3,0.16666666666666666,0,0,0,0,0,0,1,False,4.0
figlang_twitter,twitter,train,1,"<USER> <USER> Says the person posting memes that Democrats are communists who want to burn the constitution ... defined . Go run away Trumpkin ... go make some more out of context memes and delude yourself . I will pray for you , God Bless .","Anyone listening to Vindman stammer through this seemingly trying to remember the Catch Phrases he was well coached on should get that . He ' s a low level partisan bureaucrat and nothing more . <URL> || <USER> <USER> Bragging about how crooked the system is , showing us just how bad it is and how every democrat needs to be replaced before any real justice will take place ? Okay ... We get it . || <USER> <USER> Funny , turns out you assume Democrats are crooks but it is the Trump Republicans that have actual evidence and convictions to prove they are crooks . But hey keep believing what you want and ignoring reality , there are medications for that || <USER> <USER> Awwww shifting topics from corruption that you could not substantiate to propaganda ... how pathetic <URL> || <USER> <USER> propaganda is the lefts professional playlist made legal by Obama ... <URL> || <USER> <USER> So you blame Obama for the bill the GOP controlled House and GOP controlled Senate passed as part of the 2012 budget fight that gave us the sequester and the shutdown fight ? Got it . Makes total sense 😳 😳 😳 || <USER> <USER> So you lie too then ... <URL> GOP only had the House , not Senate ... not worth my time ... || <USER> <USER> LOL ... not worth my time doesn ' t mean I ' m running anywhere , it means you are unworthy as it ' s clear you have no issues with lying ! Not surprised lefty liars usually don ' t !",True,238,245,40,5,4.55,0,0,2,2,2,0.05,0,0,0,0,0,0,0,False,8.0
figlang_twitter,twitter,train,1,<USER> <USER> <USER> I just looked and only saw 1 . I quoted one of his tweets . Tagged it & ClassicTater,Damn . People know who he is but I don't think that's cool . <URL> || <USER> <USER> <USER> no they shouldn't have put him out there like that || <USER> <USER> <USER> no I think it's gone . It was one of the fake anons,True,41,113,18,2,4.111111111111111,0,0,0,0,3,0.16666666666666666,0,0,0,0,0,0,0,False,3.0
figlang_twitter,twitter,train,1,"<USER> <USER> <USER> I live in a bubble ? This is coming from someone who pretty exclusively follows accounts from the far left . My son just graduated and started his 1st real job . He chose from multiple offers well over $ 100k . There is opportunity out there , but you have to open your eyes .","Anti-capitalism is popular because people enjoy the feeling of uniting against a common enemy . Many activists fail to realize that true capitalism is the best way of fighting the systemic and material problems they so passionately decry . <URL> || <USER> <USER> Rich people really should be doing more for public well-being . Anti-capitalism won't stop until everyone's needs are met . || <USER> <USER> <USER> Won't stop until we END CAPITALISM because it's an evil system of wage slavery for the majority of people and it's disgusting vampiric extraction of our life force for the sociopathic neoliberal rich . || <USER> <USER> <USER> Yes , it is for real , i have been living it for some years now . There is no option to stop working even for a brief time , and no option to find better employment . It's a setup , done on purpose , to extract our labor , and it's parasitic . There is nothing natural about capitalism . || <USER> <USER> <USER> Weird . My own situation is very different . Respectfully suggest you work on building your marketable skills . || <USER> <USER> <USER> You're not seeing the reality here . You're older and you're in a bubble .",True,187,303,52,5,4.269230769230769,0,1,0,0,3,0.057692307692307696,0,0,0,0,0,0,1,False,6.0
figlang_twitter,twitter,train,1,<USER> but you have been more than happy to engage in a debate with myself over several hours because of its content ? Oh again,"<USER> <USER> <USER> again , very much not . But why does every feature on countryfile have to link to bird / wildlife crime ? || <USER> <USER> <USER> i hate it as much as you but i understand countryfile doesnt exist to focus on this issue every week || <USER> <USER> <USER> then why so much retweeting of articles on wildlife crime / BOP persecution every week || <USER> I'll give u a multi choice option before I block u : 1 ) . Because there's more of it every week . 2 ) . Block Me . 3 ) . Block Me . || <USER> but why target countryfile ? Its not a political progamne just a rural affairs programme which is broad and general || <USER> it has a segment each week looking at various issues . Do you want it to be the entire hour ... every week ..",True,126,129,24,1,4.166666666666667,0,1,0,0,1,0.041666666666666664,0,0,0,0,0,0,1,False,6.0
figlang_twitter,twitter,train,1,"<USER> <USER> <USER> I ' ve said soooo many times , sometimes on Twitter we need or because if you pick up the discussion half way though it ' s like Chinese whispers !","<USER> Sorry no racism in football is a world thing . Let's fix it and not point fingers . || <USER> Nope . It's a London club thing in the uk . In other countries it's more widely spread || <USER> <USER> I wish I could agree with you on this , but its sadly not . Me and many of my match going friends have experienced this beyond London unfortunately . || <USER> <USER> Are you asking me or telling me I haven't ? || <USER> <USER> I'm saying I've been to many liverpool games and never once heard anything that could be considered racist . || <USER> <USER> As have I , and majority of the games I have attended I haven't heard it but on the odd occasion I have . Please don't be so naive to think we don't have albeit a minority of people who will spout racist comments . || <USER> <USER> Sorry but just makes u sound like a snowflake . I have never heard of a single complaint about liverpool fans being racist . Not in the clubs nature or the fans || <USER> <USER> I'm being a snowflake because I have heard racist comments from our own fans ? And because YOU haven't heard it it definitely doesn't exist ? That is absurd comment to make ! || <USER> <USER> Nope . It's never been complained about or mentioned and you felt u heard it . Snowflake behaviour || <USER> <USER> <USER> To be fair , there was that incident last year with the family who were abused at Anfield by someone . There are dickheads everywhere . || <USER> <USER> <USER> Scousers in general , accept everyone , and because we don ' t kow tow to the Tory narrative that is engulfing the nation now we aren ' t as xenophobic as the rest of the country . But , look at the political map , even the North East is blue now ... || <USER> <USER> <USER> You do realise my original tweet was meant as an ironic pisstake right ?",True,313,174,32,1,3.96875,1,0,0,0,3,0.09375,0,1,0,0,0,0,0,False,12.0
figlang_twitter,twitter,train,1,<USER> <USER> <USER> thank you Ajay ! maybe you wanted to add ? ?,"1 / We mustn't underestimate the risk of today's marijuana for teens , young adults & even older adults In our surveys with homeless people - quitting WEED is an issue they are * inscribing in the margins * of our survey forms as a key concern . Good article : <URL> || 2 / I offer this with appreciation that it may yet turn out that marijuana can play a role that is helpful for some people with pain . I reject simplistic narratives . This is a nice piece including reflection from <USER> <URL> || 3 / I have previously published data that low-level long-term marijuana use was ( a ) not associated with loss of lung function , but ( b ) WAS associated with some decline in short-term memory <URL> <URL> || 4 / And incidentally , the notion that we will replace opioids with marijuana , is not a view I find compelling on the merits . See <USER> and <USER> here : <URL> || 5 / reflections , including criticisms of what I have offered , are welcome ! <USER> <USER> <USER> || <USER> <USER> <USER> The idea that cannabis is somehow super-potent now is complete nonsense . It is embarrassing that supposedly serious people keep bringing this up . Humans have been blazing dank buds for thousands of years . This Chinese shaman was smoking potent cannabis back in 600 BC ! <URL> || <USER> <USER> <USER> Right ! ! ! Everyone who is critical of cannabis is ignorant ! <URL>",True,216,71,11,3,3.909090909090909,1,2,0,0,3,0.2727272727272727,0,0,0,0,0,0,0,False,7.0
figlang_twitter,twitter,train,1,<USER> It's a thing called self-employed It's a new concept Who pays yours ? Dinny ? Talk about PostTruth,"<USER> about to have PostTruth segment , as in people are morons because they didn't follow the MSM line & voted for Hillary || <USER> sure why bother listening when you know what's coming || <USER> RT paid for by Russian state as opposed to RTE paid for by the irish state You're having a great day Sean CarryOn",True,55,109,18,2,4.555555555555555,0,2,0,0,1,0.05555555555555555,0,0,0,0,0,0,0,False,3.0
figlang_twitter,twitter,train,1,"<USER> <USER> <USER> Wow ya really got me with that zinger , you must write for SNL . <URL>","All necessary work has been completed to declare Mexican Cartels terrorist organizations . Statutorily we are ready to do so . However , at the request of a man who I like and respect , and has worked so well with us , President Andres Manuel <USER> we ... || ... will temporarily hold off this designation and step up our joint efforts to deal decisively with these vicious and ever-growing organizations ! || <USER> more harm to our country has been done by your friends the Saudi terrorists than Mexico , but cool story bro , maybe you can get Mexico to pay for your prison canteen account || <USER> <USER> <USER> Don ' t you have a date with your sister tonight ? ...",True,112,97,17,1,3.7058823529411766,0,0,0,0,5,0.29411764705882354,0,0,0,0,0,0,1,False,4.0
figlang_twitter,twitter,val,1,<USER> unfortunately its a harsh reality we regard ppl on basis of believes & faith,"Those who are pining for Iqbal day , if you really want to honor your heroes , please honor Abdus Salam & Iqbal Masih too ! RealHeroes || <USER> u really thing pining is for Iqbal ? Weli awam ku day off chaiye bus || <USER> You're right ! But the sad fact remains that a lot of people don't even know who Iqbal Masih is and what he stood for ! Tragic || <USER> the second name telling why he ignored by many :) || <USER> You have stated a painful fact brother . History will not be kind to us .",True,89,85,14,1,4.714285714285714,0,0,0,0,1,0.07142857142857142,0,0,0,0,0,0,0,False,5.0
figlang_twitter,twitter,train,1,<USER> <USER> That ' s is indeed why I tuned out . The triangle from hell has been made 1000x worse because it ' s totally one sided towards HOpeless 😩 . Now Sally is going to loose out to a felonious Logan that nobody gaf about . Who wants to guess how Quinn vs Brooke turns out ? ! 😂 <URL>,"Why is Ridge confronting Sally ? Why should she fear for her job ? I know she and Steffy are having a difference of opinion on the line , but they seem to be working through it . <URL> || <USER> Could Ridge know about her Liam slip up which makes him want to fire her because obviously his endgame is to have Leffy back || <USER> <USER> There was a spoiler that Sally put Wyatt before work . I ' m sure Ridge is confronting her about that . || <USER> <USER> Ugh these girls never learn . 🤦 🏻 ♀ ️ she ' s putting a man before her work when Wyatt is putting Flo before her . || <USER> <USER> Sally is being written as a desperate looser according to every spoiler her name is in <URL> || <USER> <USER> It ' s so annoying and I ' m not even a Sally fan . || <USER> <USER> It is annoying for the only characters to ever win to be the Logan ' s . || <USER> <USER> It ' s why people are tuning out . There has to be some sort of balance and there isn ' t .",True,181,295,55,5,3.8727272727272726,1,1,0,0,3,0.05454545454545454,2,0,0,0,0,0,1,False,8.0
figlang_twitter,twitter,train,1,"<USER> Yep and you've demonstrated your ignorance by prejudging someone about whom you know nothing , which was my point ! !","Yep , she demonstrated what's wrong with her generation better than old people can . Will these snowflakes ever take ... <URL> || <USER> And you've demonstrated your ignorance by prejudging someone about whom you know nothing . And stop calling folk "" snowflakes "" . 🙄 || <USER> No irony there . All you had to do is look and see I followed up on the tweet before prejudging me ... Snowflake . || <USER> And what makes me a "" snowflake "" , exactly ? Apart from being an individual , that is ? || <USER> Um , your knee-jerk , colossally ironic Tweet directed at me is the quintessence of intolerance that defines one . || <USER> "" Intolerance "" ? ! Hah ! And you call my reaction "" knee-jerk "" when , in fact , * you're * the one who was being a jerk ! || <USER> Let me repeat . Slowly . I followed up on it . I always allow new information to change my opinion . That's what tolerant people do . || <USER> I was reacting to your initial tweet . The fact that your opinion changed doesn't validate it in any way .",True,160,126,19,2,5.157894736842105,2,0,0,0,1,0.05263157894736842,0,0,0,0,0,0,1,False,8.0
figlang_twitter,twitter,train,1,"<USER> <USER> <USER> If those are the criteria , you and those other guys must be devout atheists .","<USER> <USER> <USER> no your anger over your religion is telling || <USER> <USER> <USER> YOU'RE the one harassing ME , remember ? Perhaps you ought to follow your own advice . || <USER> <USER> <USER> Then you should have no problem listing them || <USER> <USER> <USER> 2 . make sure to refer to believers as retarded || <USER> <USER> <USER> 3 . there is no higher sacrament than arguing online",True,61,105,17,1,4.294117647058823,0,0,0,0,3,0.17647058823529413,0,0,0,0,0,0,0,False,5.0
figlang_twitter,twitter,val,1,<USER> <USER> best part : when the person complaining about making this a race issue was the one who made it a race issue,"Feminism shouldn't be about wallowing in permanent victimhood . It should be a celebration of female strength , talent & inspiration . || <USER> Why don't you just shut up ? You know nothing about women or feminism . Nobody cares what you think . Just go away . || <USER> <USER> he's only saying what most normal women are thinking stop bloody moaning and get on with life ! ! || <USER> <USER> Because you're psychic and know what victims of abuse think , right ? || <USER> <USER> no im not but why bring race in to it ? women are strong and remember we are all victims black and white",True,96,125,23,1,4.043478260869565,0,0,0,0,2,0.08695652173913043,0,0,0,0,0,0,0,False,5.0
figlang_twitter,twitter,train,1,<USER> <USER> <USER> Preach ! Those who got wealthy because they worked hard for a bit are now coasting . The other half got wealthy because they hit the Powerball jackpot . Those lazy bums are just laughing all the way to the bank with my money . <URL>,"500 people , or around 0.0000000625 % of the world's population , own about 7 % of the global GDP . <URL> || <USER> <USER> I ' m not here to hate or make a political statement about capitalism or financial equality : I ' m just super curious about how their day-to-day lives transpire . Probably an awesome experience . || <USER> <USER> <USER> A lot of hard work . Day in , day out . || <USER> <USER> <USER> Ya it ' s exhausted just watching your money double",True,76,259,45,4,4.288888888888889,1,0,0,0,4,0.08888888888888889,0,0,0,0,0,0,0,False,4.0
figlang_twitter,twitter,train,1,"<USER> I meant FBI took over again - you know , behind the scenes 🙄 I think that story line will be revisited same time Janvier returns to finish his game with Callen . ' cause I don ' t think either will ever be revisited .","So did they ever find the killers from "" The Monster "" or was that case just forgotten ? NCISLA || <USER> Forgotten . There was mention by a viewer that the FBI took over the case as they were already involved . But still .. why have the team "" in awe "" at end of episode & not have it continued ? || <USER> Yeah FBI took over but they saw the second body because they could get to the garage faster than the FBI . Leaving it open like that made it seem like it would continue eventually .",True,88,226,42,2,4.071428571428571,0,0,0,0,2,0.047619047619047616,1,0,0,0,0,0,0,False,3.0
figlang_twitter,twitter,train,1,"<USER> <USER> <USER> I see you're an attorney , trained and paid to deceive for financial benefit .","If you are going to call the heads of CIA , FBI , DNI etc and President liars , you should present some evidence to s ... <URL> || <USER> <USER> <USER> lol . Since when have any of this heads of agencies told the truth ? Only a fool would trust the gov .. || <USER> <USER> <USER> Yeah we should trust a life long con man instead . 😂 😂 😂 || <USER> <USER> <USER> no , you can do that , not me . Trust but verified .",True,73,105,16,1,4.625,0,0,0,0,3,0.1875,0,0,0,0,0,0,0,False,4.0
figlang_twitter,twitter,train,1,"<USER> Pffft . So I call you to get a refund on my "" frustrating "" experience ? Seems acceptable .","<USER> Wanna explain why i've been billed for a full months worth of a "" full service "" , when you had to come out and replace our router because our connection was terrible for 8 weeks ? || <USER> Not only was the connection terrible , I tried via your chat option to resolve it , and nothing was done . I had to make a huge complaint on social media before you were even remotely bothered . || <USER> Thanks for tweeting Matty . I apologise for the overall experience you have had with us and for the issue you're having with your services . I understand how frustrating it can be when you're paying for something you're not getting . We'd love to help h ... <URL>",True,115,100,16,3,4.4375,0,1,0,0,1,0.0625,0,1,1,0,0,0,0,False,3.0
figlang_twitter,twitter,train,1,"<USER> Oh never kind , you mean the assumption that anyone supporting him is a racist","funny how racist Trump supporters are calling racist <USER> || <USER> <USER> <USER> Yet cries about bullies when people mocked her mother . Like I said , hypocrite . || <USER> I guess that's another way to look at it ... i am just telling that it was "" funny "" to see a racist call someone else a racist",True,52,87,15,1,4.466666666666667,0,0,0,0,1,0.06666666666666667,0,0,0,0,0,0,1,False,3.0
figlang_twitter,twitter,train,1,"<USER> <USER> <USER> My two favorite Cenk quotes about women's rights , "" the only reason you wouldn't support equality for women is if you are an incredibly weak man "" and "" if you were a woman and didn't have equality , wouldn't you be angry ? "" Sure sounds like a sexist to me ...","Hour 8 today - end of quarter call time looks like this . Send help ... <URL> <URL> || <USER> <USER> 2 ) but it ' s not <USER> ' s job to pull cenk up to the levels she has earned through years of dedicated public service . Once cenk reaches those levels on his own , after years of public service to CA25 , maybe then he ' ll be worthy of a debate w / . Maybe ... || <USER> <USER> <USER> They are both running for the same office , surely a debate in front of the people they are going to serve is a bare minimum ? Or is she scared he ' ll beat her on the actual issues ? || <USER> <USER> <USER> Oh , I ' m relatively certain , would chew cenk up and spit him out in a debate , lol . If you ever have an opportunity to hear her speak , please do so ... she has an amazing understanding and grasp of the issues being faced by CA25 , and what needs to happen . || <USER> <USER> <USER> 😂 😂 😂 do you know Cenk ? Do you know who he is ? || <USER> <USER> <USER> I ' ve recently met him twice . I ' ve listened to multiple airings of his show . I ' ve read his writings . I know the Justice Democrats ousted him because of his sexist writings . Is there something more you think I should know ? ?",True,222,289,49,2,4.3061224489795915,0,1,1,1,3,0.061224489795918366,0,0,3,0,0,0,1,False,6.0
figlang_twitter,twitter,train,1,<USER> what was the story ? Also wasn't Facebook's trending accuracy just disputed by independent fact-checkers ?,": Facebook will now warn you when you share a story whose "" accuracy "" is "" disputed "" by "" independent "" "" fact-checkers "" ... <URL> || : "" Fact-checkers "" - facts are rare-ish . Most news works with opinions + narratives , using the term ' fact-checkers ' is misleading at best 2/5 || : "" Independent "" - this supposedly means unbiased but do we think ( for example ) that Politifact is unbiased ? Have you read their stuff ? 3/5 || : "" Disputed "" - Since the checkers are biased , disputed doesn ' t mean ' violated objective truth ' but merely ' checker disagrees with it ' 4/5 || : "" Accuracy "" - what is this ? Sure there ' s outright lies , but is spin inaccurate ? What about propaganda ? Or stories w / limited evidence ? 5/5",True,108,115,16,2,5.75,0,2,0,0,1,0.0625,0,0,0,0,0,0,0,False,5.0
figlang_twitter,twitter,val,1,<USER> <USER> <USER> The school consists of fifty classrooms . One kid committed violence . Let's punish and degrade the whole school . againstCAB,"I am Hindu . I am against CAB . I am against NRC . I am against my identity being used to systematically discriminate against Muslims in India . On the streets , in our anger , we are united above religion . HindusAgainstCAB || <USER> You should shame , for being a hindu opposing this bill . || <USER> You should shame , for being a human being supporting this bill . || <USER> <USER> Where remains your conscience when lakhs of people face penetrative persecutions for not being in line with persecutors ' faith ? Don't be selective .",True,85,154,21,3,5.428571428571429,0,0,0,0,3,0.14285714285714285,0,0,0,0,0,0,0,False,4.0
figlang_twitter,twitter,train,1,"<USER> talking about liars yet voted democrat . If you really think trump wasn't the best choice , you are mentally unstable .","IThinkIHaveHadEnough of Trump , Deplorables , Republicans , Ignorance , Racism , Normalization of "" alt-right , "" Extreme right , 2016 , ... || <USER> Hmm . Try something original . Do you have any thoughts of your own ? || <USER> yup , the left is full of lying hypocritical bastards , but it will now finally all come to an end with PresidentTrump || <USER> Yes , the world WILL probably come to an end with Trump at the wheel . If you really think Trump isn't a l ... <URL>",True,72,128,20,2,4.95,0,0,0,0,1,0.05,0,0,0,0,0,0,0,False,4.0
figlang_twitter,twitter,train,1,"<USER> It wouldn ' t be so bad if there was movement ! But it ' s literally the same day in PC since last week ! ! ! I hate when they do that esp when it ' s not necessary ! And then we get Jason with Carly for 2 days , oh yay ! You know how I love that ! 🙃","As long as frank keeps these "" jasam kept apart storylines "" those soap sites are gonna always be trash ! || <USER> I mean it ' s just old now . Enough is enough . Move on ! There ' s so much to explore with them it ' s mind boggling to me that this is what we ' re doing ! || <USER> Old old old old old ! Some find this so Interesting and I can ' t follow that ! We ' re gonna have yet another episode of them being on the phone ! I hate the scraps and this is what it is , but I ' m still here ! 🤷 🏻 ♀ ️",True,104,259,55,7,3.290909090909091,7,0,0,0,2,0.03636363636363636,1,0,0,0,0,0,1,False,3.0
figlang_twitter,twitter,train,0,So Go and watch Chhapaak movie So that we might start respecting their courage and strength to live . ❤ ChhapaakReview power,"I thinking we should support Chapaak movie not becoz it just a movie becoz it has a story of laxmi n many more ladies who have been suffering this pain of ignorance . I have just watched a video in which deepika and many survivors are going to market and doing normal thing / 1 || As we do .. But the reactions and emotions we are showing to those ladies are just disheartening . They have also a right to roam around markets , gardens and talking people just as we do . So plz show some love and kindness to those who want to live a normal n Happy life . / 2",True,104,130,20,1,5.05,0,0,0,0,0,0.0,1,0,0,0,0,0,0,False,2.0
figlang_twitter,twitter,train,0,<USER> Haha ! Thanks ! I appreciate your daughter ! She ' s a good role mod for mine !,"It ' s a full moon and things got a little funky in our house , tensions are high all over , so let ' s play the appreciation game : I appreciate my strong daughters for waking up positive after a rough night , they teach me a lot . Your turn , tweet me ! Iappreciate || <USER> I also appreciate your daughters , they are freaking adorable !",True,61,88,16,4,3.8125,4,0,0,0,1,0.0625,0,0,0,0,0,0,1,False,2.0
figlang_twitter,twitter,train,0,<USER> <USER> <USER> Great start to the year and increasing and quite a choice for your customers,"Back to it tomorrow . Start of a big year for Genius ... new Schirmer Machining Center arriving , increasing product lines and colours , Creating / Strengthening partnerships with customers and suppliers . We ' re raring to go ! ! Partnerships 2020NewYear <URL> || <USER> We are back at it tomorrow too ! ! First thing out of the door is 26 <USER> frames courtesy of your good selves ! ! Let ' s hope that 2020 is even better for us both than 2019 was ( and to be honest , that was a pretty good year ! ! ) partnerships Choice",True,84,105,17,1,4.411764705882353,0,0,0,0,3,0.17647058823529413,0,0,0,0,0,0,1,False,2.0
figlang_twitter,twitter,train,0,"<USER> <USER> Diolch am y geiriau caredig Iola , mae myfyrwyr brwdfrydig yn gwneud gwaith darlithydd yn haws , falch iawn o dy lwyddiant . / / A student with enthusiasm and the willingness to learn & make a difference is a pleasure to have in class , students inspire lecturers too RNLD",Celebrating YearOfTheNurse Nurses2020 NursingNow by finding out a bit more about our amazing MH & LD Nurses . Q1 . The lecturer who inspired / inspires you the most during your training / undergraduate programme and why ? Please share . || <USER> <USER> would always support me . She has inspired me to take some chances to gain more experience by volunteering abroad and have a placement in West Wales where I'm now working . Diolch Ruth,True,68,292,46,1,4.8478260869565215,0,0,0,0,3,0.06521739130434782,0,0,0,0,0,0,0,False,2.0
figlang_twitter,twitter,train,0,"<USER> Thanks for the reply , means a lot to me . I don't miss your youtube videos . It has really helped me to understand political science and philosophy at a much deeper level . You explain complex theories and history without making it difficult to grasp . You are a True Teacher","<USER> Hello Sir , If i may ask . Can one be a communist and practising muslim at the same time ? || <USER> Yes . Communist is anyone who believes economic resources should be owned by society in common .",True,35,285,49,4,4.551020408163265,0,0,0,0,1,0.02040816326530612,0,0,0,0,0,0,0,False,2.0
figlang_twitter,twitter,train,0,<USER> <USER> I am sorry u think ur views r superior and my support for NativeAmericans is wrong ... <URL>,"Hamilton cast hostility , Warren comments on Trump nominees , Times and Post false coverage , all reminders this will be a permanent campaign || <USER> typical elite hypocrisy - never heard Hamilton actors tells Obama 2 b president of All the people - m ... <URL>",True,39,113,19,1,4.105263157894737,0,0,1,1,3,0.15789473684210525,0,0,0,0,0,0,0,False,2.0
figlang_twitter,twitter,train,0,"<USER> Awwh , thank you.The hut is all mine & I love it.The bench beside it was my late Mother-in-law's ( my BIL says it's my Zen garden 😄 ) The other bench in part of back garden was given to us by my late parents when we got our house & we moved it here . memories 💕 garden family","I think it's forgotten to stop raining and blowing a gale out there . ☹ It's so bad the bench keeps "" walking "" round the garden . 😉 😄 weather rain gales <URL> || <USER> Thank you . That's just a part of the back garden ( big front too ) and it definitely looks better when it's dry and even with a bit of sun . 🙂 <URL>",True,57,290,57,3,3.6491228070175437,0,0,0,0,2,0.03508771929824561,2,0,0,0,0,0,0,False,2.0
figlang_twitter,twitter,train,0,<USER> <USER> You couldn ' t beat it with a big stick Franky,"We had great fun exploring the new mud slide we made in our nursery garden 😀 😀 😀 <URL> || <USER> <USER> What a fantastic idea . As an elementary teacher I can only applaud this : feeling good with earth , bonding with nature , social activity and ... GREAT FUN SLIDING and GETTING DIRTY",True,47,64,13,1,3.3846153846153846,0,0,0,0,2,0.15384615384615385,0,0,0,0,0,0,0,False,2.0
figlang_twitter,twitter,train,0,<USER> yes contacted that link . That's who told me the only way to get the goods would be to pay rush fees . frustrated,"Thanks <USER> for shipping me damaged goods and then expecting me to pay rush fees to get my items before the holidays ! ! disgusted || <USER> We're sorry to hear about what happened , Kim . Have you already reached out to our team at <URL> ? - Kinga",True,43,124,23,2,4.0,0,0,0,0,1,0.043478260869565216,0,0,0,0,0,0,0,False,2.0
figlang_twitter,twitter,train,0,<USER> I tried to do the right thing and emailed the complaints dept but underwhelmed with their lack of empathy,<USER> Thanks for underwhelming us after things went wrong on our Florida holiday wontbepayingtogotoFloridawithyouagain || <USER> Can we help ? Pls email customer ( dot ) relations ( at ) virginholidays ( dot ) com for investigation / assistance . CD,True,31,114,20,1,4.55,0,0,0,0,1,0.05,0,0,0,0,0,0,1,False,2.0
figlang_twitter,twitter,train,0,<USER> Our FA from AUH > Kuala Lumpur ( Flt 418 ) - Milos - was EXTREMELY helpful and friendly . Please pass along our compliments to his management ! goodjob,"Have to say , those were some of the best inflight snacks ( and meal ) I've ever had - especially the dolmas ! <USER> Business Class for the win ! AbuDhabi is awesome ! <URL> || <USER> Great to hear that you've liked our famous Arabic Mezze . What else did you try ? * Ikra",True,46,162,23,2,5.043478260869565,1,0,0,0,4,0.17391304347826086,0,0,0,0,0,0,0,False,2.0
figlang_twitter,twitter,train,0,3 ) A recent addition that hugely helps with pain : singing . I discovered a new wave of musicals with lyric videos on YouTube . <USER> <USER> <USER> all filled & fun to sing . Feel the endorphin rush .,"Feeling grey & blah ? This is my morning ' painkillers won't kick in for half an hour and everything hurts , brainfog-fighting wake up routine ' . What's yours ? ChronicPain [ thread ] <USER> <USER> <USER> <URL> || 1 ) Coffee . Strong . Ideally made by someone else ( thanks <USER> ) . Exacerbates painkiller effect . Shakes brain fog out . <USER> is my favourite : Mungo blend ( which raises money for defibrillators ) <URL> - created by a missed friend .",True,66,214,33,4,4.484848484848484,0,0,0,0,3,0.09090909090909091,0,0,0,0,0,0,0,False,2.0
figlang_twitter,twitter,train,0,""" His neurosis means him to become a total personality , and that includes recognition of and responsibility for his whole being , his and his bad sides , his superior as well as his inferior functions . "" ~ C . G . Jung , CW 18 , par . 367",""" [ W ] hen he projects negative qualities and therefore hates and loathes the object , he has to discover that he is projecting his own inferior side , his shadow , as it were , because he prefers to have an optimistic and one-sided image of himself . "" ~ C . G . Jung , CW 18 , par . 367 || "" Freud , as you know , deals only with the objective side . But you cannot really help a patient to assimilate the contents of his neurosis by indulgence in a childish lack of responsibility , or by resignation to a blind fate of which he is the victim . "" ~ C . G . Jung , CW 18 , par . 367",True,98,242,38,4,4.526315789473684,0,0,0,0,1,0.02631578947368421,0,0,0,0,0,0,1,False,2.0
figlang_twitter,twitter,train,0,<USER> <USER> MSM pushing extreme racist hate to divide us . has done nothing to hurt them !,All you people tweeting about how this is terrible just don't see how much our country was suffering PresidentTrump Elections2016 || <USER> <USER> Ignorance is a very broad subject with the Left .,True,31,102,16,2,4.3125,1,0,0,0,3,0.1875,0,0,0,0,0,0,0,False,2.0
figlang_twitter,twitter,train,0,<USER> The of CHRIST JESUS and can and will bring us ALL back to whole ! Ezekiel 36:26 & Isaiah 53:5 <URL>,Very simply put may the light of God 's heart guide ALL fractured families back together one day very soon ! Ezekiel 36:26 PRAYER <URL> || <USER> The prayer was so so touching because it reflects what m passing Tru now ... Pls I want to join up ... Kindly update me with daily prayer points,True,51,112,18,1,3.888888888888889,1,0,0,0,5,0.2777777777777778,0,0,0,0,0,0,0,False,2.0
figlang_twitter,twitter,train,0,"<USER> <USER> Btw you voted for a bigoted * KKK endorsed * misogynist who bragged abt assaulting women , lies , has no policies . hate","A beautiful post , thanks to <USER> Leadenhall Market for sharing this quote from Maya Angelou . ... <URL> || <USER> <USER> <USER> Hate is a good thing , I ' m a Christian , I know . <URL>",True,32,140,21,1,4.761904761904762,0,0,0,0,3,0.14285714285714285,0,1,0,0,0,0,0,False,2.0
figlang_twitter,twitter,val,0,<USER> May the wisdom of what God can offer to us be UPON and WITHIN us ALL from today going forward ... Ezekiel 36:26 PRAYER <URL>,"God be with us ALL and God save us ALL as we enter towards the unknown of tomorrow ! Prayer Isaiah 41:13 = = = = || <USER> Hi Derek ! God has already saved us ALL , for more than 2,000 Years now ! John 3:17 ; 2 - Cor . 5:18- 19",True,36,137,24,1,3.9166666666666665,0,0,1,1,6,0.25,0,0,0,0,0,0,0,False,2.0
figlang_twitter,twitter,train,0,<USER> Here's my ticket COOL -20200108-360991 . It has been off for more than 24 hours now . I have had no feedback yet today .,"Last month with <USER> and of course my Internet goes down again , yesterday and again today . Will not miss this . How am I supposed to work like this ? ? || <USER> Hi there , have you got a ticket number for us to escalate ?",True,41,130,21,3,3.761904761904762,0,0,0,0,2,0.09523809523809523,0,0,0,0,0,0,0,False,2.0
figlang_twitter,twitter,val,0,<USER> <USER> Omg ! How freaking awesome you'll be flying on <USER> in 2023 ! Talk about happiness .. this is truly a situation .,"WhoamI Born in Japan . After high school , I made my rock band debut . I then founded a fashion EC ' ZOZOTOWN ' . TSE-listed and gained a market worth of US $ 15 billion . In Sept . 2019 , I sold it to Softbank Group and stepped down as CEO . My net worth is now US $ 2 billion ( Forbes ) . <URL> || I have a passion for collecting contemporary art , Japanese antiques , supercars , wine etc . Some people know me for purchasing J.M.Basquiat ' s $ 110 million painting . I will be the first civilian to fly around the moon on <USER> ' s Starship rocket , scheduled to launch in 2023 . <URL>",True,102,135,20,4,4.5,2,0,1,1,3,0.15,0,0,0,0,0,0,0,False,2.0
figlang_twitter,twitter,train,0,<USER> <USER> <USER> Fabulous night filled with sweet and peaceful dreams dear friends . Sleep well and leave your worries behind . Remember tomorrow will be a wonderful day . 🙏 😊 💐 💯 😇 peace and prayers <URL>,"SundayThoughts Good morning BrewCrew kids ! Lazy coffee here ; how goes it ? <USER> <USER> <USER> <URL> || <USER> <USER> <USER> A fabulous morning dear amazing friends . Today is the day to treat yourself very special . Just relax and enjoy the day . Remember you are the best and you deserve the best of the best . Life is beautiful , enjoy every moment of it . 🙏 😊 🔥 🤗 ☕ ️ peace kindness <URL>",True,63,219,31,3,5.0,0,0,0,0,4,0.12903225806451613,5,0,0,0,0,0,2,False,2.0
figlang_twitter,twitter,train,0,"<USER> <USER> <USER> ⚡ ️ Thanks , hope your New Year holds happiness and throughout the year 🙏 🙏 🇺 🇸","<USER> <USER> <USER> Good evening deb and everyone happy new year <URL> || <USER> <USER> <USER> ⚡ ️ Very Karra , Happy New Year to you and yours 👌 🏻 😊",True,24,108,14,1,4.785714285714286,0,0,0,0,3,0.21428571428571427,6,0,0,0,0,0,0,False,2.0
figlang_twitter,twitter,train,0,"<USER> <USER> Pretending 2 hold u up , when they in fact , r at the same time holding u back ! ! ! Interesting 👀 XOX 💞 OXO SaturdayThoughts life live","Look closely my good peeps , Wats wrong wit this pic ? .. & How would you respond to wats holding you back ? 😘 <URL> || <USER> Some may pretend that they are supporting you but in real sense they are dragging you backwards .",True,38,159,24,3,4.416666666666667,3,0,0,0,4,0.16666666666666666,2,0,0,0,0,0,0,False,2.0
figlang_twitter,twitter,train,0,"<USER> Imagine the guests at said House were expecting Hors d ' oeuvres , and the chef can't oblige because the caterer got a flat tire ! Now picture the fact that the caterer .. Was only bringing cold fast food .. Add insult to injury . How many stars should be humiliated ?",I'm completely shattered I don't know if I shall return . No pity pot Just a fact of life . Be well my lovelies peace || <USER> Hey ! We ' Kats ' have to stick together ! What's going on ? 💞,True,36,277,48,5,4.416666666666667,1,1,2,2,1,0.020833333333333332,0,0,0,0,0,0,0,False,2.0
figlang_twitter,twitter,train,0,<USER> <USER> Bronnie with the cricket reference Seriously though what a talent . I couldn ' t even draw a cricket bat .,Perks of having a carpenter boyfriend ! ( 1/3 ) So yesterday Casey made a cricket bat for Mase to keep him busy while we were doing yard work . <URL> || Today he was able to finish it off at home with a couple extra touches . Just needs an oil . ( 2/3 ) <URL>,True,46,124,21,2,4.380952380952381,0,0,0,0,2,0.09523809523809523,0,0,0,0,0,0,0,False,2.0
figlang_twitter,twitter,val,0,"... "" And when you get through celebrating the sheer joy of a good fight , be sure to tell those who come after , how much fun it was . "" ~ MollyIvens ... on podcast - Heart of Wisdom w / <USER> Ep 68 , Path of 2/2","Inspiration for skillfully navigating until Election2020 - moments of Zen : <URL> <URL> || Just found this ... "" Keep on fighting for freedom & justice , Beloveds . But don ' t forget to have fun doing it . Be outrageous , rejoice in all the oddities that freedom can produce . 1/2",True,42,218,37,3,3.864864864864865,0,0,2,2,1,0.02702702702702703,0,0,0,0,0,0,1,False,2.0
figlang_twitter,twitter,train,0,"<USER> CongrAtulations ! 👍 👏 ❤ 🙏 A true WARRIOR ! no doubt ! GodBless and keep you & your "" support "" team on your life's journey . What would "" life "" be without them ❤ ThankYou ! for sharing &",""" This month , the first person to obtain a legal "" non-binary "" sex designation has successfully petitioned the court originally responsible for his "" non-binary "" status to order that the sex on his birth certificate be restored to "" male . "" <URL> || Followers , and allies in the fight against harmful gender ideology , I am proud to announce that my male birth sex and given name have now been legally reclaimed . The Alliance Defending Freedom ( ADF ) graciously assisted me with this important matter . Please disseminate this news .",True,83,202,27,5,4.962962962962963,4,0,0,0,2,0.07407407407407407,5,0,2,0,0,0,0,False,2.0
figlang_twitter,twitter,train,0,"<USER> Back in June I thought I was the only one , I was like going through the grief process . 2 days before my birthday","If you're in the US , it may be worth looking back at reactions to Brexit . You may be about to go through similar emotions . || Here's how it's going for you , emotionally , if Trump wins . First off , you're in disbelief . You just don't understand . || And all of a sudden , it feels like everything just changed . Like your understanding of the world just changed without anyone telling you . || Then , you'll be very , very sad for a little while . And you won't be able to stop thinking about it for a day or so .",True,91,123,23,1,3.9565217391304346,0,0,0,0,1,0.043478260869565216,0,0,0,0,0,0,0,False,4.0
figlang_twitter,twitter,train,0,<USER> Feed his lambs Take care of his sheep Feed his sheep Follow Him SlateSpeak Jesus,"* huff , puff * Greetings , everyone ! Welcome to SlateSpeak , your weekly progressive Christian chat . However , all are welcome , regardless of religion , or lack thereof . I am your host , and sorry I'm late . ( I was watching JeopardyGOAT . ) ... || ... SlateSpeak We don't always agree with other or the host , and that is ok : this is a safe place . We just ask you to please not troll . Now , for intros : name , pronouns , and one thing you hope for in the upcoming decade ( to do or to become ) ... || SlateSpeak ... while the intros are coming in , I'll start with prayer , but first note that my intro question is tied to our theme tonight : Lord God , thank you for bringing us to a new year and a new decade ! We ask for your guidance tonight ... || SlateSpeak ... and that we may be your instruments for peace and justice in the world . ( * now , please , conclude this prayer how you conclude it : I like to say , "" In Jesus ' name "" , but please say what you'd like ) Amen ! || SlateSpeak ... Happy New Year , everyone ; I hope 2020 is going well in your personal lives , even if it got to a rough start . Not only is it a new year , but a new decade , and this brings us to our topic : new beginnings ! ... || SlateSpeak ... A smart aleck can dismiss this year / day as like any other and arbirary . However , rituals give space for expressing various emotions . For a new year , and particularly a new decade , it reflects our longings for new beginnings and for taking inventory ... || SlateSpeak ... I will follow <USER> and start with scripture and say that God was , is , and is to come . ( Rev 4:8 ) Q1 : How do you see this verse tied to our theme ? || SlateSpeak ... Now , to the next question : Q2 : Which other scriptures do you see as tied to the theme of new beginnings , looking towards our future , etc . ? || SlateSpeak ... I think I'll go onto the next question : someone quoted "" In the beginning "" . I heard on a Jewish podcast that the verse can be read in Hebrew as "" With a beginning "" , meaning we can always have a new beginning ... || SlateSpeak ... I love that idea , and love the idea of being able to hit reset . However , as <USER> notes , "" the past is incarnated in the present "" . Q3 : What things from the past are incarnated in the present and must be addressed if we are to have a new beginning ? || SlateSpeak ... <USER> continues with her quote , "" The present gives birth to the future "" ( from the novel The Bastard of Istanbul [ CN for rape and genocide ] ) ... || SlateSpeak ... Q4 : As we discuss new beginnings and start a new decade , which steps ( small things included ) can we take to give birth to a good future , such that 2030 is better than 2020 ?",True,453,93,16,1,4.375,0,0,0,0,1,0.0625,0,0,0,0,0,0,0,False,12.0
figlang_twitter,twitter,train,0,<USER> <USER> HAPPY FRIDAY SIS KATHY 💞 🙏 💙 💜 AND EVERYONE 🇺 WISH YOU A FRIDAY WITH PEACE AND FOR ALL OUR . <URL>,"<USER> Hi . How is your mom ? I was confused as to what was going on || <USER> Still in the hospital . Lots going on , but not major . UTI . Antibiotics . Wound treatment for the foot . They did an ultrasound last night to make sure there is no clot ... major swelling . Going to replace her old feeding tube this afternoon . Her mouth hurts bad . Doing better || <USER> Thank God . I did not understand what Elke was saying so I was confused . Glad she is being taken care of ok . Hopefully she will be ok and out soon . || <USER> <USER> SORRY SIS KATHY , , WHAT YOU NOT UNTERSTAND , , , I ASKED MINDY , , , TELL ME WHAT YOUR , , , HAS A . || <USER> <USER> No you said more on one I read . I didn't understand what was wrong || <USER> <USER> OKAY , , , ALL IS GOOD 💞 💞 🙏 💙 💜 SIS KATHY I WAS WORRIED FROM MINDY'S MOM || <USER> <USER> HAPPY FRIDAY SIS KATHY 🙏 💞 💐 💙 💜 AND MINDY AND EVERYONE PATRIOTS WISH YOU ALL FROM MY A FRIDAY . WITH , , , , , PEACE AND FOR ALL OUR , , , GOD AND STAY <URL>",True,170,120,19,1,4.0,0,0,0,0,18,0.9473684210526315,5,0,0,0,0,0,0,False,7.0
figlang_twitter,twitter,val,0,<USER> I was not looking for you to reiterate policy via DM - just to explain my options and be reasonable,"<USER> just cancelled my entire reservation because I missed the first leg of my flight . Terrible customer service - be human . || <USER> Hey Bob , just checking in . Can we help ? Please let us know . EH || <USER> yeah , you can reinstate my original flight that I already paid for || <USER> Thanks for following up with us , Bob . Can you DM your confirmation number ? EH",True,62,108,20,1,4.15,0,0,0,0,2,0.1,0,0,0,0,0,0,0,False,4.0
figlang_twitter,twitter,train,0,"<USER> . You Only think that there is.Your deepest , most perfect happiness will be found within , and once you find it , nothing exterior","God says , "" But now I'm telling you that I have no needs.All that I am within My Self is all that I require in order to express all that I || <USER> am outside of My Self.This is the true nature of God . This is the image and likeness in which you are made Humans . Do you understand || <USER> the wonder of that ? Do you see its implications ? You , too , are without needs.There is nothing that you need in order to be perfectly",True,85,142,23,2,4.608695652173913,0,0,0,0,1,0.043478260869565216,0,0,0,0,0,0,1,False,3.0
figlang_twitter,twitter,train,0,<USER> <USER> enjoy your new authoritarian America where nothing matters but money & brute force - you'll fit right in ! lucky,"Is this the future ? A muzzled press w / no access to The Great Leader ? <USER> <URL> || <USER> <USER> <USER> You are referring to the last 8 yrs right ? BO gas been the least transparent admin in history || <USER> <USER> <USER> he's never barred reporters , in fact he has a photographer with him every single minute || <USER> <USER> <USER> You are delusional ! Sure a WH photographer That's not an open press BO all about control || <USER> <USER> <USER> you nay think the press is your enemy but it's the main defense we have against tyranny || <USER> <USER> Today's press is motivated by political ideology Nor about fairly reporting facts but skewing based on Lib politics only || <USER> <USER> keep telling yourself that until they come for you || <USER> <USER> The press ? I strongly believe in 2nd amendment Is the only thing between Freedom or Indenture by Lib dictator click boom || <USER> <USER> you are a fool & a useful idiot to oppressors || <USER> <USER> Really ? why is that ? I don't follow in lockstep w ) your ideology ? No you're the fool if you think press is objective",True,183,132,19,1,5.157894736842105,1,0,0,0,2,0.10526315789473684,0,0,0,0,0,0,1,False,10.0
figlang_twitter,twitter,val,0,<USER> <USER> <USER> Tuesday thoughts Forgiveness and are the two major factors of the which elevates your towards the people you . Let your kindness through without any boundaries . Have a fabulous day dear friends.Keep smiling 😊 🔥 😘 🙏 ☕ ️ ️ <URL>,<USER> <USER> <USER> 🌜 Merci beaucoup Cristy 🌛 🌜 Bonne nuit les ami ( e ) s 🌛 🌜 <URL> || <USER> <USER> <USER> 🌜 🌛 🌜 Bonne nuit les ami ( e ) s 🌛 🌜 Buenos Aires <URL> || <USER> <USER> <USER> 🍧 Many thanks Silvia ! 🍧 🍧 It's Monday ... Why not ? 🍧 🍧 Enjoy everyone ! <URL> || <USER> <USER> <USER> 🌸 Thank you so much Silvia ! 🌸 🌸 🌸 🌸 Happy Tuesday Friends ! <URL>,True,50,260,37,3,5.027027027027027,0,0,0,0,4,0.10810810810810811,7,0,0,0,0,0,0,False,4.0
figlang_twitter,twitter,train,0,<USER> <USER> <USER> Adding your Tweet non-apology is more hollow then ever when the funding email sent just before says you won't apologize You call a hypocrite ? Make amends ! Resign Get therapy for anger and wounds . Only one life NoHate Resist,"Let me be clear : I do not believe Democrats are in love with terrorists , and I apologize for what I said earlier this week . ( 1/5 ) || <USER> <USER> <USER> When someone apologizes , there ' s no need to rub it in their face . That kind of reaction is unhelpful and problematic . || <USER> <USER> <USER> Here ' s the fundraising email Collins sent out 40 minutes before his "" apology . "" Apology seems legit 🙄 ( as If there were any question . ) <URL>",True,75,259,42,3,4.619047619047619,1,1,0,0,3,0.07142857142857142,0,0,0,0,0,0,0,False,3.0
figlang_twitter,twitter,train,0,<USER> <USER> <USER> lmao kind of funny - facts must have gotten in the w <URL>,This is extraordinary . An American congressman defending a foreign cybercrime . We are in a bizarre new age . <URL> || <USER> What's amazing is 4yrs ago u clowned <USER> Russia statement & 8yrs ago u were against wars Am ... <URL> || <USER> <USER> <USER> who knows - u think was going to say anything lmao || <USER> <USER> <USER> You sound silly and simplistic in your views . Have a nice life . || <USER> <USER> <USER> Aa perfect description of Trump supporters . Their arrogance will be short lived .,True,80,86,15,1,3.6666666666666665,0,0,0,0,4,0.26666666666666666,0,0,0,0,0,0,0,False,5.0
figlang_twitter,twitter,val,0,"<USER> That is ; what you just said Bonnie . Keep spreading the Peace , & but remember not to be","Why is it WorldKindnessDay when it should be ' World Kindness Everyday ' ? BeKind all the time people ! It's one of the most rewarding things . || <USER> That is the most logical opinion I heard all week ! WorldKindnessDay should be , could be everyday ! is where it is at || <USER> Yes it is , scary for some-but history is violent ; ideals are where can be in my opinion || <USER> We just have to keep doing our part in the world . Even the smallest act of kindness and Peace is better than nothing 😊 👌 🏾",True,90,100,17,1,4.117647058823529,0,0,0,0,1,0.058823529411764705,0,0,0,0,0,0,0,False,4.0
figlang_twitter,twitter,train,0,"<USER> <USER> <USER> An automatic smile generator , . Unconditional and Kindness always rocks my world in the Positives . Thank you . <URL>","<USER> <USER> <USER> Good morning Angie 🌞 ☕ 💝 Thank you for thinking of me . Wishing you and all pals mentioned a good weekend 🦋 🌹 Richest blessings <URL> || <USER> <USER> <USER> Good morning blessings to all , . Stay safe and warm . BeBlessed and enjoy the weekend ! <URL> || <USER> <USER> <USER> Goodmorning Cynthia .. ! ! 😘 😘 Have a beautiful and blessed Saturday .. ! ! 🙏 😁 ✌ Love you sister .. ! ! <URL>",True,57,149,20,3,5.2,0,0,0,0,4,0.2,0,0,0,0,0,0,0,False,3.0
figlang_twitter,twitter,train,0,"🍗 Confessing , repenting , and remaining free of sin , brings a person God ' s Love unless The Door has been shut on them . - - - God Jesus HolySpirit","🍗 The Spiritual explanation for cancer appearing in people . A message of Hope . - - - God Jesus HolySpirit || 🍗 Sinning isn ' t acceptable in God ' s Eyes . It ' s Written in The Word . There are many people who regularly consume this Book , yet they continue to sin . It ' s acceptable to them . - - - God Jesus HolySpirit || 🍗 God regularly pours out His Wrath against people to punish them for sinning . He doesn ' t enjoy doing this . It ' s God ' s Wrath that causes cancer to appear in a person . - - - God Jesus HolySpirit || 🍗 Sinning happens nearly everywhere . As a result , Wrath is poured out nearly everywhere . That ' s why cancer is such a common ailment . - - - God Jesus HolySpirit || 🍗 However , cancer doesn ' t always appear after Wrath is poured out . That ' s why cancer isn ' t everywhere that sin is . - - - God Jesus HolySpirit || 🍗 God ' s Love keeps a person who is free of cancer from having it . God ' s Love can remove cancer from a person who has it . - - - God Jesus HolySpirit",True,177,156,25,1,4.4,0,0,0,0,0,0.0,1,0,0,0,0,0,0,False,6.0
figlang_twitter,twitter,train,0,"<USER> <USER> oh yea misery loves company , I will not join or validate his hatred . I choose . I wish him to understand one day .","Tried to have a real convo with avid Trump supporter <USER> , called me an idiot then promptly deleted his tweets . Hate has no point || <USER> <USER> I saw that he called you that . But that's what they always resort to . # || <USER> <USER> yup no point , just filled with hate and thinks it's other people's fault . Personal problem . || <USER> <USER> now ppl like him will feel emboldened to keep spreading hate bc the man they elected does so so freely",True,79,134,24,3,3.9583333333333335,0,0,0,0,2,0.08333333333333333,0,0,0,0,0,0,2,False,4.0
figlang_twitter,twitter,train,0,<USER> <USER> I was so hoping <USER> would respond directly . There are LOTS of frustrated Nexus 6 owners using T-Mobile .,"<USER> I'd like to thank you for releasing Nougat for Nexus 6 . Why hasn't it happened yet ? When will it happen ? frustrated || <USER> <USER> We absolutely want to get device updates pushed out as quickly as possible . Please DM us so we can look into this ... 1/2 || <USER> <USER> Long back & forth with TMOHelp ... still frustrated ... maybe <USER> can answer my Nexus 6 / Nougat "" when "" question ? || <USER> <USER> Hey , we're working on sending over a DM about the next update as quickly as we can . * JoshJames",True,83,130,20,2,4.55,0,0,0,0,4,0.2,0,0,0,0,0,0,0,False,4.0
figlang_twitter,twitter,train,0,"<USER> <USER> <USER> Two of my wife's G4 ' s have died in 6 months , and two of my other LG phones died in under a year . awful",Awful all around customer service from <USER> & <USER> . 2 G4s have crashed in 6 months . Told it's back ordered for warranty . || <USER> <USER> <USER> glad you've had luck . I had a terrible customer service experience with LG ... || <USER> <USER> <USER> They basically just said It's on back order so no clue when it will get here . And hope you have a back up . || <USER> <USER> <USER> I totally misread that haha sorry to hear my case wasn't isolated !,True,77,135,27,1,3.259259259259259,0,0,0,0,4,0.14814814814814814,0,0,0,0,0,0,0,False,4.0
figlang_twitter,twitter,train,0,"ZOOMORPHISM IN THE FATHERLAND You are a "" Flash Harry "" - always well turned-out , not short of confidence , a true pillar of the community , but behind your back even your friends call you pompous ? Then you are a Lackaffe or "" Varnish-Monkey "" - - German <URL>","ZOOMORPHISM IN THE FATHERLAND "" German words with animals "" If you like to make the jokes and trickeries , also pranks or slapstick , and don ' t mind people remarking upon this in a sarcastic manner , you may well be a ... Spassvogel or "" Joke-Bird "" - - <URL> || ZOOMORPHISM IN THE FATHERLAND If you are a man , 16-85 , partial to sexual intercourse and the vigorous pursuit thereof , heedless of propriety and the bonds of marriage , in short : seek only to Get Your End Away , you may be a Lustmolch or "" Lust-Newt "" - - <URL> || ZOOMORPHISM IN THE FATHERLAND Nothing happened , someone else did it and ran away , and in any case you were horribly provoked , Many Congratulations ! you are an Unschuldslamm or "" Lamb of Un-Fault "" - - <URL>",True,121,268,43,1,4.558139534883721,0,1,0,0,5,0.11627906976744186,0,0,2,0,0,0,1,False,3.0
figlang_twitter,twitter,train,0,<USER> <USER> No worries ... Just living by my adopted RulesOfTheRoad rule ... ! 🤗 💕 🌟,"I want to tell you about the people on Team Pete . I don ' t talk about my son being trans to strangers because I am super protective and it doesn ' t take much to upset me when it comes to him . So , to avoid conflict , I don ' t talk about his journey with people I don ' t know . What I || <USER> I knew there was something special about this campaign ... Heck , I even * SWITCHED PARTIES * as a result ! To be on TeamPete is something that will stick with all of us for the rest of our lives , no matter what the outcome is . Please tell Adi I said "" HI ! "" ... Thank you ! Belonging 🤗 || <USER> You switching parties is exactly what I am talking about ! Belonging is more important than anything , including party ! We are so lucky to have you here and , of course , I will tell Adi that you said hello ! || <USER> Becoming a Democrat was the best decision I made last year ! As a result , I've made many meaningful friends on Twitter & have finally found real peace within myself after many years of inner struggle ... What a relief ! Individuals like your family are why I'm fighting so hard ! ✊ 😁 || <USER> <USER> Awe ... Thank you ! You're amazing , too ! Never have I ever encountered so many wonderful people ... TeamPete is the best team ... * EVER * ! RulesOfTheRoad Belonging 🤗 🥰 💕 🌟 || <USER> <USER> I love that you ' re principled - it ' s so important ❤ ️ || <USER> <USER> I've been a fighter my whole life ... Long story short , I'm * VERY * fortunate to be alive ! ' Cause I've survived in situations that other individuals haven't had the opportunity to , I feel it's my humble duty to use my life , my story of survival for the greater good ! YOLO 🥰 💕 🌟 ⚖ ️ || <USER> <USER> That is inspiring ! ! Thank you for sharing that , Sarah .",True,303,92,11,3,5.090909090909091,1,0,2,2,2,0.18181818181818182,3,0,0,0,0,0,0,False,8.0
figlang_twitter,twitter,train,0,"An acceptance of what was , but more importantly with who I am and what can be . Because life is indeed too good . __ forgiveness you iloveyou","Fear and hurt imprint on our minds in a way that ' s inescapable . Even now , I can tell you my first memory - crying in my bedroom as a 4 - year-old as my bi-polar mother and alcoholic father raged their own personal wars on another at the other end of the house . || All I wanted was for it to stop . I can tell you every detail about my dad ' s home during my walkthrough after his suicide there . The smell of empty beer cans . The stagnant air . The silence . The blood on the back and right walls of his bedroom . || I can talk all through the indifference and relief I felt - and still feel - about my mom ' s death seven years ago . How the black cloud that she had been since my angry childhood had finally lifted . || And tell you without a hint of doubt I ' ve been the best dad I could have been for having lived through my mom ' s worst . I carried around every mistake I had ever made for so long . Every person I had hurt along the way - even the smallest failures - was a daily thought and regret . || I haven ' t been angry in a long time . Because somewhere along the way the burden of failure that defined much of my life evolved into a confidence with all who I am - faults and all .",True,235,148,25,2,4.36,0,0,0,0,0,0.0,0,0,0,0,0,0,0,False,5.0
figlang_twitter,twitter,train,0,"<USER> <USER> <USER> Whatever Your Religion or SpirtualAffiliation , Please EVERYONE send & Prayers to & ALL in the Path of the ! <URL>",<USER> <USER> <USER> Everyone should report Trump to Twitter ! I did ! 😎 ✊ ✌ ️ || <USER> <USER> <USER> I've posted a request that everyone report him before he says something to make it worse ! 😵 😩 😫 😱 😭 || <USER> <USER> <USER> Sick sick sick in the pit of my stomach for all of our military . Americans all over the world now not safe .,True,55,147,20,1,5.0,1,0,0,0,6,0.3,0,0,0,0,0,0,0,False,3.0
figlang_twitter,twitter,train,0,"<USER> <USER> <USER> The nature of GOD as He shows Himself to be : Holy , Creator , As the Word of the Living GOD goes forth ... so things are . AbsoluteTruth from Eternal Omniscient is a firm foundation The living it out for us to know was accomplished by Messiah Jesus Christ & followers . lives","<USER> <USER> <USER> I have already practiced other religions . I would still focus on the highest ideal in silent prayer / meditation , as I have always done since the beginning of my journey . Because it is beneficial and fail to see the benifit in not believing in a God or gods . || <USER> <USER> <USER> Sticking with facts and reason is actually good for your brain . You are a case in point . Lack of reason makes you loopy . || <USER> <USER> <USER> Do you think that is what becoming an atheist is ? I mean , sticking with the facts ? What is the benefit in not believing ? || <USER> <USER> <USER> So you ' re believing because there ' s benefits || <USER> <USER> <USER> I don't know why you do what you do , but my guess is because of the deep hatred you hold torwards others . || <USER> <USER> <USER> Just explained why it is beneficial for you to not believe . || <USER> <USER> <USER> No , you don't provided your opinion . Until you DEMONSTRATE it as valid , I don't accept it as valid . It's an honesty thing . You wouldn't understand . || <USER> <USER> <USER> I understand you honestly don't believe . My question is how is that beneficial for you and those around you ? || <USER> <USER> <USER> It is my intention to believe as many true things and as few false things as possible . || <USER> <USER> <USER> I keep hearing that what do you believe ? || <USER> <USER> <USER> I believe that most religions are centred on myths that are symbolic rather than explanatory . || <USER> <USER> <USER> Most religions are false . Christianity is the only faith where we worship the one true living God . || <USER> <USER> <USER> The followers of every god worshipping religion say that , why should we believe you ?",True,290,305,51,3,4.411764705882353,0,0,1,1,5,0.09803921568627451,0,0,0,0,0,0,0,False,13.0
figlang_twitter,twitter,train,0,<USER> <USER> When you ' re just about to fall asleep and then a foot shoved itself under your rib and then all of a sudden you have giant flame of heartburn come up your throat and then you pee your pants all at the same time lol,When I see pregnant woman walking around in public it weirds me out because it ' s so uncommon . || <USER> I was one and I agree with this . || <USER> <USER> The state ' s you get when you are 8 months pregnant out in public is hilarious,True,46,234,48,1,3.7291666666666665,0,0,0,0,2,0.041666666666666664,0,0,0,0,0,0,1,False,3.0
figlang_twitter,twitter,train,0,"<USER> Dude ... they don't care about the minorities being killed , raped , converted in 3 islamic nations . They don't basically care about human life , little girls getting raped n married 2much older guys & u think the consideration of "" pollution & time waste "" is gonna move them ? 😂","Let me throw up something about the Shaheen Bagh protests . They ' re costing me at least ₹ 75 and 30-60 minutes every working day . || How you might ask ? With the DND clogged up , to be fair if I go to office early enough in the AM I can use the DND but in the evenings , I ' m forced to use Nizamuddin . So on average I ' m driving ten clicks more daily . || Which in the car I ' m driving right now is about a litre of petrol , so ₹ 75 . But you could argue that that much money wouldn ' t hurt someone like me . Sure , I ' m not happy about burning an extra litre of fuel , but on that front , I ' m not one to talk . || But I could without the time loss , but then again I ' m in a nice car with an air purifier and a nice audio system . So more time for podcasts . || But the average commuter isn ' t as lucky as me . They ' re spending hours more in some cases and much more money . And while ₹ 75 won ' t hurt me , the average commuter who is affected does get hurt spending ₹ 100 more a day . || So when you think of the tens of thousands of commuters affected , the extra money and fuel spent , the maths will not be pretty . You would be looking at tens of crores daily in pure financial costs , but the time wasted and the additional pollution ? Can you stick a monetary value ?",True,253,292,43,3,5.046511627906977,0,1,1,1,1,0.023255813953488372,1,0,1,0,0,0,0,False,6.0
figlang_twitter,twitter,train,0,<USER> Lets hope we're put in the same regiment as artists eh ? We can paint and document the war .,"Did we not learn anything from the Bush / Blair era with Iraq and Syria ? ? ! ! ! WW3 || <USER> We have access to all the history of the world on our mobile phones , yet here we are repeating it . : I || <USER> All of this for Oil Money and Pride . What about all the destruction it will cause 🤦 🏽 ♀ ️ || <USER> Not even for that , its a distraction from his impeachment and support for an election . All this needless death for a fat orange man . || <USER> Won ' t be a country left for him to run",True,91,101,19,2,3.9473684210526314,0,1,0,0,1,0.05263157894736842,0,0,0,0,0,0,0,False,5.0
figlang_twitter,twitter,train,0,<USER> ❤ ❤ I do . And you are most most most welcome .,Came home sick from work today and then realized I ' m still the only parent . noMomsickdays <URL> || <USER> I see you . I hope some restful zzzzzz's are near . Sending love and healing thoughts ❤ ☀ ️ || <USER> Best three words ever : I see you . Made my night . Thank you 💕,True,47,56,10,2,3.5,0,0,0,0,1,0.1,2,0,0,0,0,0,0,False,3.0
figlang_twitter,twitter,train,0,"<USER> <USER> <USER> What a lovely friend ! Yet another reason of WhyPete ... He brings out the best in everyone , based on what I've witnessed thus far ! RulesOfTheRoad Belonging 🥰 💕 💛 💙","Does having a "" Buttigieg 2020 . Pete for president "" sticker on my car make any sense here in the Netherlands ? Nope . Do I care ? Nope . 😁 <URL> || <USER> <USER> Ha , dat is toewijding ! Ik heb geen auto , maar loop met net zo veel ( of weinig ) effect met deze door een lieve vriendin gehaakte muts door Nederland 😉 <URL> || <USER> <USER> <USER> Cute PETE beanie ! Did you crochet it yourself ? 🥰 💕 💛 💙 🌟 || <USER> <USER> <USER> My very sweet friend made it for me . She ' s not as obsessed with Pete ( or American politics in general ) as I am , but she looked up the campaign colours and everything . Best birthday gift ever .",True,105,199,28,3,4.857142857142857,2,0,1,1,3,0.10714285714285714,4,0,0,0,0,0,0,False,4.0
figlang_twitter,twitter,train,0,<USER> <USER> <USER> Yes and what you out into those years ... Passsion Desire Faith Spread it ! Please !,"<USER> <USER> <USER> I hope in my old age I can move like this TGIF ... let ' s shuffle into the Weekend <URL> || <USER> <USER> <USER> Oh yeah ! Awesome , Polo . When my grandfather was 72 , he did a flip on the rings at the local park's play area . He also learned to paint and do stained glass . His retirement was awesomely spent learning new hobbies . Thankful for examples that age is mainly just a number . 😉 💛 || <USER> <USER> <USER> Age is just a number ! I totally agree my dear ! It ' s Not the Years in Your Life That Count . It ' s the Life in Your Years myrevita",True,107,117,17,3,4.411764705882353,2,0,1,1,3,0.17647058823529413,0,1,0,0,0,0,0,False,3.0
figlang_twitter,twitter,train,0,"4/4 Congrats to Jessica , Eimear & Mollie who won a Display Award with their project ' Bio Gum ' . Thank you to our wonderful Science Dept for the guidance & support given to each of our BowerGirls . Thank you also to <USER> for providing this platform for students to shine <URL>","1/4 What a fab week for each of our BowerGirls at <USER> . Congrats to Leah on winning the <USER> Global Challenges Award , she came 2nd in the Individual Bio & Eco category & also won a Display Award for her project ' Citrus Peel - The Answer to Global Drought ' GirlsinSTEM <URL> || 2/4 Congrats to Clare - 2nd in the Intermediate Individual Social & Behavioural category with her <USER> project ' Can Singapore Bar Models Help Simply Chemistry ' GirlsinSTEM CreateTodayShapeTomorrow 👏 👩 🔬 <URL> || 3/4 Congrats to Arlene , Ciara & Marie who came 3rd in the <USER> Junior Group Technology category with ' Reeling in the Years ' an app to help those living with dementia . GirlsinSTEM BTYSTE2020 👏 👩 💻 <URL>",True,109,286,48,2,4.479166666666667,0,0,0,0,2,0.041666666666666664,0,0,0,0,0,0,1,False,3.0
figlang_twitter,twitter,train,0,<USER> <USER> <USER> Yeah smart . Start where you ' re going to finish . boilers,"<USER> <USER> <USER> With you Arabella . Waited for a mate to get back to me and missed out too ! ! ! || <USER> <USER> <USER> If this goes well , there might be a show not too far away . And you WON'T want to miss it if we can make it happen . || <USER> <USER> <USER> Put me down for a table now Legend bronzeforjohns || <USER> <USER> <USER> A lot of water to flow under the bridge before it happens . But it's genuinely exciting . || <USER> <USER> <USER> Courtesy bus to Northies or Carmens after the show ?",True,91,88,14,2,4.071428571428571,0,0,0,0,3,0.21428571428571427,0,0,0,0,0,0,1,False,5.0
figlang_twitter,twitter,train,0,<USER> <USER> <USER> idk to be honest everyone should be nice to everyone like me i just want friends and peace in the community 💜 💜 💜 spread not hate,"<USER> <USER> she said this shes telling all simmers too Jessamica 92 i think thejessachannel was talking about how they just ignore and think you are stalking them and that you pretend that you have problems with the sims 2 || <USER> <USER> i blocked her too and shes still talking about me what should i do ? ? ? || <USER> <USER> what will that do ive done that 3 times || <USER> <USER> ok . can you talk to ask her <URL> why she blocked me because it just happened || <USER> <USER> She blocked you because you just defended <USER> and she doesn't like him || <USER> <USER> <USER> oh well tell her ill block him if she'll unblock me to be honest i dont even watch him || <USER> <USER> <USER> If she blocked you over that , that's not good friend material is it ?",True,135,158,27,1,4.148148148148148,0,0,0,0,3,0.1111111111111111,3,0,0,0,0,0,1,False,7.0
figlang_twitter,twitter,train,0,"<USER> <USER> <USER> The "" value "" of Money refers to the metal content of a coin . 😂 😂 😂","<USER> <USER> <USER> The official Monet Unit or standard adopted by England in 1903 , then the American Colonies , then Constitution was the Spanish Milled Dollar - or "" Pieces of Eight "" , a fixed weight of silver . || <USER> <USER> <USER> • The only "" Money "" Congress can bring into existence is silver & gold in the form of "" Coin "" . ART I , SEC 8 CL 5 . • States must use silver & gold only in all State governmental fiscal transactions . ART I , SEC 10 , CL1 . || <USER> <USER> <USER> The government also defined the dollar as 1/20 th of an oz of gold . But none of that matters . You're claim is that banks didn't use gold as specie to issue fiduciary media and that's batshit insane || <USER> <USER> <USER> Wrong . The companion coinage first minted in the U . S . in gold were designated as "" eagles "" not "" dollars "" , because a "" dollar "" is a fixed weight of silver . This is elementary . || <USER> <USER> <USER> No one is disputing that . Why you think that means there wasn't a gold standard is beyond me . You clearly have no idea how the banking system worked in the 29th century || <USER> <USER> <USER> Because the Money Unit or standard by in fact & law is silver . || <USER> <USER> <USER> You obviously don't know what the term gold standard means || <USER> <USER> <USER> Do you have a link to your money bill based on your "" gold standard "" ? || <USER> <USER> <USER> Can you for the record just explicitly state that banks didn't use gold specie just so everyone knows you're a crazy person ? || <USER> <USER> <USER> Let's see your money bill . Let's see your "" sanity "" . Surely you can't just be a Twitter scholar with nothing to back up your "" expertise "" . || <USER> <USER> <USER> I already linked you to two books on monetary history || <USER> <USER> <USER> Other people's books are not a bill . Talk is cheap . Let's see how your system is implemented . Do you have a link to your money bill based on your "" gold standard "" ? || <USER> <USER> <USER> I honestly can ' t follow what you ' re trying to do here , but is this what you ' re looking for , the act where gold is made the only standard for the dollar ? <URL> || <USER> <USER> <USER> When the Constitution used the term "" dollar "" in 1788 , it had a legal meaning then & there . Until you learn this , you will not understand . || <USER> <USER> <USER> We understand what you ' re saying . Just trying to figure out what your point is . You ' re demanding we go back to the same currency system ? || <USER> <USER> <USER> The Constitution requires government officials to perform all governmental fiscal transactions in silver & gold only . || <USER> <USER> <USER> Have the updated legislation throughout the centuries since been successfully challenged ? Why are you wasting so much energy screaming this into the wind ? || <USER> <USER> <USER> FYI - if so much energy was "" being wasted "" no one would be discussing this - which various States are . Must be difficult thinking you know everything . When you don't . 😉 <URL> || <USER> <USER> <USER> These geniuses , are they telling us what value they will assign to gold In their state ? The original $ 19.39 ? If the founders said so , it ' s basically gospel , yes ? Hell , I ' ll grab cash and go get me some gold for it !",True,541,95,15,1,3.8,0,0,0,0,3,0.2,3,0,1,0,0,0,0,False,19.0
figlang_twitter,twitter,train,0,<USER> <USER> <USER> That's up there with the James Caan trick of renting the worst office in a fancy building and meeting every client in the foyer and taking them out for coffee so they saw the super impressive building but not the run down office itself ! CausewayHour,"What is going to be your priority for the next week ? CausewayHour || <USER> 1 . Getting that marketing plan mapped out . 2 . Getting house tidied to a non-embarrassing level 3 . packing a bag to airline acceptable level and successfully jetting off for first ski holiday in 5 yrs ! CausewayHour selfemployed HolidayTime 🛫 ⛷ 🎿 😃 || <USER> <USER> <USER> Precisely my point haha but that's one advantage of having a tea bar , we just host friends there 😂 perks causewayhour",True,70,279,48,1,4.5,1,0,0,0,3,0.0625,0,0,0,0,0,0,0,False,3.0
figlang_twitter,twitter,train,0,"<USER> <USER> REALLY ? We need more name calling , bad manners , incivility , lying , corruption , bad form ? Wow . Just WOW . Today's republican party has gone not only down the gutter , but straight down the shitter to HELL . Unconscionable BadForm DoBetter <URL>","A ) you are . B ) here ' s the video . <URL> <URL> || <USER> We need more of this ! Thank you , Senator !",True,20,275,39,5,5.102564102564102,0,2,0,0,6,0.15384615384615385,0,0,0,0,0,0,2,False,2.0
figlang_twitter,twitter,val,0,<USER> <USER> And that ' s . That ' s my only point .,"<USER> Regardless of reasons and narrative , IF Fuente leaves for Baylor perception will be that it ' s a better job . || <USER> <USER> Have to imagine they have had a better run than Tech over the last 10 years .",True,38,57,12,2,2.8333333333333335,0,0,0,0,2,0.16666666666666666,0,0,0,0,0,0,0,False,2.0
figlang_twitter,twitter,train,0,"<USER> <USER> Yes but the prez is so gd lazy , some misfit must step up . HelpUs","Inside Kushner ' s Unusual White House Role Kushner ' s UNREALISTICALLY BROAD POLICY PORTFOLIO : Health care , Lebanon , Border Infrastructure , Central America Econ Plan , POTUS Environment , DOJ [ Department of Justice ] TrumpBriberyForDIRT EXTORTION MOG <URL> || <USER> Considering Kushner has no qualifications or experience quite amazing .",True,44,86,16,1,3.5625,0,0,0,0,2,0.125,0,0,0,0,0,0,0,False,2.0
figlang_twitter,twitter,train,0,"<USER> <USER> <USER> Their accomplishments is sign stealing , so they could hit the ball . DUH Reminds me of trumptard winning , because of russians . CORRUPTASFUCK","Day 2 ️ ⃣ of AstrosCaravan 🚌 Come see us at <USER> in Katy this afternoon ! Full details below and at <URL> <URL> || <USER> <USER> Stay strong Astros ! 🧡 💙 This isn ' t the first sign stealing scandal , and it won ' t be the last . You made contact with the ball , that ' s YOUR accomplishment , it doesn ' t matter how much info you had before that .",True,64,174,24,2,5.291666666666667,0,0,0,0,5,0.20833333333333334,0,0,0,0,0,0,0,False,2.0
figlang_twitter,twitter,train,0,<USER> <USER> judging by the photo of 45 in those white shorts his rear end is as big as KimKardashian ' s,"95 % Approval Rating in the Republican Party , a record . 53 % Approval Rating overall ( can we add 7 to 10 percent because of the Trump "" thing ? "" ) . Thank you ! || <USER> Russia got you elected - although they were unable to give you the popular vote . Now you have a cult following - albeit not as big as kim Kardashian ' s",True,53,114,21,1,3.761904761904762,0,0,0,0,2,0.09523809523809523,0,0,0,0,0,0,0,False,2.0
figlang_twitter,twitter,val,0,"<USER> <USER> With all the making of America that you want to attribute to your God - Donald Trump . You forgot to add America at the end there ... God bless America ! And with tweets like this , God save America .","Here we go again , another Con Job by the Do Nothing Democrats . All of this work was supposed to be done by the House , not the Senate ! || <USER> We thank the Lord God today that , Trump Made America Free Trump Made America Safe Trump Made America Great Trump Made America Secure Trump Made America Prosper Trump Made America Amazing Let us Unite & Pray for our President & Country Please Retweet Reply "" Thanks "" God Bless !",True,73,218,38,4,4.184210526315789,1,0,1,1,2,0.05263157894736842,0,0,0,0,0,0,0,False,2.0
figlang_twitter,twitter,train,0,"<USER> <USER> Naw ... you're the triggered one , jumping in my conversation then blocking me after your two responses . You can dish it but can't take it . GrowAPair <URL>","Bernie stood with black Americans protesting segregation in the 60s Bernie stood with women fighting for abortion rights in the 70s Bernie stood with the LGBT + community parading in Burlington in the 80s Bernie stands with America's poor everyday That is why IStandWithBernie || <USER> Oh please ! ! ! Bernie supposedly stood with Blks during the civil rights movement but all I've ever seen was 1 picture that was SUPPOSEDLY him . No proof . He's been in Congress for 30 + years with nothing to show but a vote for the 93 crime bill and lots of rhetoric ! I'm not going ! ! ! || <USER> <USER> I'm not making any endorsements . Who I'm voting for is between me and the ballot box . How about you ? || <USER> <USER> What , you going with "" I ' m rubber your glue "" form ? <URL> || <USER> <USER> Yep ! Everything you say bounces off me and sticks to you . You mad or naw ? 😋 || <USER> <USER> Know how I know your a troll ? Ain ' t NOBODY a fan of the WhiteSox ! They are like the KnickelBack or sports teams ! || <USER> <USER> Know how I know you're a dic k ? Because I said so ! Lol ... bye biatch . You may resume perusing my tweets now . WhiteSox4Life FuckTheNaySayers cuz they don't mean a thing . 🥰 😚 😍 🤡 || <USER> <USER> I ' m just looking at your profile image . You seem super triggered ! Almost as if that ' s your goal .",True,227,177,28,3,4.571428571428571,0,0,1,1,3,0.10714285714285714,0,0,0,0,0,0,0,False,8.0
figlang_twitter,twitter,test,1,<USER> <USER> I know . We need gun control and the liberals need to send military in to confiscate guns too . We need martial law on this ! Because screw human rights . Right ?,"Trudeau : we have exhausted our capacity to engage in a positive , active way to resolve this and the onus is now on indigenous leadership to move forward on reconciliation . || <USER> Time to bring in the military , enough is enough !",True,39,180,31,5,4.258064516129032,1,1,0,0,2,0.06451612903225806,0,0,0,0,0,0,1,False,2.0
figlang_twitter,twitter,test,0,"<USER> <USER> <USER> lol . But , they have to change up the show sometimes . It wasn ' t the worst . 😂","<USER> <USER> <USER> We ' re not watching the same show 😒 😒 😒 || <USER> <USER> <USER> It might not have popped . But , I love salsa music , dancing to salsa and both of them . This pays homage to - the Miami culture . || <USER> <USER> <USER> I was expecting a unifying show . It just didn ' t do it for me . Sorry ! || <USER> <USER> <USER> I will say I did like seeing J Lo bring on her daughter . That was cute",True,76,108,19,3,3.5789473684210527,0,0,0,0,3,0.15789473684210525,1,0,0,0,0,0,1,False,4.0
figlang_twitter,twitter,test,1,<USER> Yeah gifting roses is so cringe for sure ! !,"Call me old-fashioned , but to see subcontinent people celebrating Valentine ' s Day with such fanfare looks odd and makes me feel incredibly uncomfortable . I can ' t explain why . || Alhamdulillah , my parents have never celebrated Valentine ' s Day in their 48 years of marriage . And to be honest , had my father ever celebrated Valentine ' s Day and / or gifted my mother roses or something cringe like that , I would have considered it grounds for legal emancipation .",True,79,53,9,2,4.111111111111111,2,0,0,0,1,0.1111111111111111,0,0,0,0,0,0,2,False,2.0
figlang_twitter,twitter,test,1,<USER> <USER> <USER> Wow . That school is worth all the student debt ! It's really preparing kids for life ! I'm enjoying the free exchange of ideas and dialog !,When a conservative girl visits <USER> to ask students basic questions about life ... <URL> || <USER> <USER> I went there to ask them Presidents Day trivia questions 😂,True,26,167,27,4,4.481481481481482,3,0,0,0,3,0.1111111111111111,0,0,0,0,0,0,1,False,2.0
figlang_twitter,twitter,test,1,<USER> <USER> Liverpool fan calling other supporters glory hunters,BREAKING : Ed Woodward's Cheshire home has been targeted by a mob of Manchester United fans . || <USER> Glory hunters taking to far not shock,True,23,70,9,1,6.0,0,0,0,0,2,0.2222222222222222,0,0,0,0,0,0,0,False,2.0
figlang_twitter,twitter,test,0,<USER> I just when people say inspiring WordsOfThought .,"Being yourself is easy , it takes so little effort ... || <USER> This is one of the things that I've Read on here thus far today and thats RealTalk .",True,27,60,8,1,5.625,0,0,0,0,1,0.125,0,0,0,0,0,0,0,False,2.0
figlang_twitter,twitter,test,1,<USER> <USER> <USER> One of my plagiarists was a philosopher ; the other was a vice chancellor .,"I should say that this piece arose from an exchange on <USER> with <USER> and <USER> <URL> || <USER> <USER> <USER> I still think we should forbid students cutting and pasting from past assignments . But I agree that the police-state mentality ( and the associated technology ) should be done away with . I compare it to believing in speed limits but not radar traps . || <USER> <USER> <USER> I still think that self plagiarism is not plagiarism . ☺ || <USER> <USER> <USER> But surely this is a bit over the top : "" The student who cuts and pastes an earlier work in a way that satisfies the demands of an assignment is acting no differently from one of Bloom ' s anxious poets who succeeds in obliterating the memory of those from whom she plagiarised . "" || <USER> <USER> <USER> I think your feudal state metaphor is exactly in reverse . The plagiarist is the Lord , the plagiarized the peasant . || <USER> <USER> <USER> You work in the fields of prose , and some guy shows up and says "" all this is mine . "" That ' s feudalism as it is . || <USER> <USER> <USER> But the point is that entitlement and rent disappear . Then the situation you describe is impossible . The way nobody owns property laws of the Second Law of Thermodynamics . || <USER> <USER> <USER> It's quite common in copyright questions to distinguish between ideas and works . So , for example , anyone can write a book about thermodynamics . But you can't use two pages from my book on the subject to cover the second law without asking / paying . || <USER> <USER> <USER> Likewise , a student can't reuse the two pages they wrote on the second law for a short paper in the first term as part of a longer research paper at the end of the fourth . The law is still the same , the prose is just as true . But they must demonstrate they * still * understand it . || <USER> <USER> <USER> I agree ; what ' s more , what a small price to pay in many instances . Quotation and / or with citation . || <USER> <USER> <USER> I must say that philosophers are very bad in paying that price especially if they should pay it to the unknown thinker . What they do is cite only those at the high places . Now , selective citing is proufoundly evil .",True,378,102,16,1,4.4375,0,0,0,0,3,0.1875,0,0,0,0,0,0,0,False,11.0
figlang_twitter,twitter,test,0,<USER> <USER> And all the British centric programmes can't go wrong geezer !,"Netflix : £ 95.88 per year . Amazon Prime : £ 79 per year . BBC : £ 157.50 per year . Can't help but think we're not getting good value for money . || <USER> BBC is also very good for kids 😊 || <USER> <USER> That ' s right JJ , proper quality children ' s programming . Nit just cartoons",True,45,80,12,1,4.916666666666667,1,0,0,0,2,0.16666666666666666,0,0,0,0,0,0,0,False,3.0
figlang_twitter,twitter,test,0,<USER> <USER> Will also have to check if one moves to new tax regime can he after a year or 2 move back . Initially 1 might not invest but as one grows in age u plan for retirement & 80 c and CCD & mediclaim play important role especially in a country with no social security,"<USER> <USER> yes to read which are all exemptions , deductions are to be removed - Housing deduction they wont , to keep real estate active || <USER> <USER> They have removed 70 exemptions . Devil is in details .",True,33,279,51,1,4.078431372549019,0,0,0,0,3,0.058823529411764705,0,0,0,0,0,0,0,False,2.0
figlang_twitter,twitter,test,1,<USER> <USER> <USER> you didnt get the from Clyburn ? LMFAO <URL>,<USER> <USER> What does that BS have to do with what clyburn said ? || <USER> <USER> Employment numbers are 🐂 💩 stats for governments to keep the population fattened up for the slaughter <URL>,True,31,71,11,1,4.090909090909091,0,1,0,0,5,0.45454545454545453,0,0,0,0,0,0,0,False,2.0
figlang_twitter,twitter,test,1,<USER> <USER> Because how well one can adhere to the structures of capitalism is definitely the most important thing .,"I don't know much about roses . But get any vet onto the subject of eugenics in dogs , and the heartbreaking genetic shitshow that we imposed on artificial breeds like the German Shepherd by thinking we could breed for perfection , and the huge lesson is it doesn't work in practice . <URL> || <USER> A fellow speaker at the RSM was a govt eugenicist . He proposed forced sterilisation , eugenic breeding , & retroactive abortion for people with disabilities . He said this to me ' My job is to ensure people like you cease to exist , no civilised society should tolerate your existence ' || <USER> <USER> "" Retroactive abortion "" is just murder , isn't it ? That's what that means ? || <USER> <USER> Thatcher commissioned him to create a mathematical formula to quantify quality of life , to be used in assessing people with disabilities right to live . Two thirds of the formula related to the ability to contribute financially to society .",True,151,122,19,1,4.947368421052632,0,0,0,0,2,0.10526315789473684,0,0,0,0,0,0,2,False,4.0
figlang_twitter,twitter,test,1,"<USER> <USER> She muted me . Told a transperson that she knows transphobia better than I do . All while I was trying to respectfully explain things to her , even gave my own personal experience on the matter . Wow , what a great trans ally .","Persona games have a very real , very serious homophobia and transphobia problem . Naoto's ( Persona 4 ) whole character is like something from a TERF horror story ! I'm glad localization teams , at least , are doing something about it . persona5royal Persona5 localization <URL> || <USER> naoto isnt trans play the game her arc is about sexism , not transitioning <URL> || <USER> Dude I've played every version of that game multiple times . That doesn't place it above critique . <URL> || <USER> and who said it did ? all im saying is naotos arc has nothing to do transitioning , only sexism in the workplace . Dont make it something its not about . She only wanted to be accepted in her career choice literally nothing more .",True,115,245,42,4,4.380952380952381,0,0,0,0,2,0.047619047619047616,0,0,0,0,0,0,2,False,4.0
figlang_twitter,twitter,test,0,<USER> <USER> I get your point . Why focus on a well-known philanthropist's two murder cases ? Have they not mostly been helping the community ?,"Today , I will be focusing on the married . It is sad that many married people are still having crushes with persons apart from their spouses . || If there is any fellow aside from your spouse you are admiring unduly , you must see such a person as the devil and get rid of them immediately . || One of my sons once told me that he was always excited to resume in the office every Monday because he would get to see his secretary again . I told him to fire her immediately . Nothing and no one is worth your marriage . || <USER> Y ' all just decided to miss the whole point of this tweet and focus on the fire her part Mannn",True,118,148,24,3,4.625,0,2,0,0,2,0.08333333333333333,0,0,0,0,0,0,1,False,4.0
figlang_twitter,twitter,test,0,<USER> <USER> Rachel ... its awful i cannot go near social media at work all day Monday incase of spoilers rollonmonday,"PowerFinale Sunday . All questions answered . <USER> New York , New York <URL> || <USER> Nooo . We gotta wait longer in the UK 🙈",True,20,125,20,1,4.6,0,0,1,1,2,0.1,0,0,0,0,0,0,0,False,2.0
figlang_twitter,twitter,test,0,"<USER> <USER> <USER> OMG , are you dumb ? the MC sales in one week it sells 71k , but the rest of the weeks it sells 43k , 51k , do you think it only sells for 1 week ? lmao . AIWFCIY THE SINGLE , outsold their albums combined , it sold millions and millions last decade , and she has , 3m ww .","<USER> <USER> <USER> Sis , i said albums and single sales without CSPC , AIWFCIY sold way more than their albums combined . || <USER> <USER> <USER> no lmao it only gives her 73k album equivalent for one week in the year . for a decade if we're being generous it would make 730k albums and Celine's 2016 album sold 828k in a few years CSPC lol",True,61,300,54,4,3.740740740740741,0,2,0,0,8,0.14814814814814814,0,0,0,0,0,0,0,False,2.0
figlang_twitter,twitter,test,1,"<USER> <USER> <USER> Oh ... and can I point out "" Dynamitu "" in your tweet ? AEWDynamite","So <USER> not only called NylaRose King of the mountain , but also signed off the latest <USER> <USER> Dynamitu episode with "" See you Monday in Atlanta "" , unless we are experiencing a new Monday night war that ' s a couple big botches there timetoretire ? || <USER> <USER> <USER> Have you ever called a live sporting event ? I have . It ' s impossible to do so without a few errors .",True,68,96,14,2,4.214285714285714,0,1,1,1,3,0.21428571428571427,0,0,1,0,0,0,1,False,2.0
figlang_twitter,twitter,test,0,"<USER> <USER> <USER> They are , Angie ! Thank you for sharing also ! ♥ ️","<USER> <USER> <USER> Thanks for including me in your "" these folks shine "" list , Samantha ! 💙 I'm happy to add some more names to your list . <URL> || <USER> <USER> <USER> Thanks dear friend Pletcha .. Appreciate being included in "" these folks shine "" list . Here are a few more awesome people",True,47,78,11,2,4.181818181818182,2,0,0,0,3,0.2727272727272727,2,0,0,0,0,0,0,False,2.0
figlang_twitter,twitter,test,1,"<USER> <USER> Yeah , cause when I was playing football in high school and college we never once listened to AC / DC , Metallica , or Iron Maiden to get pumped up before a game or during workouts in the weight room . .",SHARE AND SPREAD THE WORD ! WE NEED A LOT OF SIGNATURES TO BE NOTICED ! Dee Snider backs petition to have AC / DC play Super Bowl half-time show <URL> || <USER> Not sure classic rock groups with senior citizen line ups is the right answer here ... SuperBowlHalftimeShow smokeandlights,True,47,222,39,2,4.17948717948718,0,0,0,0,4,0.10256410256410256,0,0,0,0,0,0,1,False,2.0
figlang_twitter,twitter,test,1,"<USER> <USER> Yes , Rey should have been given the stunningly creative costume design of ... a sleeveless T-Shirt and some jeans .","Friendly reminder that J . J . Abrams , a director with zero experience in costume design , overrided Michael Kaplan , a multi-award-winning costume designer on all three sequel trilogy films , when Kaplan said that Rey needed a total "" redesign "" for StarWars TheRiseOfSkywalker . <URL> || <USER> You mean Rey wasn't meant to be the most boring bland creature in the universe ? My cure for Rey is my own comics and stories . Like the ones pictured below ... aint no mary sues in my world building . <URL>",True,82,134,21,2,4.666666666666667,0,0,1,1,2,0.09523809523809523,0,0,0,0,0,0,0,False,2.0
figlang_twitter,twitter,test,0,<USER> <USER> <USER> I see what you did there ! Nicely done !,Pelosi and her corrupt-hate filled Democrats can ' t even stand for a man fighting stage 4 lung cancer . I ' ve known Rush for 30 years and no one deserves the Medal of Freedom more than Rush Limbaugh . He ' s a 100 % patriot . Thank you <USER> for honoring him . || <USER> <USER> Good people die of cancer every day and the heroism they display and the pain they endure goes unnoticed except by those who love them . So excuse some of us for not rising for the dog and pony show going on right now .,True,94,67,11,2,3.727272727272727,2,0,0,0,3,0.2727272727272727,0,0,0,0,0,0,0,False,2.0
figlang_twitter,twitter,test,1,"<USER> Isn ' t that cute , you did research on me , now who ' s in who ' s head . 😉 .","Zack Kassian : "" To me those are two dangerous hits . "" Darnel Nurse : <URL> || <USER> Sounds like the Oilers are occupying a lot of your thoughts ... || <USER> nope just pointing out the irony Quick tip for you tho .. before you say something like that maybe go back thru your own feed 😉 Ive tweeted 3 times about them in forever . YOU on the other hand seem pretty obsessed with the Flames RentFree 😂 <URL>",True,69,87,20,2,2.7,0,0,0,0,1,0.05,1,0,0,0,0,0,0,False,3.0
figlang_twitter,twitter,test,0,"<USER> A very bland response . Being one of the largest energy suppliers in the UK I would have thought you would have enough engineers to service all customers , including your annual service contracts .","<USER> very disappointed customer , I realised I hadn ' t had notification to rebook my annual service , contacted BG today to find first available appointment is 27th March , that ' s 2 months time and 4 months after my service was due , not good enough <USER> || <USER> 2/2 . Sometimes , cancellations come up , so it might be worth checking online . Fiona",True,57,206,33,2,4.96969696969697,0,0,0,0,2,0.06060606060606061,0,0,0,0,0,0,0,False,2.0
figlang_twitter,twitter,test,1,"<USER> <USER> <USER> Yeah , as if raising tuition and fees had anything to do with a party affiliation . intended . I think that cat in your photo has more brains than you .","A young girl came up to me tonight and said , "" I ' m a broke college student with a lot of student loan debt . I checked and I have $ 6 in the bank - so I just gave $ 3 to keep you in this fight . "" We ' re staying in this fight for the people who are counting on us . <URL> || <USER> That ' s what socialism does . It takes half of the money from people who hardly have any to begin with , and gives it to those who don ' t deserve it . || <USER> <USER> No , she reason she ' s poor is because REPUBLICANS were the ones that raised the cost of attending college to ridiculous amounts . You boomers don ' t realize that times have changed and it ' s not possible to pay college with only a part time job like it used to be in the 80s",True,149,179,31,3,4.161290322580645,0,0,0,0,3,0.0967741935483871,0,0,0,0,0,0,1,False,3.0
figlang_twitter,twitter,test,1,"<USER> <USER> <USER> The "" Moral "" Christians who support the most immoral President of America , the and shamelessness is so apparent .","Who are the four prosecutors ( Mueller people ? ) who cut and ran after being exposed for recommending a ridiculous 9 year prison sentence to a man that got caught up in an investigation that was illegal , the Mueller Scam , and shouldn ' t ever even have started ? 13 Angry Democrats ? || <USER> President <USER> has endured ceaseless lies from the destructive Left . LyingLiberals hold a deep hate for what President Trump stands for : America First 🇺 🇸 Despite it all , Pres Trump Keeps working for America ! Follow <USER> for a Bold Christian Voice . <URL>",True,88,144,20,1,5.15,0,0,0,0,3,0.15,0,0,1,0,0,0,0,False,2.0
figlang_twitter,twitter,test,0,<USER> <USER> Bot interface doesn ' t know proper apostrophe usage . . Report . .,"Democrats will never stop extending the hand of friendship to get the job done ForThePeople . We will work to find common ground where we can , but will stand our ground where we cannot . SOTU <URL> || <USER> I am sure this group of hero ' s appreciated the hand you extended to them . shameful classless <URL>",True,55,89,12,4,4.833333333333333,0,0,0,0,2,0.16666666666666666,0,0,0,0,0,0,0,False,2.0
figlang_twitter,twitter,test,1,<USER> <USER> <USER> But we ' re putting pretty planters and fresh paint on MontrealRd ! That ' ll fix everything ! ! Vanier OttCity,"So , why do they get one and Vanier does not ? I was publicly told by you in your Town Hall that they were a liability . <USER> <USER> <USER> <URL> || <USER> <USER> <USER> You misunderstood ; they ' re only a liability in VANIER . Of course . <URL> || <USER> <USER> <USER> Sooo , isn't this an issue then ? They use corner of BK property as a toilet and many other public areas . No where else to go . What happens when Fleury , SA and the rest of them try to push 300 + men onto our streets ? ? ? <URL> || <USER> <USER> <USER> I simply can't fathom what it's going to look like on Montreal road if this project goes forward , knowing how difficult it already is now . || <USER> <USER> <USER> People are already calling it skid row . <URL>",True,130,142,22,3,4.5,3,0,0,0,3,0.13636363636363635,0,0,0,0,0,0,0,False,5.0
figlang_twitter,twitter,test,0,<USER> <USER> Wash them too Ke ja stapane now so portion,"Gents if you living with your lady , would you hang her underwear on the washing line ? And Ladies are you comfortable with your man hanging your undies ? <URL> || <USER> My ex and I used to do this . After bathing , one would go hang the undies outside and whoever feels like fetching them later , would . I don't know if i'll do it with my next partner . It'll depend on him . || <USER> <USER> Talking about your next can I be your next ? <URL> || <USER> <USER> 😂 😂 😂 You going to hang my panties ?",True,89,60,11,1,3.8181818181818183,0,0,0,0,2,0.18181818181818182,0,0,0,0,0,0,0,False,4.0
figlang_twitter,twitter,test,1,<USER> <USER> Just hold it in like pee . Jeez ! Why do we wimmenz need to use our tampons ? Just hold it in !,""" You , all right ? I learned it from watching you ! "" DontDoPons 😉 <URL> || <USER> <USER> So the GOP has determined that Menstruation is Left Wing Plot against them ! I'm sure they have told their Wives to Stop It !",True,36,113,22,4,3.4545454545454546,2,1,0,0,2,0.09090909090909091,0,0,0,0,0,0,0,False,2.0
figlang_twitter,twitter,test,0,<USER> You are welcome . 🙏 🙏 Being grateful for your dedicated work is the minimum I can do as it took me 66 years to FINALLY understand the significance of being grateful . Every effort knowledgeable people make to teach us needs to be appreciated . gratitude CaringCounts .,"Thankful everyday for the hard work , concentration , love , & caring you demonstrate in order to impart vital medical , spiritual , & health awareness knowledge that can lead us to happiness . gratitude appreciation thankful . <URL> || <USER> Thank you for your kind kind words and this retweet , John ! gratitude 🙏 SaturdayThoughts",True,45,281,43,4,5.023255813953488,0,0,0,0,2,0.046511627906976744,2,0,0,0,0,0,0,False,2.0
figlang_twitter,twitter,test,1,<USER> <USER> <USER> A conservative government will definitely solve that,"Trudeau : we have exhausted our capacity to engage in a positive , active way to resolve this and the onus is now on indigenous leadership to move forward on reconciliation . || <USER> I find I'm losing my patience with the heredity chiefs . They have made their point , in Capital letters . They need to negotiate now . || <USER> <USER> Can't negotiate with dishonest government officials . I mean , there's 150 + years of lying to back that claim up . || <USER> <USER> <USER> I'm not sure it's fair that the hereditary chiefs take in the pain of 150 years of unacceptable behavior , I'm also not sure it's fair that the entire current population of Canada needs to be punished for it . || <USER> <USER> <USER> Tell that to First Nation children whose suffering is * ongoing * . || <USER> <USER> <USER> I'm not being nasty and I'm trying hard to not be insensitive , but bringing Canada's economy to its knees and bringing down the government won't really help them either . || <USER> <USER> <USER> I can't imagine the level of desperation these communities are experiencing .",True,171,79,10,1,5.8,0,0,0,0,3,0.3,0,0,0,0,0,0,1,False,7.0
figlang_twitter,twitter,test,0,<USER> You are gorgeous and adding a needed light to the world ! F - them .,"Someone fat-shamed me on a trashy gossip site and put up a ( stolen ) photo of me wearing a bathing suit at the beach for the first time in years . My official response : <URL> || Ironically , that photo of me in a bathing suit was taken because I had finally worked up the nerve to go to the beach after being openly mocked years before by some college guys . I guess some things never change . Well , except me . I grew up and realized I don ' t give a shit . || So here ' s that photo again - the one someone used to call me a "" fat pig . "" Go ahead : laugh if it makes you feel good . This body has birthed 3 kids , hugged countless people , given talks , accepted awards , wrote a bestseller , protects vulnerable people and doesn ' t need your approval . <URL>",True,141,77,14,2,3.857142857142857,1,0,0,0,1,0.07142857142857142,0,0,0,0,0,0,0,False,3.0
figlang_twitter,twitter,test,0,"<USER> My day so far is great , doing nothing much aside from practicing ! You have the answer which is will be released soon on 6th this month ! ! A bop coming to save 2020 crisis . 🌻","[ Omg I love BVNDIT , too . I need BVNDIT rper in here ! <URL> || <USER> { omg hi hi ! ! ! 👀 very nice to hear that 😳 😳 💗 } || <USER> Yeay I'm collecting BVNDIT here ! ! ! It's still rare ~ || <USER> I have my whole squad for you if you need it , check out <USER> . thebvndit and you can find my members username , and tmi : we are completed ! ⭐ ️ || <USER> It's interesting ! ! ! But I'm too shy for greet them 🥺 🥺 🥺 || <USER> Awwww it's okay the girls are very open about finding new mutuals on timeline , i'm sure they are happy to hear that as well ! 😉 || <USER> Really ? ? ? Okay , I will try later ! ;) Anyway , how's your day ? I can't wait for your comeback , anyway ~ I need another bop ! ! !",True,115,186,33,4,4.0,3,0,0,0,1,0.030303030303030304,1,0,0,0,0,0,1,False,7.0
figlang_twitter,twitter,test,0,<USER> Indeed I do but I did love all the people I worked with amongst those items days,"One of the joys of working from home is the breaks you can take <URL> || <USER> Do you remember those days when all you saw was desks , drinks machines and pcs and you had meetings about meetings ?",True,37,89,18,1,3.7777777777777777,0,0,0,0,1,0.05555555555555555,0,0,0,0,0,0,0,False,2.0
figlang_twitter,twitter,test,0,"<USER> <USER> <USER> I feel these items will be used for great service ! A Charity for the underprivileged , or a memorabilia museum commemorating the legacy that Kobe Bryant has left with humanity , so that he and Gigi will live on forever . KobeByrant KobeAndGigi 🙏 ❤ ️",We began the cleanup at 4am ⁦ <USER> ⁩ XBox Plaza and we have now boxed 1353 basketballs dedicated to Kobe and Gianna . Truly amazing the outpouring of love from the City of Angels in honor of the 9 who lost their lives 1/26 / 20 <URL> || <USER> <USER> Wonder what will be done with them,True,49,281,43,2,4.8604651162790695,1,0,0,0,3,0.06976744186046512,3,0,0,0,0,0,1,False,2.0
figlang_twitter,twitter,test,0,"<USER> <USER> Innovation right here ! We've heard how successful the "" 4 day work week "" is recently . How about the "" 2 dayer "" ?","Tech tip for people who are not as good at computers as me : A great way to organise your files is by storing them in "" folders "" . And the best part is that computers are so advanced nowadays that they automatically number your folders so that you can easily tell them apart 👍 <URL> || <USER> Hi Michael , I own a computer company and employ lots of men with side partings and glasses to work for me . If you want a job ( and happen to have a side parting / specs ) just drop me a letter or postcard 👍 || <USER> Thank you for this offer . Can I have Mondays off ? And Fridays ? And can I be the boss of everyone ? Also , I don't think I'll be able to make it in on Tuesdays . I hope that okay .",True,132,134,19,3,4.7368421052631575,1,1,0,0,2,0.10526315789473684,0,0,2,0,0,0,1,False,3.0
figlang_twitter,twitter,test,1,<USER> <USER> <USER> isn ' t bragging . She is making a point that Jennifer has paid assistance .,"Correction Jen does have a job . She ' s a wife , a mom and avid Chanel shopper . RHONJ || <USER> A mom of five kids ! Trying doing that for a week Margaret 😘 || <USER> <USER> I did it with 4 ❤ ️ in my 20 ' s but granted I had full time live in help , just like Jen . 😜 💕 💋 👧 || <USER> <USER> <USER> Really ? ! ? Ya ' ll are bragging about live ins ? ? I would be Embarrassed ! !",True,69,103,17,2,4.176470588235294,0,0,0,0,3,0.17647058823529413,0,0,0,0,0,0,0,False,4.0
figlang_twitter,twitter,test,1,<USER> But too sick to want to drink 😂 so impressed you ' re doing February too !,"50 hr / week job , 5 law classes , campaigning on the weekends , dry January & a bad cold got me like <URL> || <USER> at least you ' re done with january tomorrow ! you ' ve got this",True,33,83,16,1,3.75,1,0,0,0,1,0.0625,1,0,0,0,0,0,0,False,2.0
figlang_twitter,twitter,test,0,<USER> <USER> <USER> Look how cool this guy is he doesn ' t even care about things Wow impressive,"Currently <USER> has sold 12k of zillion beers Merch . He also texted me and said this was "" easy "" and wanted the 50k deal || <USER> <USER> Ripping off Friday beers bad look || <USER> <USER> <USER> Caring about any of this is a bad look",True,43,107,19,1,3.8421052631578947,0,0,0,0,3,0.15789473684210525,0,0,0,0,0,0,1,False,3.0
figlang_twitter,twitter,test,0,"<USER> <USER> Ok , so it could have 1 floor or 30 floors ... Maybe it wasn't a quickie ... Or the guy was hitting all of the floors so it takes even long ...",<USER> Elevator at a work Christmas party || <USER> <USER> I was definitely not paying attention to that,True,17,161,29,3,3.6551724137931036,0,0,3,3,2,0.06896551724137931,0,0,0,0,0,0,1,False,2.0
figlang_twitter,twitter,test,1,<USER> because of you .. nobody is buying :-),"ANAROCK Property Consultants has put out some interesting data on unsold real estate . A small thread on that . || As I had said in a tweet yesterday , the Indian media is obsessed with unsold homes in Noida and Greater Noida and the sob stories that come with it . But the problem is beyond Noida and Greater Noida .",True,56,47,7,1,4.285714285714286,0,0,1,1,1,0.14285714285714285,0,0,0,0,0,0,0,False,2.0
figlang_twitter,twitter,test,1,<USER> <USER> It's not new to anyone who has worked there ...,"NEW : Church of England "" still institutionally racist "" , says Archbishop of Canterbury <URL> || <USER> <USER> Aye . New comments from Justin Welby on C of E racism .",True,25,65,11,1,3.909090909090909,0,0,1,1,2,0.18181818181818182,0,0,0,0,0,0,0,False,2.0
figlang_twitter,twitter,test,1,<USER> <USER> Yet you cheered for Clemson players that transferred to UofSC .,"I will continue to say whatever I please if something is wrong it ' s wrong , if it stinks it stinks , so leave me alone about being a former player so what . I ' m going to continue to say what I want when I want and however I want . I cheered for Clemson in the Natty 🤷 🏾 ♂ ️ 🐅 so what . Lol || <USER> Cheering for Clemsux is not allowed from a Gamecock . Period || <USER> <USER> You're just a miserable fan . Not sure you're in a position to tell a former player what is allowed . || <USER> <USER> My opinion . Don't care if you like it or not || <USER> <USER> Same here . Let me know how it turns out trying to tell people that actually played how they should feel from a couch fan . || <USER> <USER> You people are so touchy . If you played you should be loyal to the Gamecocks . Not any orange allowed",True,151,81,12,1,5.0,0,0,0,0,2,0.16666666666666666,0,0,0,0,0,0,0,False,6.0
figlang_twitter,twitter,test,0,<USER> <USER> <USER> Ya right ... Show proof u did in the 1st place ..,. <USER> tears up of State of the Union speech . SOTU SOTU2020 <URL> || <USER> <USER> And with it any chance of dems ever getting my vote again . These people act like children .,True,31,76,13,2,3.3846153846153846,0,0,2,2,3,0.23076923076923078,0,0,0,0,0,0,1,False,2.0
figlang_twitter,twitter,test,1,<USER> <USER> <USER> along with Praise go hand in hand . Let us be sincere and good citizen of earth .,😂 😂 So our home minister <USER> meets A terrorist <USER> AmitShahSamayDo <URL> || <USER> <USER> <USER> Make it mandatory 2 year military internship for each medicos . Our country needs discipline citizens like that of SouthKorea and Japan || <USER> <USER> <USER> 😅 it's only sarcasm not for serious . Ok if you want this then I feel proud and happy for this . Btw no-one can use terrorist word for a CM but BJP ministers use Anurag thakur parvesh Verma 🙂,True,74,110,19,2,3.8947368421052633,0,0,0,0,3,0.15789473684210525,0,0,0,0,0,0,0,False,3.0
figlang_twitter,twitter,test,0,<USER> <USER> Weighing up all what's before me ... and coming up with ...,Apparently he was having a relationship with a show runner called Matthew McGreevy which went wrong . Show runner was forced from show and Philip was concerned he was about to be outed . This is clip from Matthews show reel phillipschofield <URL> || <USER> well he followed his twitter when MM was only 15yrs old ! ! || <USER> <USER> This is making my mind work overtime ... 🤔 😲 🙁,True,62,77,12,2,4.166666666666667,0,0,2,2,2,0.16666666666666666,0,0,0,0,0,0,0,False,3.0
figlang_twitter,twitter,test,0,<USER> <USER> <USER> doubt anyone will get over Theresa s 108 failure s to deliver <URL>,"At 11pm tonight , Britain will leave the European Union . After more than three years , we can finally say that we have delivered on the result of the 2016 referendum and have kept faith with the British people . || <USER> <USER> can now join her fellow 50sWomen / waspiwomen Fighting for Justice over Theft of with ZERO Personal Notifications are at the Appeal Court soon . || <USER> <USER> <USER> TM got her ring fenced parliamentary pension at 60 . They didn ' t move their pension in line with state pension age rise because they wouldn ' t have time to adjust financially . But our SP can be moved 6 years without notice and we are expected to adjust . Double standards Shame",True,114,98,15,1,4.133333333333334,0,0,0,0,4,0.26666666666666666,0,0,0,0,0,0,0,False,3.0
figlang_twitter,twitter,test,1,"<USER> <USER> ... And if be willing to bet , in your "" system "" where "" no racism "" is embedded , NO BLACK PEOPLE RESIDE , EITHER . Ignorance","Protestant denominations struggle ( among other things ) with reformation-envy , with the desire to find modernists / liberals within the church to purge . Some don't feel safe unless they can point to the liberals who need to be removed . || <USER> That's a valid consideration . Fighting for a cause provides a ton of meaning in a world desperate for purpose . Couldn't the same be said of modern social justice advocates ? Couldn't CRM-envy be producing a desire to find systemic racism where none exists ?",True,81,147,22,2,4.363636363636363,0,0,1,1,7,0.3181818181818182,0,0,2,0,0,0,0,False,2.0
figlang_twitter,twitter,test,1,"<USER> <USER> You should ask Steven Anderson ( the IFB guy that "" stalks "" <USER> and ) . I hear he knows how to speak greek .","At my house we use the word γογγύζω , bc its funny to pronounce when we are talking about grumbling . Then on sunday , pastor preached on John 6 were the people are grumbling and used the greek word . My 5 year old took notice and drew this picture of the sermon : <URL> || <USER> How do you pronounce that word in American ? 😀 || <USER> sort of like gongouzo . i think . my greek is terrible .",True,68,132,22,2,3.9545454545454546,0,0,0,0,4,0.18181818181818182,0,0,1,0,0,0,0,False,3.0
figlang_twitter,twitter,test,1,"<USER> <USER> <USER> The lovely "" liberal "" centrists . I'm sure msnbc will do a special on this Brown shirts seem to be the neolibs not so-called Bernie Bros .",Warren has been served with receipt after receipt of the ugliness of her followers and surrogates and staff on twitter today . Anybody think <USER> or <USER> will cover this ? <URL> || <USER> <USER> <USER> I keep tweeting them this . Pass it on . Collection of the ugliest tweets ever . Keepin ' It Clean - an archive project by - Google Photos <URL>,True,58,166,28,2,4.25,0,0,0,0,3,0.10714285714285714,0,0,1,0,0,0,1,False,2.0
figlang_twitter,twitter,test,1,"<USER> <USER> <USER> Soros , that great champion of Israel and borders .","I asked <USER> simply to clarify his reasoning on a hypothetical "" right to return to Israel "" for Palestinian Arabs and their descendents . And a good thing I did ! Here is his clarification : <URL> || <USER> <USER> this is code for : Soros ' Deep State minions sat me down , reprimanded me for going off book , and told me what I'm supposed to say going forward . way to get your boy back in line , E !",True,72,78,11,1,4.7272727272727275,0,0,0,0,3,0.2727272727272727,0,0,0,0,0,0,1,False,2.0
figlang_twitter,twitter,test,1,"<USER> <USER> So , you're back in 1820 and 1880 . "" Take as much land as you can , the Natives don't need it and we give a shit on them . Put them into reservation * . All's good . "" * reservation : Guantanamo or comparable . I think Trump finds a solution . e . g . : Cages will do the trick too .",Israel drawing up map for West Bank annexations : Netanyahu <URL> <URL> || <USER> Take as much land as necessary ...,True,18,302,50,9,4.02,0,0,0,0,2,0.04,0,0,2,0,0,0,0,False,2.0
figlang_twitter,twitter,test,1,"<USER> <USER> LOL 😂 😂 .. I could make a 31/01 / 20 Brexit comment on not having to worry about standardization , but it might be too soon for that ( ? ) <URL>","This is the age of the nearly-identical yet completely incompatible connector . <URL> || <USER> There ' s talk in the EU about forcing tech companies to adopt one standard . || <USER> <USER> I don ' t like that idea , I quite enjoy charger roulette",True,43,162,25,2,4.08,0,1,1,1,4,0.16,2,0,0,0,0,0,1,False,3.0
figlang_twitter,twitter,test,1,You give respect to earn respect . I wonder where mine went ? JokerKing Loner <URL>,"I never draw first blood , I believe in peace , and in Jesus Christ , but hypocrisy is hypocrisy . No matter how you flip it , so i am just gonna remain a loner . BeFree ItIsWhatItIs PleaseMindYourBusiness <URL> || Do not mistake "" courtesy "" for weakness . <URL> || And do no mistake "" diplomacy "" for "" ignorance "" . I come in peace , and i plan to keep it that way . War is a waste of my time and resources . <URL>",True,71,87,14,2,4.571428571428571,0,1,0,0,1,0.07142857142857142,0,0,0,0,0,0,0,False,3.0
figlang_twitter,twitter,test,1,"<USER> <USER> So , the picture here proves what ? That looks like a spreadsheet anyone could have made on their computer . Pete ' s evil plan here was to pay them 43K to crash the app so the results would have to be tabulated by hand ? Sure that makes sense . laughable","Three different sources say a firm called "" Shadow "" developed the Iowa Dem caucus app . They haven't responded to comment , neither has Iowa Dem Party . The firm was paid by both Nevada & Iowa Democratic Party , disclosures show . Also by Mayor Pete's campaign . || Nevada Dem federal account paid Shadow $ 58k in August , Iowa Dems state account paid Shadow $ 63,183 in two payments over Nov & Dec , suggesting app wasn't developed until just months ago ? Both caucus states . Shadow is a spin-off from PACRONYM , a new Dem dark money / superPAC hybrid . || There's no evidence Robby Mook was involved in the development of this app . David Plouffe , however , is on the board of PACRONYM and has been on cable news talking about the Iowa caucus all evening . Worth a question for him . || Huffington Post's <USER> is confirming that it was Shadow that created the app . <URL> <URL>",True,142,275,50,4,4.08,0,2,0,0,2,0.04,0,0,0,0,0,0,1,False,4.0
figlang_twitter,twitter,test,1,<USER> <USER> I'm a Chiefs fan and still know you're wrong in this one . But you're saying Giants fans are delusional ?,It ' s disrespectful I even have to tweet this TBH This is KNOWN . Giants fans hella delusional . <URL> || <USER> you have time to delete brother || <USER> Yea u right I should delete because everyone knows this besides delusional giants fans,True,41,123,21,2,4.333333333333333,0,1,0,0,2,0.09523809523809523,0,0,0,0,0,0,0,False,3.0
